dataset,target_fraction,seed,arm,radius_m,query_count,gallery_count,removed_entries,actual_entry_fraction,removed_cells,uncovered_queries,uncovered_fraction
vild,0.25,30091700,spatial,50,3920,44658,11196,0.25070536074163646,22,1074,0.2739795918367347
vild,0.25,30091700,spatial,100,3920,44658,11196,0.25070536074163646,22,699,0.17831632653061225
vild,0.25,30091700,spatial,150,3920,44658,11196,0.25070536074163646,22,393,0.10025510204081632
vild,0.25,30091700,matched_random,50,3920,44658,11196,0.25070536074163646,,1,0.00025510204081632655
vild,0.25,30091700,matched_random,100,3920,44658,11196,0.25070536074163646,,0,0.0
vild,0.25,30091700,matched_random,150,3920,44658,11196,0.25070536074163646,,0,0.0
vild,0.25,30091701,spatial,50,3920,44658,11445,0.25628106946123874,20,294,0.075
vild,0.25,30091701,spatial,100,3920,44658,11445,0.25628106946123874,20,201,0.05127551020408163
vild,0.25,30091701,spatial,150,3920,44658,11445,0.25628106946123874,20,122,0.031122448979591835
vild,0.25,30091701,matched_random,50,3920,44658,11445,0.25628106946123874,,0,0.0
vild,0.25,30091701,matched_random,100,3920,44658,11445,0.25628106946123874,,0,0.0
vild,0.25,30091701,matched_random,150,3920,44658,11445,0.25628106946123874,,0,0.0
vild,0.25,30091702,spatial,50,3920,44658,11271,0.252384791078866,19,940,0.23979591836734693
vild,0.25,30091702,spatial,100,3920,44658,11271,0.252384791078866,19,658,0.16785714285714284
vild,0.25,30091702,spatial,150,3920,44658,11271,0.252384791078866,19,433,0.1104591836734694
vild,0.25,30091702,matched_random,50,3920,44658,11271,0.252384791078866,,0,0.0
vild,0.25,30091702,matched_random,100,3920,44658,11271,0.252384791078866,,0,0.0
vild,0.25,30091702,matched_random,150,3920,44658,11271,0.252384791078866,,0,0.0
vild,0.25,30091703,spatial,50,3920,44658,11202,0.2508397151686148,19,1006,0.2566326530612245
vild,0.25,30091703,spatial,100,3920,44658,11202,0.2508397151686148,19,614,0.15663265306122448
vild,0.25,30091703,spatial,150,3920,44658,11202,0.2508397151686148,19,376,0.09591836734693877
vild,0.25,30091703,matched_random,50,3920,44658,11202,0.2508397151686148,,0,0.0
vild,0.25,30091703,matched_random,100,3920,44658,11202,0.2508397151686148,,0,0.0
vild,0.25,30091703,matched_random,150,3920,44658,11202,0.2508397151686148,,0,0.0
vild,0.25,30091704,spatial,50,3920,44658,11421,0.25574365175332525,22,634,0.16173469387755102
vild,0.25,30091704,spatial,100,3920,44658,11421,0.25574365175332525,22,378,0.09642857142857143
vild,0.25,30091704,spatial,150,3920,44658,11421,0.25574365175332525,22,217,0.055357142857142855
vild,0.25,30091704,matched_random,50,3920,44658,11421,0.25574365175332525,,0,0.0
vild,0.25,30091704,matched_random,100,3920,44658,11421,0.25574365175332525,,0,0.0
vild,0.25,30091704,matched_random,150,3920,44658,11421,0.25574365175332525,,0,0.0
vild,0.25,30091705,spatial,50,3920,44658,11739,0.2628644363831788,22,1007,0.2568877551020408
vild,0.25,30091705,spatial,100,3920,44658,11739,0.2628644363831788,22,858,0.21887755102040815
vild,0.25,30091705,spatial,150,3920,44658,11739,0.2628644363831788,22,598,0.15255102040816326
vild,0.25,30091705,matched_random,50,3920,44658,11739,0.2628644363831788,,0,0.0
vild,0.25,30091705,matched_random,100,3920,44658,11739,0.2628644363831788,,0,0.0
vild,0.25,30091705,matched_random,150,3920,44658,11739,0.2628644363831788,,0,0.0
vild,0.25,30091706,spatial,50,3920,44658,13473,0.30169286577992743,28,1017,0.25943877551020406
vild,0.25,30091706,spatial,100,3920,44658,13473,0.30169286577992743,28,664,0.16938775510204082
vild,0.25,30091706,spatial,150,3920,44658,13473,0.30169286577992743,28,437,0.1114795918367347
vild,0.25,30091706,matched_random,50,3920,44658,13473,0.30169286577992743,,1,0.00025510204081632655
vild,0.25,30091706,matched_random,100,3920,44658,13473,0.30169286577992743,,0,0.0
vild,0.25,30091706,matched_random,150,3920,44658,13473,0.30169286577992743,,0,0.0
vild,0.25,30091707,spatial,50,3920,44658,11958,0.2677683729678893,24,832,0.21224489795918366
vild,0.25,30091707,spatial,100,3920,44658,11958,0.2677683729678893,24,516,0.13163265306122449
vild,0.25,30091707,spatial,150,3920,44658,11958,0.2677683729678893,24,306,0.07806122448979592
vild,0.25,30091707,matched_random,50,3920,44658,11958,0.2677683729678893,,0,0.0
vild,0.25,30091707,matched_random,100,3920,44658,11958,0.2677683729678893,,0,0.0
vild,0.25,30091707,matched_random,150,3920,44658,11958,0.2677683729678893,,0,0.0
vild,0.25,30091708,spatial,50,3920,44658,11709,0.26219266424828697,25,590,0.15051020408163265
vild,0.25,30091708,spatial,100,3920,44658,11709,0.26219266424828697,25,448,0.11428571428571428
vild,0.25,30091708,spatial,150,3920,44658,11709,0.26219266424828697,25,321,0.08188775510204081
vild,0.25,30091708,matched_random,50,3920,44658,11709,0.26219266424828697,,0,0.0
vild,0.25,30091708,matched_random,100,3920,44658,11709,0.26219266424828697,,0,0.0
vild,0.25,30091708,matched_random,150,3920,44658,11709,0.26219266424828697,,0,0.0
vild,0.25,30091709,spatial,50,3920,44658,11337,0.2538626897756281,31,648,0.1653061224489796
vild,0.25,30091709,spatial,100,3920,44658,11337,0.2538626897756281,31,386,0.09846938775510204
vild,0.25,30091709,spatial,150,3920,44658,11337,0.2538626897756281,31,191,0.04872448979591837
vild,0.25,30091709,matched_random,50,3920,44658,11337,0.2538626897756281,,0,0.0
vild,0.25,30091709,matched_random,100,3920,44658,11337,0.2538626897756281,,0,0.0
vild,0.25,30091709,matched_random,150,3920,44658,11337,0.2538626897756281,,0,0.0
vild,0.25,30091710,spatial,50,3920,44658,11244,0.2517801961574634,28,1056,0.2693877551020408
vild,0.25,30091710,spatial,100,3920,44658,11244,0.2517801961574634,28,850,0.21683673469387754
vild,0.25,30091710,spatial,150,3920,44658,11244,0.2517801961574634,28,642,0.16377551020408163
vild,0.25,30091710,matched_random,50,3920,44658,11244,0.2517801961574634,,0,0.0
vild,0.25,30091710,matched_random,100,3920,44658,11244,0.2517801961574634,,0,0.0
vild,0.25,30091710,matched_random,150,3920,44658,11244,0.2517801961574634,,0,0.0
vild,0.25,30091711,spatial,50,3920,44658,11226,0.2513771328765283,24,539,0.1375
vild,0.25,30091711,spatial,100,3920,44658,11226,0.2513771328765283,24,294,0.075
vild,0.25,30091711,spatial,150,3920,44658,11226,0.2513771328765283,24,117,0.029846938775510205
vild,0.25,30091711,matched_random,50,3920,44658,11226,0.2513771328765283,,0,0.0
vild,0.25,30091711,matched_random,100,3920,44658,11226,0.2513771328765283,,0,0.0
vild,0.25,30091711,matched_random,150,3920,44658,11226,0.2513771328765283,,0,0.0
vild,0.25,30091712,spatial,50,3920,44658,11265,0.2522504366518877,30,890,0.22704081632653061
vild,0.25,30091712,spatial,100,3920,44658,11265,0.2522504366518877,30,696,0.17755102040816326
vild,0.25,30091712,spatial,150,3920,44658,11265,0.2522504366518877,30,574,0.14642857142857144
vild,0.25,30091712,matched_random,50,3920,44658,11265,0.2522504366518877,,0,0.0
vild,0.25,30091712,matched_random,100,3920,44658,11265,0.2522504366518877,,0,0.0
vild,0.25,30091712,matched_random,150,3920,44658,11265,0.2522504366518877,,0,0.0
vild,0.25,30091713,spatial,50,3920,44658,11754,0.26320032245062475,22,521,0.13290816326530613
vild,0.25,30091713,spatial,100,3920,44658,11754,0.26320032245062475,22,362,0.0923469387755102
vild,0.25,30091713,spatial,150,3920,44658,11754,0.26320032245062475,22,230,0.058673469387755105
vild,0.25,30091713,matched_random,50,3920,44658,11754,0.26320032245062475,,0,0.0
vild,0.25,30091713,matched_random,100,3920,44658,11754,0.26320032245062475,,0,0.0
vild,0.25,30091713,matched_random,150,3920,44658,11754,0.26320032245062475,,0,0.0
vild,0.25,30091714,spatial,50,3920,44658,12405,0.2777777777777778,29,1132,0.28877551020408165
vild,0.25,30091714,spatial,100,3920,44658,12405,0.2777777777777778,29,895,0.22831632653061223
vild,0.25,30091714,spatial,150,3920,44658,12405,0.2777777777777778,29,553,0.14107142857142857
vild,0.25,30091714,matched_random,50,3920,44658,12405,0.2777777777777778,,0,0.0
vild,0.25,30091714,matched_random,100,3920,44658,12405,0.2777777777777778,,0,0.0
vild,0.25,30091714,matched_random,150,3920,44658,12405,0.2777777777777778,,0,0.0
vild,0.25,30091715,spatial,50,3920,44658,11889,0.26622329705763803,18,1054,0.26887755102040817
vild,0.25,30091715,spatial,100,3920,44658,11889,0.26622329705763803,18,770,0.19642857142857142
vild,0.25,30091715,spatial,150,3920,44658,11889,0.26622329705763803,18,574,0.14642857142857144
vild,0.25,30091715,matched_random,50,3920,44658,11889,0.26622329705763803,,0,0.0
vild,0.25,30091715,matched_random,100,3920,44658,11889,0.26622329705763803,,0,0.0
vild,0.25,30091715,matched_random,150,3920,44658,11889,0.26622329705763803,,0,0.0
vild,0.25,30091716,spatial,50,3920,44658,11298,0.2529893860002687,21,715,0.18239795918367346
vild,0.25,30091716,spatial,100,3920,44658,11298,0.2529893860002687,21,570,0.14540816326530612
vild,0.25,30091716,spatial,150,3920,44658,11298,0.2529893860002687,21,436,0.11122448979591837
vild,0.25,30091716,matched_random,50,3920,44658,11298,0.2529893860002687,,0,0.0
vild,0.25,30091716,matched_random,100,3920,44658,11298,0.2529893860002687,,0,0.0
vild,0.25,30091716,matched_random,150,3920,44658,11298,0.2529893860002687,,0,0.0
vild,0.25,30091717,spatial,50,3920,44658,11529,0.2581620314389359,29,726,0.18520408163265306
vild,0.25,30091717,spatial,100,3920,44658,11529,0.2581620314389359,29,542,0.13826530612244897
vild,0.25,30091717,spatial,150,3920,44658,11529,0.2581620314389359,29,363,0.09260204081632653
vild,0.25,30091717,matched_random,50,3920,44658,11529,0.2581620314389359,,0,0.0
vild,0.25,30091717,matched_random,100,3920,44658,11529,0.2581620314389359,,0,0.0
vild,0.25,30091717,matched_random,150,3920,44658,11529,0.2581620314389359,,0,0.0
vild,0.25,30091718,spatial,50,3920,44658,11952,0.2676340185409109,28,757,0.1931122448979592
vild,0.25,30091718,spatial,100,3920,44658,11952,0.2676340185409109,28,609,0.15535714285714286
vild,0.25,30091718,spatial,150,3920,44658,11952,0.2676340185409109,28,405,0.10331632653061225
vild,0.25,30091718,matched_random,50,3920,44658,11952,0.2676340185409109,,0,0.0
vild,0.25,30091718,matched_random,100,3920,44658,11952,0.2676340185409109,,0,0.0
vild,0.25,30091718,matched_random,150,3920,44658,11952,0.2676340185409109,,0,0.0
vild,0.25,30091719,spatial,50,3920,44658,12483,0.27952438532849655,22,839,0.21403061224489797
vild,0.25,30091719,spatial,100,3920,44658,12483,0.27952438532849655,22,602,0.15357142857142858
vild,0.25,30091719,spatial,150,3920,44658,12483,0.27952438532849655,22,351,0.08954081632653062
vild,0.25,30091719,matched_random,50,3920,44658,12483,0.27952438532849655,,0,0.0
vild,0.25,30091719,matched_random,100,3920,44658,12483,0.27952438532849655,,0,0.0
vild,0.25,30091719,matched_random,150,3920,44658,12483,0.27952438532849655,,0,0.0
vild,0.5,30091700,spatial,50,3920,44658,22416,0.5019481391911863,48,1940,0.49489795918367346
vild,0.5,30091700,spatial,100,3920,44658,22416,0.5019481391911863,48,1506,0.38418367346938775
vild,0.5,30091700,spatial,150,3920,44658,22416,0.5019481391911863,48,1071,0.2732142857142857
vild,0.5,30091700,matched_random,50,3920,44658,22416,0.5019481391911863,,11,0.0028061224489795917
vild,0.5,30091700,matched_random,100,3920,44658,22416,0.5019481391911863,,0,0.0
vild,0.5,30091700,matched_random,150,3920,44658,22416,0.5019481391911863,,0,0.0
vild,0.5,30091701,spatial,50,3920,44658,22857,0.5118231895740964,49,1617,0.4125
vild,0.5,30091701,spatial,100,3920,44658,22857,0.5118231895740964,49,1400,0.35714285714285715
vild,0.5,30091701,spatial,150,3920,44658,22857,0.5118231895740964,49,1226,0.3127551020408163
vild,0.5,30091701,matched_random,50,3920,44658,22857,0.5118231895740964,,6,0.001530612244897959
vild,0.5,30091701,matched_random,100,3920,44658,22857,0.5118231895740964,,0,0.0
vild,0.5,30091701,matched_random,150,3920,44658,22857,0.5118231895740964,,0,0.0
vild,0.5,30091702,spatial,50,3920,44658,22359,0.5006717721348919,43,1825,0.4655612244897959
vild,0.5,30091702,spatial,100,3920,44658,22359,0.5006717721348919,43,1350,0.34438775510204084
vild,0.5,30091702,spatial,150,3920,44658,22359,0.5006717721348919,43,1023,0.26096938775510203
vild,0.5,30091702,matched_random,50,3920,44658,22359,0.5006717721348919,,1,0.00025510204081632655
vild,0.5,30091702,matched_random,100,3920,44658,22359,0.5006717721348919,,0,0.0
vild,0.5,30091702,matched_random,150,3920,44658,22359,0.5006717721348919,,0,0.0
vild,0.5,30091703,spatial,50,3920,44658,24969,0.5591159478704824,51,1721,0.439030612244898
vild,0.5,30091703,spatial,100,3920,44658,24969,0.5591159478704824,51,1280,0.32653061224489793
vild,0.5,30091703,spatial,150,3920,44658,24969,0.5591159478704824,51,930,0.2372448979591837
vild,0.5,30091703,matched_random,50,3920,44658,24969,0.5591159478704824,,2,0.0005102040816326531
vild,0.5,30091703,matched_random,100,3920,44658,24969,0.5591159478704824,,0,0.0
vild,0.5,30091703,matched_random,150,3920,44658,24969,0.5591159478704824,,0,0.0
vild,0.5,30091704,spatial,50,3920,44658,22716,0.5086658605401048,39,2114,0.5392857142857143
vild,0.5,30091704,spatial,100,3920,44658,22716,0.5086658605401048,39,1734,0.4423469387755102
vild,0.5,30091704,spatial,150,3920,44658,22716,0.5086658605401048,39,1309,0.3339285714285714
vild,0.5,30091704,matched_random,50,3920,44658,22716,0.5086658605401048,,2,0.0005102040816326531
vild,0.5,30091704,matched_random,100,3920,44658,22716,0.5086658605401048,,0,0.0
vild,0.5,30091704,matched_random,150,3920,44658,22716,0.5086658605401048,,0,0.0
vild,0.5,30091705,spatial,50,3920,44658,22602,0.5061131264275158,41,1805,0.4604591836734694
vild,0.5,30091705,spatial,100,3920,44658,22602,0.5061131264275158,41,1612,0.41122448979591836
vild,0.5,30091705,spatial,150,3920,44658,22602,0.5061131264275158,41,1400,0.35714285714285715
vild,0.5,30091705,matched_random,50,3920,44658,22602,0.5061131264275158,,4,0.0010204081632653062
vild,0.5,30091705,matched_random,100,3920,44658,22602,0.5061131264275158,,0,0.0
vild,0.5,30091705,matched_random,150,3920,44658,22602,0.5061131264275158,,0,0.0
vild,0.5,30091706,spatial,50,3920,44658,22410,0.501813784764208,48,1459,0.3721938775510204
vild,0.5,30091706,spatial,100,3920,44658,22410,0.501813784764208,48,1129,0.28801020408163264
vild,0.5,30091706,spatial,150,3920,44658,22410,0.501813784764208,48,860,0.2193877551020408
vild,0.5,30091706,matched_random,50,3920,44658,22410,0.501813784764208,,1,0.00025510204081632655
vild,0.5,30091706,matched_random,100,3920,44658,22410,0.501813784764208,,0,0.0
vild,0.5,30091706,matched_random,150,3920,44658,22410,0.501813784764208,,0,0.0
vild,0.5,30091707,spatial,50,3920,44658,22515,0.5041649872363294,48,1416,0.36122448979591837
vild,0.5,30091707,spatial,100,3920,44658,22515,0.5041649872363294,48,1060,0.27040816326530615
vild,0.5,30091707,spatial,150,3920,44658,22515,0.5041649872363294,48,795,0.20280612244897958
vild,0.5,30091707,matched_random,50,3920,44658,22515,0.5041649872363294,,4,0.0010204081632653062
vild,0.5,30091707,matched_random,100,3920,44658,22515,0.5041649872363294,,0,0.0
vild,0.5,30091707,matched_random,150,3920,44658,22515,0.5041649872363294,,0,0.0
vild,0.5,30091708,spatial,50,3920,44658,22593,0.5059115947870483,46,1229,0.3135204081632653
vild,0.5,30091708,spatial,100,3920,44658,22593,0.5059115947870483,46,964,0.24591836734693878
vild,0.5,30091708,spatial,150,3920,44658,22593,0.5059115947870483,46,746,0.1903061224489796
vild,0.5,30091708,matched_random,50,3920,44658,22593,0.5059115947870483,,7,0.0017857142857142857
vild,0.5,30091708,matched_random,100,3920,44658,22593,0.5059115947870483,,0,0.0
vild,0.5,30091708,matched_random,150,3920,44658,22593,0.5059115947870483,,0,0.0
vild,0.5,30091709,spatial,50,3920,44658,23661,0.5298266827891979,56,1695,0.43239795918367346
vild,0.5,30091709,spatial,100,3920,44658,23661,0.5298266827891979,56,1286,0.3280612244897959
vild,0.5,30091709,spatial,150,3920,44658,23661,0.5298266827891979,56,811,0.20688775510204083
vild,0.5,30091709,matched_random,50,3920,44658,23661,0.5298266827891979,,2,0.0005102040816326531
vild,0.5,30091709,matched_random,100,3920,44658,23661,0.5298266827891979,,0,0.0
vild,0.5,30091709,matched_random,150,3920,44658,23661,0.5298266827891979,,0,0.0
vild,0.5,30091710,spatial,50,3920,44658,22335,0.5001343544269784,45,1837,0.4686224489795918
vild,0.5,30091710,spatial,100,3920,44658,22335,0.5001343544269784,45,1557,0.3971938775510204
vild,0.5,30091710,spatial,150,3920,44658,22335,0.5001343544269784,45,1192,0.3040816326530612
vild,0.5,30091710,matched_random,50,3920,44658,22335,0.5001343544269784,,7,0.0017857142857142857
vild,0.5,30091710,matched_random,100,3920,44658,22335,0.5001343544269784,,0,0.0
vild,0.5,30091710,matched_random,150,3920,44658,22335,0.5001343544269784,,0,0.0
vild,0.5,30091711,spatial,50,3920,44658,22467,0.5030901518205025,48,1351,0.34464285714285714
vild,0.5,30091711,spatial,100,3920,44658,22467,0.5030901518205025,48,1008,0.2571428571428571
vild,0.5,30091711,spatial,150,3920,44658,22467,0.5030901518205025,48,781,0.19923469387755102
vild,0.5,30091711,matched_random,50,3920,44658,22467,0.5030901518205025,,11,0.0028061224489795917
vild,0.5,30091711,matched_random,100,3920,44658,22467,0.5030901518205025,,0,0.0
vild,0.5,30091711,matched_random,150,3920,44658,22467,0.5030901518205025,,0,0.0
vild,0.5,30091712,spatial,50,3920,44658,23649,0.5295579739352412,57,1642,0.4188775510204082
vild,0.5,30091712,spatial,100,3920,44658,23649,0.5295579739352412,57,1357,0.3461734693877551
vild,0.5,30091712,spatial,150,3920,44658,23649,0.5295579739352412,57,1152,0.2938775510204082
vild,0.5,30091712,matched_random,50,3920,44658,23649,0.5295579739352412,,3,0.0007653061224489796
vild,0.5,30091712,matched_random,100,3920,44658,23649,0.5295579739352412,,0,0.0
vild,0.5,30091712,matched_random,150,3920,44658,23649,0.5295579739352412,,0,0.0
vild,0.5,30091713,spatial,50,3920,44658,23046,0.5160553540239151,50,1778,0.45357142857142857
vild,0.5,30091713,spatial,100,3920,44658,23046,0.5160553540239151,50,1457,0.37168367346938774
vild,0.5,30091713,spatial,150,3920,44658,23046,0.5160553540239151,50,1149,0.2931122448979592
vild,0.5,30091713,matched_random,50,3920,44658,23046,0.5160553540239151,,7,0.0017857142857142857
vild,0.5,30091713,matched_random,100,3920,44658,23046,0.5160553540239151,,0,0.0
vild,0.5,30091713,matched_random,150,3920,44658,23046,0.5160553540239151,,0,0.0
vild,0.5,30091714,spatial,50,3920,44658,24702,0.5531371758699449,50,2124,0.5418367346938775
vild,0.5,30091714,spatial,100,3920,44658,24702,0.5531371758699449,50,1763,0.44974489795918365
vild,0.5,30091714,spatial,150,3920,44658,24702,0.5531371758699449,50,1365,0.3482142857142857
vild,0.5,30091714,matched_random,50,3920,44658,24702,0.5531371758699449,,4,0.0010204081632653062
vild,0.5,30091714,matched_random,100,3920,44658,24702,0.5531371758699449,,0,0.0
vild,0.5,30091714,matched_random,150,3920,44658,24702,0.5531371758699449,,0,0.0
vild,0.5,30091715,spatial,50,3920,44658,22839,0.5114201262931614,37,1787,0.4558673469387755
vild,0.5,30091715,spatial,100,3920,44658,22839,0.5114201262931614,37,1452,0.3704081632653061
vild,0.5,30091715,spatial,150,3920,44658,22839,0.5114201262931614,37,1248,0.3183673469387755
vild,0.5,30091715,matched_random,50,3920,44658,22839,0.5114201262931614,,4,0.0010204081632653062
vild,0.5,30091715,matched_random,100,3920,44658,22839,0.5114201262931614,,0,0.0
vild,0.5,30091715,matched_random,150,3920,44658,22839,0.5114201262931614,,0,0.0
vild,0.5,30091716,spatial,50,3920,44658,22455,0.5028214429665457,45,2274,0.5801020408163265
vild,0.5,30091716,spatial,100,3920,44658,22455,0.5028214429665457,45,1824,0.46530612244897956
vild,0.5,30091716,spatial,150,3920,44658,22455,0.5028214429665457,45,1389,0.35433673469387755
vild,0.5,30091716,matched_random,50,3920,44658,22455,0.5028214429665457,,8,0.0020408163265306124
vild,0.5,30091716,matched_random,100,3920,44658,22455,0.5028214429665457,,0,0.0
vild,0.5,30091716,matched_random,150,3920,44658,22455,0.5028214429665457,,0,0.0
vild,0.5,30091717,spatial,50,3920,44658,22353,0.5005374177079135,52,1859,0.474234693877551
vild,0.5,30091717,spatial,100,3920,44658,22353,0.5005374177079135,52,1562,0.39846938775510204
vild,0.5,30091717,spatial,150,3920,44658,22353,0.5005374177079135,52,1289,0.32882653061224487
vild,0.5,30091717,matched_random,50,3920,44658,22353,0.5005374177079135,,5,0.0012755102040816326
vild,0.5,30091717,matched_random,100,3920,44658,22353,0.5005374177079135,,0,0.0
vild,0.5,30091717,matched_random,150,3920,44658,22353,0.5005374177079135,,0,0.0
vild,0.5,30091718,spatial,50,3920,44658,22845,0.5115544807201398,52,1926,0.4913265306122449
vild,0.5,30091718,spatial,100,3920,44658,22845,0.5115544807201398,52,1616,0.4122448979591837
vild,0.5,30091718,spatial,150,3920,44658,22845,0.5115544807201398,52,1276,0.32551020408163267
vild,0.5,30091718,matched_random,50,3920,44658,22845,0.5115544807201398,,5,0.0012755102040816326
vild,0.5,30091718,matched_random,100,3920,44658,22845,0.5115544807201398,,0,0.0
vild,0.5,30091718,matched_random,150,3920,44658,22845,0.5115544807201398,,0,0.0
vild,0.5,30091719,spatial,50,3920,44658,22545,0.5048367593712213,45,1878,0.47908163265306125
vild,0.5,30091719,spatial,100,3920,44658,22545,0.5048367593712213,45,1454,0.3709183673469388
vild,0.5,30091719,spatial,150,3920,44658,22545,0.5048367593712213,45,1070,0.2729591836734694
vild,0.5,30091719,matched_random,50,3920,44658,22545,0.5048367593712213,,7,0.0017857142857142857
vild,0.5,30091719,matched_random,100,3920,44658,22545,0.5048367593712213,,0,0.0
vild,0.5,30091719,matched_random,150,3920,44658,22545,0.5048367593712213,,0,0.0
vild_09,0.25,30091700,spatial,50,12213,108060,27120,0.2509716823986674,156,2457,0.20117907148120856
vild_09,0.25,30091700,spatial,100,12213,108060,27120,0.2509716823986674,156,1763,0.14435437648407434
vild_09,0.25,30091700,spatial,150,12213,108060,27120,0.2509716823986674,156,1023,0.08376320314419061
vild_09,0.25,30091700,matched_random,50,12213,108060,27120,0.2509716823986674,,48,0.003930238270695161
vild_09,0.25,30091700,matched_random,100,12213,108060,27120,0.2509716823986674,,0,0.0
vild_09,0.25,30091700,matched_random,150,12213,108060,27120,0.2509716823986674,,0,0.0
vild_09,0.25,30091701,spatial,50,12213,108060,27264,0.2523042754025541,170,2619,0.2144436256448047
vild_09,0.25,30091701,spatial,100,12213,108060,27264,0.2523042754025541,170,1895,0.15516253172848604
vild_09,0.25,30091701,spatial,150,12213,108060,27264,0.2523042754025541,170,1141,0.09342503889298288
vild_09,0.25,30091701,matched_random,50,12213,108060,27264,0.2523042754025541,,18,0.0014738393515106854
vild_09,0.25,30091701,matched_random,100,12213,108060,27264,0.2523042754025541,,0,0.0
vild_09,0.25,30091701,matched_random,150,12213,108060,27264,0.2523042754025541,,0,0.0
vild_09,0.25,30091702,spatial,50,12213,108060,27133,0.2510919859337405,164,2749,0.22508802096127078
vild_09,0.25,30091702,spatial,100,12213,108060,27133,0.2510919859337405,164,2113,0.1730123638745599
vild_09,0.25,30091702,spatial,150,12213,108060,27133,0.2510919859337405,164,1458,0.11938098747236552
vild_09,0.25,30091702,matched_random,50,12213,108060,27133,0.2510919859337405,,48,0.003930238270695161
vild_09,0.25,30091702,matched_random,100,12213,108060,27133,0.2510919859337405,,0,0.0
vild_09,0.25,30091702,matched_random,150,12213,108060,27133,0.2510919859337405,,0,0.0
vild_09,0.25,30091703,spatial,50,12213,108060,27081,0.2506107717934481,170,2136,0.17489560304593466
vild_09,0.25,30091703,spatial,100,12213,108060,27081,0.2506107717934481,170,1547,0.12666830426594614
vild_09,0.25,30091703,spatial,150,12213,108060,27081,0.2506107717934481,170,1002,0.08204372390076148
vild_09,0.25,30091703,matched_random,50,12213,108060,27081,0.2506107717934481,,51,0.004175878162613608
vild_09,0.25,30091703,matched_random,100,12213,108060,27081,0.2506107717934481,,0,0.0
vild_09,0.25,30091703,matched_random,150,12213,108060,27081,0.2506107717934481,,0,0.0
vild_09,0.25,30091704,spatial,50,12213,108060,27168,0.2514158800666296,164,2639,0.21608122492426104
vild_09,0.25,30091704,spatial,100,12213,108060,27168,0.2514158800666296,164,1931,0.15811021043150741
vild_09,0.25,30091704,spatial,150,12213,108060,27168,0.2514158800666296,164,1383,0.11323999017440432
vild_09,0.25,30091704,matched_random,50,12213,108060,27168,0.2514158800666296,,28,0.0022926389912388437
vild_09,0.25,30091704,matched_random,100,12213,108060,27168,0.2514158800666296,,0,0.0
vild_09,0.25,30091704,matched_random,150,12213,108060,27168,0.2514158800666296,,0,0.0
vild_09,0.25,30091705,spatial,50,12213,108060,27059,0.25040718119563204,174,2522,0.20650126913944158
vild_09,0.25,30091705,spatial,100,12213,108060,27059,0.25040718119563204,174,1825,0.14943093425038892
vild_09,0.25,30091705,spatial,150,12213,108060,27059,0.25040718119563204,174,1077,0.08818472119872267
vild_09,0.25,30091705,matched_random,50,12213,108060,27059,0.25040718119563204,,45,0.0036845983787767134
vild_09,0.25,30091705,matched_random,100,12213,108060,27059,0.25040718119563204,,0,0.0
vild_09,0.25,30091705,matched_random,150,12213,108060,27059,0.25040718119563204,,0,0.0
vild_09,0.25,30091706,spatial,50,12213,108060,27041,0.2502406070701462,166,2603,0.21313354622123967
vild_09,0.25,30091706,spatial,100,12213,108060,27041,0.2502406070701462,166,2132,0.17456808319004338
vild_09,0.25,30091706,spatial,150,12213,108060,27041,0.2502406070701462,166,1565,0.12814214361745682
vild_09,0.25,30091706,matched_random,50,12213,108060,27041,0.2502406070701462,,24,0.0019651191353475803
vild_09,0.25,30091706,matched_random,100,12213,108060,27041,0.2502406070701462,,0,0.0
vild_09,0.25,30091706,matched_random,150,12213,108060,27041,0.2502406070701462,,0,0.0
vild_09,0.25,30091707,spatial,50,12213,108060,27148,0.2512307977049787,156,2933,0.2401539343322689
vild_09,0.25,30091707,spatial,100,12213,108060,27148,0.2512307977049787,156,2234,0.1829198395152706
vild_09,0.25,30091707,spatial,150,12213,108060,27148,0.2512307977049787,156,1368,0.11201179071481208
vild_09,0.25,30091707,matched_random,50,12213,108060,27148,0.2512307977049787,,19,0.0015557193154835012
vild_09,0.25,30091707,matched_random,100,12213,108060,27148,0.2512307977049787,,0,0.0
vild_09,0.25,30091707,matched_random,150,12213,108060,27148,0.2512307977049787,,0,0.0
vild_09,0.25,30091708,spatial,50,12213,108060,27180,0.2515269294836202,163,2445,0.20019651191353477
vild_09,0.25,30091708,spatial,100,12213,108060,27180,0.2515269294836202,163,1889,0.15467125194464915
vild_09,0.25,30091708,spatial,150,12213,108060,27180,0.2515269294836202,163,1189,0.09735527716367805
vild_09,0.25,30091708,matched_random,50,12213,108060,27180,0.2515269294836202,,39,0.0031933185949398184
vild_09,0.25,30091708,matched_random,100,12213,108060,27180,0.2515269294836202,,0,0.0
vild_09,0.25,30091708,matched_random,150,12213,108060,27180,0.2515269294836202,,0,0.0
vild_09,0.25,30091709,spatial,50,12213,108060,27272,0.25237830834721453,165,2592,0.21223286661753868
vild_09,0.25,30091709,spatial,100,12213,108060,27272,0.25237830834721453,165,1854,0.1518054532056006
vild_09,0.25,30091709,spatial,150,12213,108060,27272,0.25237830834721453,165,1189,0.09735527716367805
vild_09,0.25,30091709,matched_random,50,12213,108060,27272,0.25237830834721453,,24,0.0019651191353475803
vild_09,0.25,30091709,matched_random,100,12213,108060,27272,0.25237830834721453,,0,0.0
vild_09,0.25,30091709,matched_random,150,12213,108060,27272,0.25237830834721453,,0,0.0
vild_09,0.25,30091710,spatial,50,12213,108060,27220,0.2518970942069221,170,2315,0.1895521165970687
vild_09,0.25,30091710,spatial,100,12213,108060,27220,0.2518970942069221,170,1772,0.14509129615982969
vild_09,0.25,30091710,spatial,150,12213,108060,27220,0.2518970942069221,170,1133,0.09276999918120037
vild_09,0.25,30091710,matched_random,50,12213,108060,27220,0.2518970942069221,,39,0.0031933185949398184
vild_09,0.25,30091710,matched_random,100,12213,108060,27220,0.2518970942069221,,0,0.0
vild_09,0.25,30091710,matched_random,150,12213,108060,27220,0.2518970942069221,,0,0.0
vild_09,0.25,30091711,spatial,50,12213,108060,27043,0.2502591153063113,167,2171,0.1777614017849832
vild_09,0.25,30091711,spatial,100,12213,108060,27043,0.2502591153063113,167,1521,0.12453942520265292
vild_09,0.25,30091711,spatial,150,12213,108060,27043,0.2502591153063113,167,880,0.07205436829607795
vild_09,0.25,30091711,matched_random,50,12213,108060,27043,0.2502591153063113,,26,0.002128879063293212
vild_09,0.25,30091711,matched_random,100,12213,108060,27043,0.2502591153063113,,0,0.0
vild_09,0.25,30091711,matched_random,150,12213,108060,27043,0.2502591153063113,,0,0.0
vild_09,0.25,30091712,spatial,50,12213,108060,27041,0.2502406070701462,167,2980,0.24400229263899123
vild_09,0.25,30091712,spatial,100,12213,108060,27041,0.2502406070701462,167,2206,0.18062720052403178
vild_09,0.25,30091712,spatial,150,12213,108060,27041,0.2502406070701462,167,1448,0.11856218783263735
vild_09,0.25,30091712,matched_random,50,12213,108060,27041,0.2502406070701462,,11,0.0009006796037009743
vild_09,0.25,30091712,matched_random,100,12213,108060,27041,0.2502406070701462,,0,0.0
vild_09,0.25,30091712,matched_random,150,12213,108060,27041,0.2502406070701462,,0,0.0
vild_09,0.25,30091713,spatial,50,12213,108060,27129,0.2510549694614103,172,2485,0.2034717104724474
vild_09,0.25,30091713,spatial,100,12213,108060,27129,0.2510549694614103,172,1815,0.14861213461066078
vild_09,0.25,30091713,spatial,150,12213,108060,27129,0.2510549694614103,172,1357,0.1111111111111111
vild_09,0.25,30091713,matched_random,50,12213,108060,27129,0.2510549694614103,,21,0.0017194792434291329
vild_09,0.25,30091713,matched_random,100,12213,108060,27129,0.2510549694614103,,0,0.0
vild_09,0.25,30091713,matched_random,150,12213,108060,27129,0.2510549694614103,,0,0.0
vild_09,0.25,30091714,spatial,50,12213,108060,27216,0.2518600777345919,163,2445,0.20019651191353477
vild_09,0.25,30091714,spatial,100,12213,108060,27216,0.2518600777345919,163,1666,0.13641201997871122
vild_09,0.25,30091714,spatial,150,12213,108060,27216,0.2518600777345919,163,1136,0.09301563907311881
vild_09,0.25,30091714,matched_random,50,12213,108060,27216,0.2518600777345919,,25,0.0020469990993203964
vild_09,0.25,30091714,matched_random,100,12213,108060,27216,0.2518600777345919,,0,0.0
vild_09,0.25,30091714,matched_random,150,12213,108060,27216,0.2518600777345919,,0,0.0
vild_09,0.25,30091715,spatial,50,12213,108060,27110,0.25087914121784194,170,2473,0.2024891509047736
vild_09,0.25,30091715,spatial,100,12213,108060,27110,0.25087914121784194,170,1828,0.14967657414230737
vild_09,0.25,30091715,spatial,150,12213,108060,27110,0.25087914121784194,170,1193,0.0976827970195693
vild_09,0.25,30091715,matched_random,50,12213,108060,27110,0.25087914121784194,,31,0.0025382788831572914
vild_09,0.25,30091715,matched_random,100,12213,108060,27110,0.25087914121784194,,0,0.0
vild_09,0.25,30091715,matched_random,150,12213,108060,27110,0.25087914121784194,,0,0.0
vild_09,0.25,30091716,spatial,50,12213,108060,27200,0.25171201184527114,166,3157,0.2584950462621796
vild_09,0.25,30091716,spatial,100,12213,108060,27200,0.25171201184527114,166,2212,0.18111848030786867
vild_09,0.25,30091716,spatial,150,12213,108060,27200,0.25171201184527114,166,1398,0.11446818963399656
vild_09,0.25,30091716,matched_random,50,12213,108060,27200,0.25171201184527114,,39,0.0031933185949398184
vild_09,0.25,30091716,matched_random,100,12213,108060,27200,0.25171201184527114,,0,0.0
vild_09,0.25,30091716,matched_random,150,12213,108060,27200,0.25171201184527114,,0,0.0
vild_09,0.25,30091717,spatial,50,12213,108060,27163,0.2513696094762169,170,2527,0.20691066895930565
vild_09,0.25,30091717,spatial,100,12213,108060,27163,0.2513696094762169,170,1816,0.14869401457463358
vild_09,0.25,30091717,spatial,150,12213,108060,27163,0.2513696094762169,170,1159,0.09489887824449357
vild_09,0.25,30091717,matched_random,50,12213,108060,27163,0.2513696094762169,,42,0.0034389584868582657
vild_09,0.25,30091717,matched_random,100,12213,108060,27163,0.2513696094762169,,0,0.0
vild_09,0.25,30091717,matched_random,150,12213,108060,27163,0.2513696094762169,,0,0.0
vild_09,0.25,30091718,spatial,50,12213,108060,27312,0.2527484730705164,174,2528,0.20699254892327848
vild_09,0.25,30091718,spatial,100,12213,108060,27312,0.2527484730705164,174,1794,0.14689265536723164
vild_09,0.25,30091718,spatial,150,12213,108060,27312,0.2527484730705164,174,1246,0.10202243511012855
vild_09,0.25,30091718,matched_random,50,12213,108060,27312,0.2527484730705164,,39,0.0031933185949398184
vild_09,0.25,30091718,matched_random,100,12213,108060,27312,0.2527484730705164,,0,0.0
vild_09,0.25,30091718,matched_random,150,12213,108060,27312,0.2527484730705164,,0,0.0
vild_09,0.25,30091719,spatial,50,12213,108060,27087,0.2506662965019434,166,2354,0.1927454351920085
vild_09,0.25,30091719,spatial,100,12213,108060,27087,0.2506662965019434,166,1724,0.14116105788913452
vild_09,0.25,30091719,spatial,150,12213,108060,27087,0.2506662965019434,166,1150,0.09416195856873823
vild_09,0.25,30091719,matched_random,50,12213,108060,27087,0.2506662965019434,,30,0.0024563989191844758
vild_09,0.25,30091719,matched_random,100,12213,108060,27087,0.2506662965019434,,0,0.0
vild_09,0.25,30091719,matched_random,150,12213,108060,27087,0.2506662965019434,,0,0.0
vild_09,0.5,30091700,spatial,50,12213,108060,54117,0.5008051082731816,317,5414,0.44329812494882503
vild_09,0.5,30091700,spatial,100,12213,108060,54117,0.5008051082731816,317,4357,0.35675100302955864
vild_09,0.5,30091700,spatial,150,12213,108060,54117,0.5008051082731816,317,3137,0.25685744698272334
vild_09,0.5,30091700,matched_random,50,12213,108060,54117,0.5008051082731816,,247,0.020224351101285516
vild_09,0.5,30091700,matched_random,100,12213,108060,54117,0.5008051082731816,,0,0.0
vild_09,0.5,30091700,matched_random,150,12213,108060,54117,0.5008051082731816,,0,0.0
vild_09,0.5,30091701,spatial,50,12213,108060,54050,0.5001850823616509,332,5882,0.4816179480881028
vild_09,0.5,30091701,spatial,100,12213,108060,54050,0.5001850823616509,332,4960,0.40612462130516663
vild_09,0.5,30091701,spatial,150,12213,108060,54050,0.5001850823616509,332,3928,0.3216244984852207
vild_09,0.5,30091701,matched_random,50,12213,108060,54050,0.5001850823616509,,222,0.01817735200196512
vild_09,0.5,30091701,matched_random,100,12213,108060,54050,0.5001850823616509,,0,0.0
vild_09,0.5,30091701,matched_random,150,12213,108060,54050,0.5001850823616509,,0,0.0
vild_09,0.5,30091702,spatial,50,12213,108060,54038,0.5000740329446604,329,5848,0.4788340293130271
vild_09,0.5,30091702,spatial,100,12213,108060,54038,0.5000740329446604,329,4963,0.4063702611970851
vild_09,0.5,30091702,spatial,150,12213,108060,54038,0.5000740329446604,329,3984,0.32620977646769833
vild_09,0.5,30091702,matched_random,50,12213,108060,54038,0.5000740329446604,,332,0.027184148038974863
vild_09,0.5,30091702,matched_random,100,12213,108060,54038,0.5000740329446604,,0,0.0
vild_09,0.5,30091702,matched_random,150,12213,108060,54038,0.5000740329446604,,0,0.0
vild_09,0.5,30091703,spatial,50,12213,108060,54108,0.5007218212104386,326,5593,0.45795463849995904
vild_09,0.5,30091703,spatial,100,12213,108060,54108,0.5007218212104386,326,4590,0.37582903463522477
vild_09,0.5,30091703,spatial,150,12213,108060,54108,0.5007218212104386,326,3365,0.27552607876852536
vild_09,0.5,30091703,matched_random,50,12213,108060,54108,0.5007218212104386,,337,0.02759354785883894
vild_09,0.5,30091703,matched_random,100,12213,108060,54108,0.5007218212104386,,0,0.0
vild_09,0.5,30091703,matched_random,150,12213,108060,54108,0.5007218212104386,,0,0.0
vild_09,0.5,30091704,spatial,50,12213,108060,54158,0.501184527114566,328,5913,0.48415622697126015
vild_09,0.5,30091704,spatial,100,12213,108060,54158,0.501184527114566,328,4716,0.38614591009579957
vild_09,0.5,30091704,spatial,150,12213,108060,54158,0.501184527114566,328,3568,0.29214771145500695
vild_09,0.5,30091704,matched_random,50,12213,108060,54158,0.501184527114566,,330,0.02702038811102923
vild_09,0.5,30091704,matched_random,100,12213,108060,54158,0.501184527114566,,0,0.0
vild_09,0.5,30091704,matched_random,150,12213,108060,54158,0.501184527114566,,0,0.0
vild_09,0.5,30091705,spatial,50,12213,108060,54409,0.5035073107532853,345,5353,0.4383034471464833
vild_09,0.5,30091705,spatial,100,12213,108060,54409,0.5035073107532853,345,4257,0.3485630066322771
vild_09,0.5,30091705,spatial,150,12213,108060,54409,0.5035073107532853,345,3075,0.25178088921640873
vild_09,0.5,30091705,matched_random,50,12213,108060,54409,0.5035073107532853,,386,0.03160566609350692
vild_09,0.5,30091705,matched_random,100,12213,108060,54409,0.5035073107532853,,3,0.00024563989191844754
vild_09,0.5,30091705,matched_random,150,12213,108060,54409,0.5035073107532853,,0,0.0
vild_09,0.5,30091706,spatial,50,12213,108060,54152,0.5011290024060707,332,4921,0.4029313027102268
vild_09,0.5,30091706,spatial,100,12213,108060,54152,0.5011290024060707,332,4142,0.33914681077540326
vild_09,0.5,30091706,spatial,150,12213,108060,54152,0.5011290024060707,332,3279,0.2684844018668632
vild_09,0.5,30091706,matched_random,50,12213,108060,54152,0.5011290024060707,,322,0.026365348399246705
vild_09,0.5,30091706,matched_random,100,12213,108060,54152,0.5011290024060707,,0,0.0
vild_09,0.5,30091706,matched_random,150,12213,108060,54152,0.5011290024060707,,0,0.0
vild_09,0.5,30091707,spatial,50,12213,108060,54131,0.5009346659263372,327,5443,0.44567264390403666
vild_09,0.5,30091707,spatial,100,12213,108060,54131,0.5009346659263372,327,4418,0.36174568083190045
vild_09,0.5,30091707,spatial,150,12213,108060,54131,0.5009346659263372,327,3232,0.2646360435601408
vild_09,0.5,30091707,matched_random,50,12213,108060,54131,0.5009346659263372,,263,0.02153443052485057
vild_09,0.5,30091707,matched_random,100,12213,108060,54131,0.5009346659263372,,3,0.00024563989191844754
vild_09,0.5,30091707,matched_random,150,12213,108060,54131,0.5009346659263372,,0,0.0
vild_09,0.5,30091708,spatial,50,12213,108060,54170,0.5012955765315565,325,5508,0.4509948415622697
vild_09,0.5,30091708,spatial,100,12213,108060,54170,0.5012955765315565,325,4543,0.3719806763285024
vild_09,0.5,30091708,spatial,150,12213,108060,54170,0.5012955765315565,325,3377,0.27650863833619915
vild_09,0.5,30091708,matched_random,50,12213,108060,54170,0.5012955765315565,,297,0.02431834929992631
vild_09,0.5,30091708,matched_random,100,12213,108060,54170,0.5012955765315565,,0,0.0
vild_09,0.5,30091708,matched_random,150,12213,108060,54170,0.5012955765315565,,0,0.0
vild_09,0.5,30091709,spatial,50,12213,108060,54072,0.500388672959467,324,5736,0.46966347334807174
vild_09,0.5,30091709,spatial,100,12213,108060,54072,0.500388672959467,324,4458,0.36502087939081307
vild_09,0.5,30091709,spatial,150,12213,108060,54072,0.500388672959467,324,3142,0.25726684680258743
vild_09,0.5,30091709,matched_random,50,12213,108060,54072,0.500388672959467,,297,0.02431834929992631
vild_09,0.5,30091709,matched_random,100,12213,108060,54072,0.500388672959467,,0,0.0
vild_09,0.5,30091709,matched_random,150,12213,108060,54072,0.500388672959467,,0,0.0
vild_09,0.5,30091710,spatial,50,12213,108060,54172,0.5013140847677217,336,4799,0.39294194710554325
vild_09,0.5,30091710,spatial,100,12213,108060,54172,0.5013140847677217,336,3912,0.3203144190616556
vild_09,0.5,30091710,spatial,150,12213,108060,54172,0.5013140847677217,336,2849,0.23327601735855236
vild_09,0.5,30091710,matched_random,50,12213,108060,54172,0.5013140847677217,,360,0.029476787030213707
vild_09,0.5,30091710,matched_random,100,12213,108060,54172,0.5013140847677217,,0,0.0
vild_09,0.5,30091710,matched_random,150,12213,108060,54172,0.5013140847677217,,0,0.0
vild_09,0.5,30091711,spatial,50,12213,108060,54180,0.501388117712382,337,5256,0.4303610906411201
vild_09,0.5,30091711,spatial,100,12213,108060,54180,0.501388117712382,337,4278,0.3502824858757062
vild_09,0.5,30091711,spatial,150,12213,108060,54180,0.501388117712382,337,3263,0.26717432244329814
vild_09,0.5,30091711,matched_random,50,12213,108060,54180,0.501388117712382,,317,0.025955948579382625
vild_09,0.5,30091711,matched_random,100,12213,108060,54180,0.501388117712382,,0,0.0
vild_09,0.5,30091711,matched_random,150,12213,108060,54180,0.501388117712382,,0,0.0
vild_09,0.5,30091712,spatial,50,12213,108060,54184,0.5014251341847122,337,5770,0.47244739212314746
vild_09,0.5,30091712,spatial,100,12213,108060,54184,0.5014251341847122,337,4590,0.37582903463522477
vild_09,0.5,30091712,spatial,150,12213,108060,54184,0.5014251341847122,337,3408,0.2790469172193564
vild_09,0.5,30091712,matched_random,50,12213,108060,54184,0.5014251341847122,,275,0.02251699009252436
vild_09,0.5,30091712,matched_random,100,12213,108060,54184,0.5014251341847122,,0,0.0
vild_09,0.5,30091712,matched_random,150,12213,108060,54184,0.5014251341847122,,0,0.0
vild_09,0.5,30091713,spatial,50,12213,108060,54209,0.5016564871367759,346,5519,0.4518955211659707
vild_09,0.5,30091713,spatial,100,12213,108060,54209,0.5016564871367759,346,4452,0.3645295996069762
vild_09,0.5,30091713,spatial,150,12213,108060,54209,0.5016564871367759,346,3604,0.2950953901580283
vild_09,0.5,30091713,matched_random,50,12213,108060,54209,0.5016564871367759,,402,0.03291574551707197
vild_09,0.5,30091713,matched_random,100,12213,108060,54209,0.5016564871367759,,3,0.00024563989191844754
vild_09,0.5,30091713,matched_random,150,12213,108060,54209,0.5016564871367759,,0,0.0
vild_09,0.5,30091714,spatial,50,12213,108060,54157,0.5011752729964835,335,5114,0.41873413575698026
vild_09,0.5,30091714,spatial,100,12213,108060,54157,0.5011752729964835,335,4012,0.3285024154589372
vild_09,0.5,30091714,spatial,150,12213,108060,54157,0.5011752729964835,335,2904,0.23777941537705724
vild_09,0.5,30091714,matched_random,50,12213,108060,54157,0.5011752729964835,,289,0.02366330958814378
vild_09,0.5,30091714,matched_random,100,12213,108060,54157,0.5011752729964835,,0,0.0
vild_09,0.5,30091714,matched_random,150,12213,108060,54157,0.5011752729964835,,0,0.0
vild_09,0.5,30091715,spatial,50,12213,108060,54061,0.5002868776605589,337,5611,0.45942847785146973
vild_09,0.5,30091715,spatial,100,12213,108060,54061,0.5002868776605589,337,4411,0.3611725210840907
vild_09,0.5,30091715,spatial,150,12213,108060,54061,0.5002868776605589,337,3285,0.26897568165070007
vild_09,0.5,30091715,matched_random,50,12213,108060,54061,0.5002868776605589,,313,0.025628428723491362
vild_09,0.5,30091715,matched_random,100,12213,108060,54061,0.5002868776605589,,2,0.00016375992794563171
vild_09,0.5,30091715,matched_random,150,12213,108060,54061,0.5002868776605589,,0,0.0
vild_09,0.5,30091716,spatial,50,12213,108060,54039,0.500083287062743,324,5883,0.4816998280520757
vild_09,0.5,30091716,spatial,100,12213,108060,54039,0.500083287062743,324,4775,0.3909768279701957
vild_09,0.5,30091716,spatial,150,12213,108060,54039,0.500083287062743,324,3518,0.28805371325636614
vild_09,0.5,30091716,matched_random,50,12213,108060,54039,0.500083287062743,,316,0.02587406861540981
vild_09,0.5,30091716,matched_random,100,12213,108060,54039,0.500083287062743,,2,0.00016375992794563171
vild_09,0.5,30091716,matched_random,150,12213,108060,54039,0.500083287062743,,0,0.0
vild_09,0.5,30091717,spatial,50,12213,108060,54235,0.5018970942069221,339,5771,0.47252927208712026
vild_09,0.5,30091717,spatial,100,12213,108060,54235,0.5018970942069221,339,4805,0.39343322688938015
vild_09,0.5,30091717,spatial,150,12213,108060,54235,0.5018970942069221,339,3777,0.3092606239253255
vild_09,0.5,30091717,matched_random,50,12213,108060,54235,0.5018970942069221,,306,0.025055268975681652
vild_09,0.5,30091717,matched_random,100,12213,108060,54235,0.5018970942069221,,0,0.0
vild_09,0.5,30091717,matched_random,150,12213,108060,54235,0.5018970942069221,,0,0.0
vild_09,0.5,30091718,spatial,50,12213,108060,54143,0.5010457153433278,339,5382,0.4406779661016949
vild_09,0.5,30091718,spatial,100,12213,108060,54143,0.5010457153433278,339,4275,0.35003684598378776
vild_09,0.5,30091718,spatial,150,12213,108060,54143,0.5010457153433278,339,3234,0.26479980348808646
vild_09,0.5,30091718,matched_random,50,12213,108060,54143,0.5010457153433278,,334,0.027347907966920496
vild_09,0.5,30091718,matched_random,100,12213,108060,54143,0.5010457153433278,,0,0.0
vild_09,0.5,30091718,matched_random,150,12213,108060,54143,0.5010457153433278,,0,0.0
vild_09,0.5,30091719,spatial,50,12213,108060,54219,0.5017490283176014,329,5848,0.4788340293130271
vild_09,0.5,30091719,spatial,100,12213,108060,54219,0.5017490283176014,329,5072,0.415295177270122
vild_09,0.5,30091719,spatial,150,12213,108060,54219,0.5017490283176014,329,3957,0.3239990174404323
vild_09,0.5,30091719,matched_random,50,12213,108060,54219,0.5017490283176014,,344,0.028166707606648654
vild_09,0.5,30091719,matched_random,100,12213,108060,54219,0.5017490283176014,,0,0.0
vild_09,0.5,30091719,matched_random,150,12213,108060,54219,0.5017490283176014,,0,0.0
