dataset,arm,fraction,scope,method,regime,feasible_masks,useful10_masks,nonempty_masks,mean_answered,mean_errors,mean_correct,mean_created_errors,mean_inherited_errors,mean_risk
university,target,0.25,pooled,current_su,budget10,20,8,20,85.0,0.4,84.6,0.35,0.05,0.004705882352941176
university,target,0.25,pooled,current_su,budget25,20,20,20,213.0,3.95,209.05,1.5,2.45,0.01854460093896714
university,target,0.25,pooled,current_su,budget50,20,20,20,426.0,13.15,412.85,6.35,6.8,0.030868544600938973
university,target,0.25,pooled,current_su,full_frozen,20,0,20,846.45,242.55,603.9,193.15,49.4,0.2865460260603178
university,target,0.25,pooled,current_su,matched,20,15,20,616.45,56.0,560.45,39.4,16.6,0.09056347393087737
university,target,0.25,pooled,current_su_guard,budget10,20,6,20,85.0,0.05,84.95,0.0,0.05,0.000588235294117647
university,target,0.25,pooled,current_su_guard,budget25,20,20,20,213.0,2.5,210.5,0.0,2.5,0.011737089201877934
university,target,0.25,pooled,current_su_guard,budget50,20,20,20,426.0,7.0,419.0,0.0,7.0,0.01643192488262911
university,target,0.25,pooled,current_su_guard,full_frozen,20,20,20,641.8,43.2,598.6,0.0,43.2,0.06728467641997517
university,target,0.25,pooled,current_su_guard,matched,20,20,20,641.15,42.55,598.6,0.0,42.55,0.06633460711468073
university,target,0.25,pooled,old_su,budget10,20,0,20,85.0,21.1,63.9,21.1,0.0,0.2482352941176471
university,target,0.25,pooled,old_su,budget25,20,0,20,213.0,50.05,162.95,50.05,0.0,0.23497652582159628
university,target,0.25,pooled,old_su,budget50,20,0,20,426.0,105.9,320.1,99.95,5.95,0.2485915492957746
university,target,0.25,pooled,old_su,full_frozen,20,0,20,852.0,248.1,603.9,198.4,49.7,0.29119718309859155
university,target,0.25,pooled,old_su,matched,0,0,0,0.0,0.0,0.0,0.0,0.0,
university,target,0.25,pooled,old_su_guard,budget10,20,8,20,85.0,0.0,85.0,0.0,0.0,0.0
university,target,0.25,pooled,old_su_guard,budget25,20,20,20,213.0,2.35,210.65,0.0,2.35,0.011032863849765259
university,target,0.25,pooled,old_su_guard,budget50,20,20,20,426.0,6.5,419.5,0.0,6.5,0.015258215962441313
university,target,0.25,pooled,old_su_guard,full_frozen,20,20,20,641.8,43.2,598.6,0.0,43.2,0.06728467641997517
university,target,0.25,pooled,old_su_guard,matched,20,20,20,641.25,42.65,598.6,0.0,42.65,0.06648232902257782
university,target,0.25,pooled,current_margin,budget10,20,9,20,85.0,0.95,84.05,0.75,0.2,0.011176470588235293
university,target,0.25,pooled,current_margin,budget25,20,20,20,213.0,3.55,209.45,1.8,1.75,0.01666666666666667
university,target,0.25,pooled,current_margin,budget50,20,20,20,426.0,10.3,415.7,7.2,3.1,0.02417840375586855
university,target,0.25,pooled,current_margin,full_frozen,20,0,20,852.0,248.1,603.9,198.4,49.7,0.29119718309859155
university,target,0.25,pooled,current_margin,matched,20,9,20,606.5,61.15,545.35,49.9,11.25,0.100368347250305
university,target,0.25,pooled,current_margin_guard,budget10,20,9,20,85.0,0.2,84.8,0.0,0.2,0.002352941176470588
university,target,0.25,pooled,current_margin_guard,budget25,20,20,20,213.0,1.75,211.25,0.0,1.75,0.008215962441314555
university,target,0.25,pooled,current_margin_guard,budget50,20,20,20,426.0,3.15,422.85,0.0,3.15,0.0073943661971831
university,target,0.25,pooled,current_margin_guard,full_frozen,20,20,20,641.8,43.2,598.6,0.0,43.2,0.06728467641997517
university,target,0.25,pooled,current_margin_guard,matched,20,20,20,640.9,42.75,598.15,0.0,42.75,0.06667275488339804
university,target,0.25,pooled,old_margin_guard,budget10,20,0,20,85.0,0.0,85.0,0.0,0.0,0.0
university,target,0.25,pooled,old_margin_guard,budget25,20,20,20,213.0,0.0,213.0,0.0,0.0,0.0
university,target,0.25,pooled,old_margin_guard,budget50,20,20,20,426.0,0.85,425.15,0.0,0.85,0.001995305164319249
university,target,0.25,pooled,old_margin_guard,full_frozen,20,20,20,641.8,43.2,598.6,0.0,43.2,0.06728467641997517
university,target,0.25,pooled,old_margin_guard,matched,20,20,20,640.3,42.45,597.85,0.0,42.45,0.06626463185500688
university,target,0.25,pooled,sq8_margin_guard,budget10,20,0,20,85.0,0.0,85.0,0.0,0.0,0.0
university,target,0.25,pooled,sq8_margin_guard,budget25,20,20,20,213.0,0.0,213.0,0.0,0.0,0.0
university,target,0.25,pooled,sq8_margin_guard,budget50,20,20,20,426.0,0.85,425.15,0.0,0.85,0.001995305164319249
university,target,0.25,pooled,sq8_margin_guard,full_frozen,20,20,20,631.75,37.25,594.5,0.0,37.25,0.05891703510606873
university,target,0.25,pooled,sq8_margin_guard,matched,20,20,20,630.7,36.65,594.05,0.0,36.65,0.05806189307844726
university,control,0.25,pooled,current_su,budget10,20,19,20,85.0,0.0,85.0,0.0,0.0,0.0
university,control,0.25,pooled,current_su,budget25,20,20,20,213.0,0.55,212.45,0.0,0.55,0.0025821596244131454
university,control,0.25,pooled,current_su,budget50,20,20,20,426.0,5.4,420.6,0.0,5.4,0.01267605633802817
university,control,0.25,pooled,current_su,full_frozen,20,20,20,852.0,53.65,798.35,0.0,53.65,0.06296948356807512
university,control,0.25,pooled,current_su,matched,20,20,20,851.95,53.6,798.35,0.0,53.6,0.06291445303233423
university,control,0.25,pooled,current_su_guard,budget10,20,19,20,85.0,0.0,85.0,0.0,0.0,0.0
university,control,0.25,pooled,current_su_guard,budget25,20,20,20,213.0,0.65,212.35,0.0,0.65,0.0030516431924882625
university,control,0.25,pooled,current_su_guard,budget50,20,20,20,426.0,5.4,420.6,0.0,5.4,0.01267605633802817
university,control,0.25,pooled,current_su_guard,full_frozen,20,20,20,849.15,52.15,797.0,0.0,52.15,0.061413149181989125
university,control,0.25,pooled,current_su_guard,matched,20,20,20,849.1,52.1,797.0,0.0,52.1,0.061357798269706075
university,control,0.25,pooled,old_su,budget10,20,20,20,85.0,0.0,85.0,0.0,0.0,0.0
university,control,0.25,pooled,old_su,budget25,20,20,20,213.0,0.0,213.0,0.0,0.0,0.0
university,control,0.25,pooled,old_su,budget50,20,20,20,426.0,6.4,419.6,0.0,6.4,0.015023474178403756
university,control,0.25,pooled,old_su,full_frozen,20,20,20,852.0,53.65,798.35,0.0,53.65,0.06296948356807512
university,control,0.25,pooled,old_su,matched,20,20,20,852.0,53.65,798.35,0.0,53.65,0.06296948356807512
university,control,0.25,pooled,old_su_guard,budget10,20,20,20,85.0,0.0,85.0,0.0,0.0,0.0
university,control,0.25,pooled,old_su_guard,budget25,20,20,20,213.0,0.0,213.0,0.0,0.0,0.0
university,control,0.25,pooled,old_su_guard,budget50,20,20,20,426.0,6.4,419.6,0.0,6.4,0.015023474178403756
university,control,0.25,pooled,old_su_guard,full_frozen,20,20,20,849.15,52.15,797.0,0.0,52.15,0.061413149181989125
university,control,0.25,pooled,old_su_guard,matched,20,20,20,849.15,52.15,797.0,0.0,52.15,0.061413149181989125
university,control,0.25,pooled,current_margin,budget10,20,20,20,85.0,0.0,85.0,0.0,0.0,0.0
university,control,0.25,pooled,current_margin,budget25,20,20,20,213.0,0.0,213.0,0.0,0.0,0.0
university,control,0.25,pooled,current_margin,budget50,20,20,20,426.0,1.0,425.0,0.0,1.0,0.002347417840375587
university,control,0.25,pooled,current_margin,full_frozen,20,20,20,852.0,53.65,798.35,0.0,53.65,0.06296948356807512
university,control,0.25,pooled,current_margin,matched,20,20,20,847.5,51.4,796.1,0.0,51.4,0.06064537342256852
university,control,0.25,pooled,current_margin_guard,budget10,20,20,20,85.0,0.0,85.0,0.0,0.0,0.0
university,control,0.25,pooled,current_margin_guard,budget25,20,20,20,213.0,0.0,213.0,0.0,0.0,0.0
university,control,0.25,pooled,current_margin_guard,budget50,20,20,20,426.0,1.0,425.0,0.0,1.0,0.002347417840375587
university,control,0.25,pooled,current_margin_guard,full_frozen,20,20,20,849.15,52.15,797.0,0.0,52.15,0.061413149181989125
university,control,0.25,pooled,current_margin_guard,matched,20,20,20,844.65,49.9,794.75,0.0,49.9,0.05907220082174608
university,control,0.25,pooled,old_margin_guard,budget10,20,20,20,85.0,0.0,85.0,0.0,0.0,0.0
university,control,0.25,pooled,old_margin_guard,budget25,20,20,20,213.0,0.0,213.0,0.0,0.0,0.0
university,control,0.25,pooled,old_margin_guard,budget50,20,20,20,426.0,1.0,425.0,0.0,1.0,0.002347417840375587
university,control,0.25,pooled,old_margin_guard,full_frozen,20,20,20,849.15,52.15,797.0,0.0,52.15,0.061413149181989125
university,control,0.25,pooled,old_margin_guard,matched,20,20,20,849.15,52.15,797.0,0.0,52.15,0.061413149181989125
university,control,0.25,pooled,sq8_margin_guard,budget10,20,20,20,85.0,0.0,85.0,0.0,0.0,0.0
university,control,0.25,pooled,sq8_margin_guard,budget25,20,20,20,213.0,0.0,213.0,0.0,0.0,0.0
university,control,0.25,pooled,sq8_margin_guard,budget50,20,20,20,426.0,1.0,425.0,0.0,1.0,0.002347417840375587
university,control,0.25,pooled,sq8_margin_guard,full_frozen,20,20,20,844.15,49.15,795.0,0.0,49.15,0.05822070892243666
university,control,0.25,pooled,sq8_margin_guard,matched,20,20,20,839.65,46.9,792.75,0.0,46.9,0.055848641410530996
university,target,0.5,pooled,current_su,budget10,20,0,20,85.0,1.6,83.4,0.8,0.8,0.018823529411764708
university,target,0.5,pooled,current_su,budget25,20,20,20,213.0,8.45,204.55,4.45,4.0,0.039671361502347416
university,target,0.5,pooled,current_su,budget50,20,0,20,426.0,62.65,363.35,51.0,11.65,0.14706572769953055
university,target,0.5,pooled,current_su,full_frozen,20,0,20,842.25,437.8,404.45,389.95,47.85,0.5197894364250587
university,target,0.5,pooled,current_su,matched,20,18,20,331.3,25.35,305.95,18.3,7.05,0.07607090897079652
university,target,0.5,pooled,current_su_guard,budget10,20,0,20,85.0,0.8,84.2,0.0,0.8,0.009411764705882352
university,target,0.5,pooled,current_su_guard,budget25,20,20,20,213.0,4.05,208.95,0.0,4.05,0.019014084507042256
university,target,0.5,pooled,current_su_guard,budget50,11,11,11,426.0,28.0,398.0,0.0,28.0,0.06572769953051644
university,target,0.5,pooled,current_su_guard,full_frozen,20,20,20,427.75,30.0,397.75,0.0,30.0,0.06997282687613109
university,target,0.5,pooled,current_su_guard,matched,20,20,20,426.5,28.85,397.65,0.0,28.85,0.06747617431999438
university,target,0.5,pooled,old_su,budget10,20,0,20,85.0,42.1,42.9,42.1,0.0,0.4952941176470588
university,target,0.5,pooled,old_su,budget25,20,0,20,213.0,104.05,108.95,104.05,0.0,0.4884976525821596
university,target,0.5,pooled,old_su,budget50,20,0,20,426.0,210.9,215.1,205.05,5.85,0.4950704225352113
university,target,0.5,pooled,old_su,full_frozen,20,0,20,852.0,447.55,404.45,399.25,48.3,0.5252934272300469
university,target,0.5,pooled,old_su,matched,0,0,0,0.0,0.0,0.0,0.0,0.0,
university,target,0.5,pooled,old_su_guard,budget10,20,0,20,85.0,0.0,85.0,0.0,0.0,0.0
university,target,0.5,pooled,old_su_guard,budget25,20,20,20,213.0,3.8,209.2,0.0,3.8,0.01784037558685446
university,target,0.5,pooled,old_su_guard,budget50,11,11,11,426.0,27.636363636363637,398.3636363636364,0.0,27.636363636363637,0.06487409304310712
university,target,0.5,pooled,old_su_guard,full_frozen,20,20,20,427.75,30.0,397.75,0.0,30.0,0.06997282687613109
university,target,0.5,pooled,old_su_guard,matched,20,20,20,426.9,29.15,397.75,0.0,29.15,0.06810492692237821
university,target,0.5,pooled,current_margin,budget10,20,0,20,85.0,1.75,83.25,1.2,0.55,0.020588235294117647
university,target,0.5,pooled,current_margin,budget25,20,20,20,213.0,6.5,206.5,4.55,1.95,0.030516431924882636
university,target,0.5,pooled,current_margin,budget50,20,0,20,426.0,70.2,355.8,63.3,6.9,0.16478873239436614
university,target,0.5,pooled,current_margin,full_frozen,20,0,20,852.0,447.55,404.45,399.25,48.3,0.5252934272300469
university,target,0.5,pooled,current_margin,matched,20,13,20,341.15,28.7,312.45,25.2,3.5,0.08297895210537207
university,target,0.5,pooled,current_margin_guard,budget10,20,0,20,85.0,0.6,84.4,0.0,0.6,0.007058823529411765
university,target,0.5,pooled,current_margin_guard,budget25,20,20,20,213.0,2.05,210.95,0.0,2.05,0.009624413145539907
university,target,0.5,pooled,current_margin_guard,budget50,11,11,11,426.0,28.818181818181817,397.1818181818182,0.0,28.818181818181817,0.06764831412718737
university,target,0.5,pooled,current_margin_guard,full_frozen,20,20,20,427.75,30.0,397.75,0.0,30.0,0.06997282687613109
university,target,0.5,pooled,current_margin_guard,matched,20,20,20,426.35,29.05,397.3,0.0,29.05,0.06799430643468612
university,target,0.5,pooled,old_margin_guard,budget10,20,0,20,85.0,0.0,85.0,0.0,0.0,0.0
university,target,0.5,pooled,old_margin_guard,budget25,20,20,20,213.0,0.4,212.6,0.0,0.4,0.0018779342723004694
university,target,0.5,pooled,old_margin_guard,budget50,11,11,11,426.0,29.181818181818183,396.8181818181818,0.0,29.181818181818183,0.06850192061459667
university,target,0.5,pooled,old_margin_guard,full_frozen,20,20,20,427.75,30.0,397.75,0.0,30.0,0.06997282687613109
university,target,0.5,pooled,old_margin_guard,matched,20,20,20,425.45,28.75,396.7,0.0,28.75,0.06746943280176504
university,target,0.5,pooled,sq8_margin_guard,budget10,20,0,20,85.0,0.0,85.0,0.0,0.0,0.0
university,target,0.5,pooled,sq8_margin_guard,budget25,20,20,20,213.0,0.4,212.6,0.0,0.4,0.0018779342723004694
university,target,0.5,pooled,sq8_margin_guard,budget50,2,2,2,426.0,26.0,400.0,0.0,26.0,0.06103286384976526
university,target,0.5,pooled,sq8_margin_guard,full_frozen,20,20,20,415.5,22.85,392.65,0.0,22.85,0.054836480900394335
university,target,0.5,pooled,sq8_margin_guard,matched,20,20,20,414.05,21.85,392.2,0.0,21.85,0.05264804582113608
sues,target,0.25,pooled,current_su,budget10,20,20,20,142.0,0.0,142.0,0.0,0.0,0.0
sues,target,0.25,pooled,current_su,budget25,20,20,20,357.0,0.85,356.15,0.45,0.4,0.0023809523809523807
sues,target,0.25,pooled,current_su,budget50,20,20,20,714.0,32.75,681.25,11.8,20.95,0.045868347338935564
sues,target,0.25,pooled,current_su,full_frozen,20,0,20,1097.4,246.95,850.45,117.8,129.15,0.22486142661082015
sues,target,0.25,pooled,current_su,matched,20,17,20,806.35,68.9,737.45,28.15,40.75,0.08409451741976902
sues,target,0.25,pooled,current_su_guard,budget10,20,20,20,142.0,0.0,142.0,0.0,0.0,0.0
sues,target,0.25,pooled,current_su_guard,budget25,20,20,20,357.0,0.4,356.6,0.0,0.4,0.0011204481792717086
sues,target,0.25,pooled,current_su_guard,budget50,20,20,20,714.0,23.2,690.8,0.0,23.2,0.03249299719887955
sues,target,0.25,pooled,current_su_guard,full_frozen,20,0,20,965.65,123.55,842.1,0.0,123.55,0.12793369660609294
sues,target,0.25,pooled,current_su_guard,matched,20,19,20,850.35,66.8,783.55,0.0,66.8,0.07816932411800154
sues,target,0.25,pooled,old_su,budget10,20,1,20,142.0,36.15,105.85,36.15,0.0,0.2545774647887324
sues,target,0.25,pooled,old_su,budget25,20,0,20,357.0,90.25,266.75,90.25,0.0,0.2528011204481792
sues,target,0.25,pooled,old_su,budget50,20,0,20,714.0,182.8,531.2,178.8,4.0,0.2560224089635854
sues,target,0.25,pooled,old_su,full_frozen,20,0,20,1227.0,390.8,836.2,277.5,113.3,0.31850040749796255
sues,target,0.25,pooled,old_su,matched,8,0,8,70.9,17.65,53.25,17.65,0.0,0.2798303008502565
sues,target,0.25,pooled,old_su_guard,budget10,20,20,20,142.0,0.0,142.0,0.0,0.0,0.0
sues,target,0.25,pooled,old_su_guard,budget25,20,20,20,357.0,0.2,356.8,0.0,0.2,0.0005602240896358543
sues,target,0.25,pooled,old_su_guard,budget50,20,20,20,714.0,21.4,692.6,0.0,21.4,0.029971988795518205
sues,target,0.25,pooled,old_su_guard,full_frozen,20,3,20,930.4,103.9,826.5,0.0,103.9,0.11163076555746379
sues,target,0.25,pooled,old_su_guard,matched,20,17,20,871.7,76.5,795.2,0.0,76.5,0.08757574375651997
sues,target,0.25,pooled,current_margin,budget10,20,20,20,142.0,0.0,142.0,0.0,0.0,0.0
sues,target,0.25,pooled,current_margin,budget25,20,20,20,357.0,0.55,356.45,0.5,0.05,0.0015406162464985994
sues,target,0.25,pooled,current_margin,budget50,20,20,20,714.0,43.2,670.8,21.15,22.05,0.06050420168067226
sues,target,0.25,pooled,current_margin,full_frozen,20,0,20,1305.1,428.6,876.5,231.5,197.1,0.3283905116637547
sues,target,0.25,pooled,current_margin,matched,20,9,20,826.95,91.1,735.85,47.05,44.05,0.10758814869899003
sues,target,0.25,pooled,current_margin_guard,budget10,20,20,20,142.0,0.0,142.0,0.0,0.0,0.0
sues,target,0.25,pooled,current_margin_guard,budget25,20,20,20,357.0,0.05,356.95,0.0,0.05,0.00014005602240896358
sues,target,0.25,pooled,current_margin_guard,budget50,20,20,20,714.0,26.5,687.5,0.0,26.5,0.03711484593837535
sues,target,0.25,pooled,current_margin_guard,full_frozen,20,0,20,1040.7,178.0,862.7,0.0,178.0,0.1709431781859542
sues,target,0.25,pooled,current_margin_guard,matched,20,0,20,944.15,111.2,832.95,0.0,111.2,0.11768494560896288
sues,target,0.25,pooled,old_margin_guard,budget10,20,20,20,142.0,0.0,142.0,0.0,0.0,0.0
sues,target,0.25,pooled,old_margin_guard,budget25,20,20,20,357.0,0.15,356.85,0.0,0.15,0.00042016806722689073
sues,target,0.25,pooled,old_margin_guard,budget50,20,20,20,714.0,21.1,692.9,0.0,21.1,0.029551820728291316
sues,target,0.25,pooled,old_margin_guard,full_frozen,20,0,20,1027.9,167.75,860.15,0.0,167.75,0.1630811355413591
sues,target,0.25,pooled,old_margin_guard,matched,20,5,20,942.9,107.7,835.2,0.0,107.7,0.11377634807324792
sues,target,0.25,pooled,sq8_margin_guard,budget10,20,20,20,142.0,0.0,142.0,0.0,0.0,0.0
sues,target,0.25,pooled,sq8_margin_guard,budget25,20,20,20,357.0,0.2,356.8,0.0,0.2,0.0005602240896358543
sues,target,0.25,pooled,sq8_margin_guard,budget50,20,20,20,714.0,21.05,692.95,0.0,21.05,0.029481792717086834
sues,target,0.25,pooled,sq8_margin_guard,full_frozen,20,0,20,999.45,148.15,851.3,0.0,148.15,0.14805619804734524
sues,target,0.25,pooled,sq8_margin_guard,matched,20,3,20,964.95,123.75,841.2,0.0,123.75,0.12771261598640476
sues,target,0.25,150,current_su,budget10,20,20,20,35.0,0.0,35.0,0.0,0.0,0.0
sues,target,0.25,150,current_su,budget25,20,19,20,89.0,5.25,83.75,0.5,4.75,0.0589887640449438
sues,target,0.25,150,current_su,budget50,20,0,20,178.0,29.6,148.4,6.4,23.2,0.16629213483146066
sues,target,0.25,150,current_su,full_frozen,20,0,20,177.05,28.7,148.35,6.1,22.6,0.16212266256920801
sues,target,0.25,150,current_su,matched,20,16,20,121.25,10.9,110.35,1.3,9.6,0.08820625783605293
sues,target,0.25,150,current_su_guard,budget10,20,20,20,35.0,0.0,35.0,0.0,0.0,0.0
sues,target,0.25,150,current_su_guard,budget25,20,20,20,89.0,4.75,84.25,0.0,4.75,0.05337078651685392
sues,target,0.25,150,current_su_guard,budget50,20,0,20,178.0,26.1,151.9,0.0,26.1,0.14662921348314606
sues,target,0.25,150,current_su_guard,full_frozen,20,0,20,170.7,22.4,148.3,0.0,22.4,0.13134597158710368
sues,target,0.25,150,current_su_guard,matched,20,17,20,130.3,11.45,118.85,0.0,11.45,0.08650956523702275
sues,target,0.25,150,old_su,budget10,20,2,20,35.0,9.45,25.55,9.45,0.0,0.27
sues,target,0.25,150,old_su,budget25,20,0,20,89.0,24.0,65.0,22.0,2.0,0.2696629213483146
sues,target,0.25,150,old_su,budget50,20,0,20,178.0,54.25,123.75,41.7,12.55,0.30477528089887646
sues,target,0.25,150,old_su,full_frozen,20,0,20,208.0,66.1,141.9,47.55,18.55,0.3177884615384615
sues,target,0.25,150,old_su,matched,9,0,9,19.7,5.05,14.65,5.05,0.0,0.2610188261351052
sues,target,0.25,150,old_su_guard,budget10,20,20,20,35.0,0.05,34.95,0.0,0.05,0.0014285714285714286
sues,target,0.25,150,old_su_guard,budget25,20,20,20,89.0,4.2,84.8,0.0,4.2,0.04719101123595506
sues,target,0.25,150,old_su_guard,budget50,20,0,20,178.0,26.5,151.5,0.0,26.5,0.14887640449438203
sues,target,0.25,150,old_su_guard,full_frozen,20,2,20,158.95,17.5,141.45,0.0,17.5,0.11015653134376173
sues,target,0.25,150,old_su_guard,matched,20,20,20,129.05,9.7,119.35,0.0,9.7,0.0747579445892755
sues,target,0.25,150,current_margin,budget10,20,20,20,35.0,0.0,35.0,0.0,0.0,0.0
sues,target,0.25,150,current_margin,budget25,20,20,20,89.0,3.35,85.65,0.25,3.1,0.037640449438202245
sues,target,0.25,150,current_margin,budget50,20,0,20,178.0,29.1,148.9,7.2,21.9,0.16348314606741576
sues,target,0.25,150,current_margin,full_frozen,20,0,20,191.25,37.05,154.2,10.1,26.95,0.19340608896951642
sues,target,0.25,150,current_margin,matched,20,16,20,116.85,9.2,107.65,1.45,7.75,0.0721964914215488
sues,target,0.25,150,current_margin_guard,budget10,20,20,20,35.0,0.0,35.0,0.0,0.0,0.0
sues,target,0.25,150,current_margin_guard,budget25,20,20,20,89.0,3.1,85.9,0.0,3.1,0.03483146067415731
sues,target,0.25,150,current_margin_guard,budget50,20,0,20,178.0,25.2,152.8,0.0,25.2,0.14157303370786517
sues,target,0.25,150,current_margin_guard,full_frozen,20,0,20,179.1,25.75,153.35,0.0,25.75,0.14367551555497593
sues,target,0.25,150,current_margin_guard,matched,20,8,20,142.35,14.65,127.7,0.0,14.65,0.09640988877112315
sues,target,0.25,150,old_margin_guard,budget10,20,20,20,35.0,0.0,35.0,0.0,0.0,0.0
sues,target,0.25,150,old_margin_guard,budget25,20,20,20,89.0,2.45,86.55,0.0,2.45,0.02752808988764045
sues,target,0.25,150,old_margin_guard,budget50,20,1,20,178.0,24.15,153.85,0.0,24.15,0.13567415730337082
sues,target,0.25,150,old_margin_guard,full_frozen,20,3,20,169.6,20.25,149.35,0.0,20.25,0.11949803962747003
sues,target,0.25,150,old_margin_guard,matched,20,10,20,161.3,16.8,144.5,0.0,16.8,0.10265322955595216
sues,target,0.25,150,sq8_margin_guard,budget10,20,20,20,35.0,0.0,35.0,0.0,0.0,0.0
sues,target,0.25,150,sq8_margin_guard,budget25,20,20,20,89.0,1.9,87.1,0.0,1.9,0.021348314606741574
sues,target,0.25,150,sq8_margin_guard,budget50,20,1,20,178.0,24.1,153.9,0.0,24.1,0.1353932584269663
sues,target,0.25,150,sq8_margin_guard,full_frozen,20,4,20,163.35,17.65,145.7,0.0,17.65,0.10811994530298333
sues,target,0.25,150,sq8_margin_guard,matched,20,10,20,163.95,18.6,145.35,0.0,18.6,0.11123104095677343
sues,target,0.25,200,current_su,budget10,20,20,20,35.0,0.0,35.0,0.0,0.0,0.0
sues,target,0.25,200,current_su,budget25,20,20,20,89.0,0.15,88.85,0.1,0.05,0.0016853932584269663
sues,target,0.25,200,current_su,budget50,20,20,20,178.0,11.35,166.65,4.15,7.2,0.06376404494382022
sues,target,0.25,200,current_su,full_frozen,20,0,20,232.65,39.35,193.3,15.75,23.6,0.16893823094122182
sues,target,0.25,200,current_su,matched,20,14,20,191.1,16.5,174.6,7.0,9.5,0.0851587840559957
sues,target,0.25,200,current_su_guard,budget10,20,20,20,35.0,0.0,35.0,0.0,0.0,0.0
sues,target,0.25,200,current_su_guard,budget25,20,20,20,89.0,0.05,88.95,0.0,0.05,0.0005617977528089887
sues,target,0.25,200,current_su_guard,budget50,20,20,20,178.0,8.2,169.8,0.0,8.2,0.046067415730337076
sues,target,0.25,200,current_su_guard,full_frozen,20,5,20,214.45,22.9,191.55,0.0,22.9,0.10676516486511514
sues,target,0.25,200,current_su_guard,matched,20,17,20,194.85,13.85,181.0,0.0,13.85,0.07032913959181468
sues,target,0.25,200,old_su,budget10,20,0,20,35.0,8.55,26.45,8.55,0.0,0.24428571428571427
sues,target,0.25,200,old_su,budget25,20,0,20,89.0,22.0,67.0,22.0,0.0,0.24719101123595505
sues,target,0.25,200,old_su,budget50,20,0,20,178.0,45.1,132.9,44.1,1.0,0.25337078651685396
sues,target,0.25,200,old_su,full_frozen,20,0,20,272.0,84.0,188.0,63.85,20.15,0.3088235294117647
sues,target,0.25,200,old_su,matched,5,0,5,18.4,4.55,13.85,4.55,0.0,0.2545021745703188
sues,target,0.25,200,old_su_guard,budget10,20,20,20,35.0,0.0,35.0,0.0,0.0,0.0
sues,target,0.25,200,old_su_guard,budget25,20,20,20,89.0,0.0,89.0,0.0,0.0,0.0
sues,target,0.25,200,old_su_guard,budget50,20,20,20,178.0,7.8,170.2,0.0,7.8,0.04382022471910112
sues,target,0.25,200,old_su_guard,full_frozen,20,17,20,204.45,18.3,186.15,0.0,18.3,0.08947722320633125
sues,target,0.25,200,old_su_guard,matched,20,20,20,202.85,17.45,185.4,0.0,17.45,0.08604638568250685
sues,target,0.25,200,current_margin,budget10,20,20,20,35.0,0.0,35.0,0.0,0.0,0.0
sues,target,0.25,200,current_margin,budget25,20,20,20,89.0,1.0,88.0,0.05,0.95,0.011235955056179775
sues,target,0.25,200,current_margin,budget50,20,13,20,178.0,15.3,162.7,7.45,7.85,0.08595505617977528
sues,target,0.25,200,current_margin,full_frozen,20,0,20,325.6,113.35,212.25,57.95,55.4,0.3480520327177448
sues,target,0.25,200,current_margin,matched,20,7,20,196.1,23.6,172.5,11.5,12.1,0.11750741894015655
sues,target,0.25,200,current_margin_guard,budget10,20,20,20,35.0,0.0,35.0,0.0,0.0,0.0
sues,target,0.25,200,current_margin_guard,budget25,20,20,20,89.0,0.95,88.05,0.0,0.95,0.010674157303370787
sues,target,0.25,200,current_margin_guard,budget50,20,20,20,178.0,10.2,167.8,0.0,10.2,0.05730337078651685
sues,target,0.25,200,current_margin_guard,full_frozen,20,0,20,257.15,49.45,207.7,0.0,49.45,0.1921388747198487
sues,target,0.25,200,current_margin_guard,matched,20,5,20,229.9,30.95,198.95,0.0,30.95,0.13311499374053132
sues,target,0.25,200,old_margin_guard,budget10,20,20,20,35.0,0.0,35.0,0.0,0.0,0.0
sues,target,0.25,200,old_margin_guard,budget25,20,20,20,89.0,0.95,88.05,0.0,0.95,0.010674157303370787
sues,target,0.25,200,old_margin_guard,budget50,20,20,20,178.0,8.95,169.05,0.0,8.95,0.0502808988764045
sues,target,0.25,200,old_margin_guard,full_frozen,20,0,20,253.85,46.8,207.05,0.0,46.8,0.1841223544061999
sues,target,0.25,200,old_margin_guard,matched,20,0,20,244.5,39.05,205.45,0.0,39.05,0.15940238181490463
sues,target,0.25,200,sq8_margin_guard,budget10,20,20,20,35.0,0.0,35.0,0.0,0.0,0.0
sues,target,0.25,200,sq8_margin_guard,budget25,20,20,20,89.0,0.85,88.15,0.0,0.85,0.009550561797752809
sues,target,0.25,200,sq8_margin_guard,budget50,20,20,20,178.0,8.3,169.7,0.0,8.3,0.04662921348314607
sues,target,0.25,200,sq8_margin_guard,full_frozen,20,0,20,245.5,41.65,203.85,0.0,41.65,0.16938156486452888
sues,target,0.25,200,sq8_margin_guard,matched,20,0,20,236.9,35.0,201.9,0.0,35.0,0.1474272525658537
sues,target,0.25,250,current_su,budget10,20,20,20,35.0,0.0,35.0,0.0,0.0,0.0
sues,target,0.25,250,current_su,budget25,20,20,20,89.0,0.15,88.85,0.15,0.0,0.0016853932584269663
sues,target,0.25,250,current_su,budget50,20,20,20,178.0,3.65,174.35,1.75,1.9,0.02050561797752809
sues,target,0.25,250,current_su,full_frozen,20,0,20,300.8,69.5,231.3,41.25,28.25,0.23090967824214936
sues,target,0.25,250,current_su,matched,20,12,20,226.35,21.3,205.05,9.7,11.6,0.09237668674858703
sues,target,0.25,250,current_su_guard,budget10,20,20,20,35.0,0.0,35.0,0.0,0.0,0.0
sues,target,0.25,250,current_su_guard,budget25,20,20,20,89.0,0.0,89.0,0.0,0.0,0.0
sues,target,0.25,250,current_su_guard,budget50,20,20,20,178.0,2.3,175.7,0.0,2.3,0.012921348314606743
sues,target,0.25,250,current_su_guard,full_frozen,20,6,20,255.15,27.5,227.65,0.0,27.5,0.10772144233769414
sues,target,0.25,250,current_su_guard,matched,20,16,20,237.1,19.7,217.4,0.0,19.7,0.08246674718355375
sues,target,0.25,250,old_su,budget10,20,0,20,35.0,9.7,25.3,9.7,0.0,0.2771428571428571
sues,target,0.25,250,old_su,budget25,20,0,20,89.0,22.4,66.6,22.4,0.0,0.251685393258427
sues,target,0.25,250,old_su,budget50,20,0,20,178.0,44.75,133.25,44.75,0.0,0.2514044943820225
sues,target,0.25,250,old_su,full_frozen,20,0,20,328.0,100.7,227.3,74.9,25.8,0.3070121951219512
sues,target,0.25,250,old_su,matched,3,0,3,13.1,2.9,10.2,2.9,0.0,0.2193120226656812
sues,target,0.25,250,old_su_guard,budget10,20,20,20,35.0,0.0,35.0,0.0,0.0,0.0
sues,target,0.25,250,old_su_guard,budget25,20,20,20,89.0,0.0,89.0,0.0,0.0,0.0
sues,target,0.25,250,old_su_guard,budget50,20,20,20,178.0,1.4,176.6,0.0,1.4,0.007865168539325841
sues,target,0.25,250,old_su_guard,full_frozen,20,11,20,248.25,24.15,224.1,0.0,24.15,0.09723077854691722
sues,target,0.25,250,old_su_guard,matched,20,16,20,241.05,21.05,220.0,0.0,21.05,0.08697556842160262
sues,target,0.25,250,current_margin,budget10,20,20,20,35.0,0.0,35.0,0.0,0.0,0.0
sues,target,0.25,250,current_margin,budget25,20,20,20,89.0,0.1,88.9,0.1,0.0,0.0011235955056179774
sues,target,0.25,250,current_margin,budget50,20,20,20,178.0,5.05,172.95,3.4,1.65,0.028370786516853937
sues,target,0.25,250,current_margin,full_frozen,20,0,20,346.55,111.7,234.85,70.65,41.05,0.32232029828133857
sues,target,0.25,250,current_margin,matched,20,7,20,227.85,27.0,200.85,16.3,10.7,0.11420586872731893
sues,target,0.25,250,current_margin_guard,budget10,20,20,20,35.0,0.0,35.0,0.0,0.0,0.0
sues,target,0.25,250,current_margin_guard,budget25,20,20,20,89.0,0.0,89.0,0.0,0.0,0.0
sues,target,0.25,250,current_margin_guard,budget50,20,20,20,178.0,2.1,175.9,0.0,2.1,0.011797752808988763
sues,target,0.25,250,current_margin_guard,full_frozen,20,0,20,267.65,37.0,230.65,0.0,37.0,0.13810109987752622
sues,target,0.25,250,current_margin_guard,matched,20,1,20,260.4,31.4,229.0,0.0,31.4,0.12030903460813133
sues,target,0.25,250,old_margin_guard,budget10,20,20,20,35.0,0.0,35.0,0.0,0.0,0.0
sues,target,0.25,250,old_margin_guard,budget25,20,20,20,89.0,0.0,89.0,0.0,0.0,0.0
sues,target,0.25,250,old_margin_guard,budget50,20,20,20,178.0,1.1,176.9,0.0,1.1,0.006179775280898876
sues,target,0.25,250,old_margin_guard,full_frozen,20,0,20,266.35,36.1,230.25,0.0,36.1,0.1354431097677051
sues,target,0.25,250,old_margin_guard,matched,20,0,20,262.2,32.3,229.9,0.0,32.3,0.123080053019662
sues,target,0.25,250,sq8_margin_guard,budget10,20,20,20,35.0,0.0,35.0,0.0,0.0,0.0
sues,target,0.25,250,sq8_margin_guard,budget25,20,20,20,89.0,0.0,89.0,0.0,0.0,0.0
sues,target,0.25,250,sq8_margin_guard,budget50,20,20,20,178.0,1.05,176.95,0.0,1.05,0.0058988764044943815
sues,target,0.25,250,sq8_margin_guard,full_frozen,20,3,20,258.45,30.4,228.05,0.0,30.4,0.11754081676689943
sues,target,0.25,250,sq8_margin_guard,matched,20,5,20,255.7,27.9,227.8,0.0,27.9,0.10897665686145382
sues,target,0.25,300,current_su,budget10,20,20,20,35.0,0.0,35.0,0.0,0.0,0.0
sues,target,0.25,300,current_su,budget25,20,20,20,89.0,0.0,89.0,0.0,0.0,0.0
sues,target,0.25,300,current_su,budget50,20,20,20,178.0,0.5,177.5,0.5,0.0,0.0028089887640449437
sues,target,0.25,300,current_su,full_frozen,20,0,20,349.6,98.5,251.1,77.0,21.5,0.2816364072666049
sues,target,0.25,300,current_su,matched,20,12,20,255.95,24.05,231.9,17.9,6.15,0.09062547410184231
sues,target,0.25,300,current_su_guard,budget10,20,20,20,35.0,0.0,35.0,0.0,0.0,0.0
sues,target,0.25,300,current_su_guard,budget25,20,20,20,89.0,0.0,89.0,0.0,0.0,0.0
sues,target,0.25,300,current_su_guard,budget50,20,20,20,178.0,0.0,178.0,0.0,0.0,0.0
sues,target,0.25,300,current_su_guard,full_frozen,20,20,20,270.55,20.4,250.15,0.0,20.4,0.07536377905181081
sues,target,0.25,300,current_su_guard,matched,20,20,20,266.85,17.4,249.45,0.0,17.4,0.06501500484914818
sues,target,0.25,300,old_su,budget10,20,1,20,35.0,8.25,26.75,8.25,0.0,0.2357142857142857
sues,target,0.25,300,old_su,budget25,20,0,20,89.0,22.6,66.4,22.6,0.0,0.2539325842696629
sues,target,0.25,300,old_su,budget50,20,0,20,178.0,44.4,133.6,44.4,0.0,0.249438202247191
sues,target,0.25,300,old_su,full_frozen,20,0,20,356.0,104.9,251.1,83.85,21.05,0.2946629213483146
sues,target,0.25,300,old_su,matched,5,0,5,20.35,4.7,15.65,4.7,0.0,0.23458168753903724
sues,target,0.25,300,old_su_guard,budget10,20,20,20,35.0,0.0,35.0,0.0,0.0,0.0
sues,target,0.25,300,old_su_guard,budget25,20,20,20,89.0,0.0,89.0,0.0,0.0,0.0
sues,target,0.25,300,old_su_guard,budget50,20,20,20,178.0,0.0,178.0,0.0,0.0,0.0
sues,target,0.25,300,old_su_guard,full_frozen,20,20,20,269.85,19.7,250.15,0.0,19.7,0.07296542572669448
sues,target,0.25,300,old_su_guard,matched,20,20,20,268.25,18.65,249.6,0.0,18.65,0.06941137673134028
sues,target,0.25,300,current_margin,budget10,20,20,20,35.0,0.0,35.0,0.0,0.0,0.0
sues,target,0.25,300,current_margin,budget25,20,20,20,89.0,0.0,89.0,0.0,0.0,0.0
sues,target,0.25,300,current_margin,budget50,20,20,20,178.0,0.95,177.05,0.9,0.05,0.0053370786516853935
sues,target,0.25,300,current_margin,full_frozen,20,0,20,350.45,99.45,251.0,77.7,21.75,0.2837638873400218
sues,target,0.25,300,current_margin,matched,20,9,20,253.55,26.25,227.3,20.5,5.75,0.09963504993699945
sues,target,0.25,300,current_margin_guard,budget10,20,20,20,35.0,0.0,35.0,0.0,0.0,0.0
sues,target,0.25,300,current_margin_guard,budget25,20,20,20,89.0,0.0,89.0,0.0,0.0,0.0
sues,target,0.25,300,current_margin_guard,budget50,20,20,20,178.0,0.05,177.95,0.0,0.05,0.00028089887640449435
sues,target,0.25,300,current_margin_guard,full_frozen,20,20,20,270.65,20.5,250.15,0.0,20.5,0.07569557026665338
sues,target,0.25,300,current_margin_guard,matched,20,20,20,269.3,19.7,249.6,0.0,19.7,0.07305541633637726
sues,target,0.25,300,old_margin_guard,budget10,20,20,20,35.0,0.0,35.0,0.0,0.0,0.0
sues,target,0.25,300,old_margin_guard,budget25,20,20,20,89.0,0.0,89.0,0.0,0.0,0.0
sues,target,0.25,300,old_margin_guard,budget50,20,20,20,178.0,0.0,178.0,0.0,0.0,0.0
sues,target,0.25,300,old_margin_guard,full_frozen,20,20,20,270.65,20.5,250.15,0.0,20.5,0.07569557026665338
sues,target,0.25,300,old_margin_guard,matched,20,20,20,268.9,19.35,249.55,0.0,19.35,0.07182522931285255
sues,target,0.25,300,sq8_margin_guard,budget10,20,20,20,35.0,0.0,35.0,0.0,0.0,0.0
sues,target,0.25,300,sq8_margin_guard,budget25,20,20,20,89.0,0.0,89.0,0.0,0.0,0.0
sues,target,0.25,300,sq8_margin_guard,budget50,20,20,20,178.0,0.0,178.0,0.0,0.0,0.0
sues,target,0.25,300,sq8_margin_guard,full_frozen,20,20,20,267.0,18.85,248.15,0.0,18.85,0.0705513174407516
sues,target,0.25,300,sq8_margin_guard,matched,20,20,20,265.9,18.1,247.8,0.0,18.1,0.06795798773749487
sues,control,0.25,pooled,current_su,budget10,20,20,20,142.0,0.0,142.0,0.0,0.0,0.0
sues,control,0.25,pooled,current_su,budget25,20,20,20,357.0,0.0,357.0,0.0,0.0,0.0
sues,control,0.25,pooled,current_su,budget50,20,20,20,714.0,1.95,712.05,0.0,1.95,0.0027310924369747898
sues,control,0.25,pooled,current_su,full_frozen,20,20,20,1262.05,112.6,1149.45,0.0,112.6,0.0892156250814408
sues,control,0.25,pooled,current_su,matched,20,1,20,1381.55,190.25,1191.3,0.0,190.25,0.13713687096044036
sues,control,0.25,pooled,current_su_guard,budget10,20,20,20,142.0,0.0,142.0,0.0,0.0,0.0
sues,control,0.25,pooled,current_su_guard,budget25,20,20,20,357.0,0.0,357.0,0.0,0.0,0.0
sues,control,0.25,pooled,current_su_guard,budget50,20,20,20,714.0,1.95,712.05,0.0,1.95,0.0027310924369747898
sues,control,0.25,pooled,current_su_guard,full_frozen,20,20,20,1232.05,103.7,1128.35,0.0,103.7,0.08415642024673062
sues,control,0.25,pooled,current_su_guard,matched,20,0,20,1349.65,182.0,1167.65,0.0,182.0,0.13482186733640103
sues,control,0.25,pooled,old_su,budget10,20,20,20,142.0,0.0,142.0,0.0,0.0,0.0
sues,control,0.25,pooled,old_su,budget25,20,20,20,357.0,0.0,357.0,0.0,0.0,0.0
sues,control,0.25,pooled,old_su,budget50,20,20,20,714.0,2.1,711.9,0.0,2.1,0.0029411764705882353
sues,control,0.25,pooled,old_su,full_frozen,20,20,20,1227.0,99.45,1127.55,0.0,99.45,0.08105134474327629
sues,control,0.25,pooled,old_su,matched,20,1,20,1374.3,186.4,1187.9,0.0,186.4,0.1346401235391944
sues,control,0.25,pooled,old_su_guard,budget10,20,20,20,142.0,0.0,142.0,0.0,0.0,0.0
sues,control,0.25,pooled,old_su_guard,budget25,20,20,20,357.0,0.0,357.0,0.0,0.0,0.0
sues,control,0.25,pooled,old_su_guard,budget50,20,20,20,714.0,1.0,713.0,0.0,1.0,0.0014005602240896359
sues,control,0.25,pooled,old_su_guard,full_frozen,20,20,20,1186.35,82.35,1104.0,0.0,82.35,0.06939292501537717
sues,control,0.25,pooled,old_su_guard,matched,20,0,20,1355.7,186.7,1169.0,0.0,186.7,0.1376903337793885
sues,control,0.25,pooled,current_margin,budget10,20,20,20,142.0,0.0,142.0,0.0,0.0,0.0
sues,control,0.25,pooled,current_margin,budget25,20,20,20,357.0,0.0,357.0,0.0,0.0,0.0
sues,control,0.25,pooled,current_margin,budget50,20,20,20,714.0,0.3,713.7,0.0,0.3,0.00042016806722689073
sues,control,0.25,pooled,current_margin,full_frozen,20,0,20,1356.6,174.05,1182.55,0.0,174.05,0.1282991388166751
sues,control,0.25,pooled,current_margin,matched,20,0,20,1414.15,215.5,1198.65,0.0,215.5,0.15237980634235862
sues,control,0.25,pooled,current_margin_guard,budget10,20,20,20,142.0,0.0,142.0,0.0,0.0,0.0
sues,control,0.25,pooled,current_margin_guard,budget25,20,20,20,357.0,0.0,357.0,0.0,0.0,0.0
sues,control,0.25,pooled,current_margin_guard,budget50,20,20,20,714.0,0.3,713.7,0.0,0.3,0.00042016806722689073
sues,control,0.25,pooled,current_margin_guard,full_frozen,20,0,20,1300.95,147.15,1153.8,0.0,147.15,0.1130913188315981
sues,control,0.25,pooled,current_margin_guard,matched,20,0,20,1352.7,183.7,1169.0,0.0,183.7,0.13577780586653337
sues,control,0.25,pooled,old_margin_guard,budget10,20,20,20,142.0,0.0,142.0,0.0,0.0,0.0
sues,control,0.25,pooled,old_margin_guard,budget25,20,20,20,357.0,0.0,357.0,0.0,0.0,0.0
sues,control,0.25,pooled,old_margin_guard,budget50,20,20,20,714.0,0.3,713.7,0.0,0.3,0.00042016806722689073
sues,control,0.25,pooled,old_margin_guard,full_frozen,20,0,20,1293.1,143.1,1150.0,0.0,143.1,0.11064206288758005
sues,control,0.25,pooled,old_margin_guard,matched,20,0,20,1352.7,183.7,1169.0,0.0,183.7,0.13577780586653337
sues,control,0.25,pooled,sq8_margin_guard,budget10,20,20,20,142.0,0.0,142.0,0.0,0.0,0.0
sues,control,0.25,pooled,sq8_margin_guard,budget25,20,20,20,357.0,0.0,357.0,0.0,0.0,0.0
sues,control,0.25,pooled,sq8_margin_guard,budget50,20,20,20,714.0,1.3,712.7,0.0,1.3,0.0018207282913165264
sues,control,0.25,pooled,sq8_margin_guard,full_frozen,20,9,20,1262.1,127.1,1135.0,0.0,127.1,0.10066465392893317
sues,control,0.25,pooled,sq8_margin_guard,matched,20,0,20,1323.55,167.1,1156.45,0.0,167.1,0.12620962030593946
sues,control,0.25,150,current_su,budget10,20,20,20,35.0,0.0,35.0,0.0,0.0,0.0
sues,control,0.25,150,current_su,budget25,20,20,20,89.0,1.05,87.95,0.0,1.05,0.011797752808988763
sues,control,0.25,150,current_su,budget50,20,20,20,178.0,5.8,172.2,0.0,5.8,0.03258426966292134
sues,control,0.25,150,current_su,full_frozen,20,20,20,216.35,15.75,200.6,0.0,15.75,0.07271454211647313
sues,control,0.25,150,current_su,matched,20,11,20,235.7,25.9,209.8,0.0,25.9,0.10640155846470915
sues,control,0.25,150,current_su_guard,budget10,20,20,20,35.0,0.0,35.0,0.0,0.0,0.0
sues,control,0.25,150,current_su_guard,budget25,20,20,20,89.0,1.05,87.95,0.0,1.05,0.011797752808988763
sues,control,0.25,150,current_su_guard,budget50,20,20,20,178.0,5.2,172.8,0.0,5.2,0.029213483146067414
sues,control,0.25,150,current_su_guard,full_frozen,20,20,20,212.4,14.5,197.9,0.0,14.5,0.06814056584914946
sues,control,0.25,150,current_su_guard,matched,20,3,20,263.25,41.9,221.35,0.0,41.9,0.15386198896143644
sues,control,0.25,150,old_su,budget10,20,20,20,35.0,0.0,35.0,0.0,0.0,0.0
sues,control,0.25,150,old_su,budget25,20,20,20,89.0,0.7,88.3,0.0,0.7,0.007865168539325843
sues,control,0.25,150,old_su,budget50,20,20,20,178.0,9.7,168.3,0.0,9.7,0.0544943820224719
sues,control,0.25,150,old_su,full_frozen,20,20,20,208.0,14.95,193.05,0.0,14.95,0.071875
sues,control,0.25,150,old_su,matched,20,15,20,221.2,20.35,200.85,0.0,20.35,0.09169569411106708
sues,control,0.25,150,old_su_guard,budget10,20,20,20,35.0,0.0,35.0,0.0,0.0,0.0
sues,control,0.25,150,old_su_guard,budget25,20,20,20,89.0,0.85,88.15,0.0,0.85,0.009550561797752809
sues,control,0.25,150,old_su_guard,budget50,20,20,20,178.0,6.45,171.55,0.0,6.45,0.03623595505617977
sues,control,0.25,150,old_su_guard,full_frozen,20,20,20,197.35,8.35,189.0,0.0,8.35,0.04216541953175604
sues,control,0.25,150,old_su_guard,matched,20,7,20,258.9,40.9,218.0,0.0,40.9,0.14797079945155392
sues,control,0.25,150,current_margin,budget10,20,20,20,35.0,0.0,35.0,0.0,0.0,0.0
sues,control,0.25,150,current_margin,budget25,20,20,20,89.0,0.15,88.85,0.0,0.15,0.0016853932584269663
sues,control,0.25,150,current_margin,budget50,20,20,20,178.0,8.25,169.75,0.0,8.25,0.04634831460674157
sues,control,0.25,150,current_margin,full_frozen,20,16,20,236.7,21.95,214.75,0.0,21.95,0.09266461912001529
sues,control,0.25,150,current_margin,matched,20,0,20,290.9,53.7,237.2,0.0,53.7,0.18334957590095957
sues,control,0.25,150,current_margin_guard,budget10,20,20,20,35.0,0.0,35.0,0.0,0.0,0.0
sues,control,0.25,150,current_margin_guard,budget25,20,20,20,89.0,0.15,88.85,0.0,0.15,0.0016853932584269663
sues,control,0.25,150,current_margin_guard,budget50,20,20,20,178.0,8.5,169.5,0.0,8.5,0.047752808988764044
sues,control,0.25,150,current_margin_guard,full_frozen,20,17,20,229.5,20.2,209.3,0.0,20.2,0.08793846337172255
sues,control,0.25,150,current_margin_guard,matched,20,0,20,283.8,53.25,230.55,0.0,53.25,0.18510623524764389
sues,control,0.25,150,old_margin_guard,budget10,20,20,20,35.0,0.0,35.0,0.0,0.0,0.0
sues,control,0.25,150,old_margin_guard,budget25,20,20,20,89.0,0.0,89.0,0.0,0.0,0.0
sues,control,0.25,150,old_margin_guard,budget50,20,20,20,178.0,8.75,169.25,0.0,8.75,0.04915730337078652
sues,control,0.25,150,old_margin_guard,full_frozen,20,20,20,216.2,16.2,200.0,0.0,16.2,0.07486248235451629
sues,control,0.25,150,old_margin_guard,matched,20,1,20,279.15,49.6,229.55,0.0,49.6,0.173333871361766
sues,control,0.25,150,sq8_margin_guard,budget10,20,20,20,35.0,0.0,35.0,0.0,0.0,0.0
sues,control,0.25,150,sq8_margin_guard,budget25,20,20,20,89.0,0.0,89.0,0.0,0.0,0.0
sues,control,0.25,150,sq8_margin_guard,budget50,20,20,20,178.0,9.0,169.0,0.0,9.0,0.05056179775280898
sues,control,0.25,150,sq8_margin_guard,full_frozen,20,20,20,211.1,15.25,195.85,0.0,15.25,0.07215698775211969
sues,control,0.25,150,sq8_margin_guard,matched,20,1,20,281.45,53.0,228.45,0.0,53.0,0.18342936021810483
sues,control,0.25,200,current_su,budget10,20,20,20,35.0,0.0,35.0,0.0,0.0,0.0
sues,control,0.25,200,current_su,budget25,20,20,20,89.0,0.0,89.0,0.0,0.0,0.0
sues,control,0.25,200,current_su,budget50,20,20,20,178.0,0.15,177.85,0.0,0.15,0.0008426966292134832
sues,control,0.25,200,current_su,full_frozen,20,20,20,275.95,17.4,258.55,0.0,17.4,0.06304493001010994
sues,control,0.25,200,current_su,matched,20,2,20,326.7,43.5,283.2,0.0,43.5,0.13170480637782184
sues,control,0.25,200,current_su_guard,budget10,20,20,20,35.0,0.0,35.0,0.0,0.0,0.0
sues,control,0.25,200,current_su_guard,budget25,20,20,20,89.0,0.0,89.0,0.0,0.0,0.0
sues,control,0.25,200,current_su_guard,budget50,20,20,20,178.0,0.15,177.85,0.0,0.15,0.0008426966292134832
sues,control,0.25,200,current_su_guard,full_frozen,20,20,20,273.05,16.7,256.35,0.0,16.7,0.061141837603828894
sues,control,0.25,200,current_su_guard,matched,20,2,20,318.35,39.5,278.85,0.0,39.5,0.12367630169093172
sues,control,0.25,200,old_su,budget10,20,20,20,35.0,0.0,35.0,0.0,0.0,0.0
sues,control,0.25,200,old_su,budget25,20,20,20,89.0,0.0,89.0,0.0,0.0,0.0
sues,control,0.25,200,old_su,budget50,20,20,20,178.0,0.4,177.6,0.0,0.4,0.002247191011235955
sues,control,0.25,200,old_su,full_frozen,20,20,20,272.0,16.65,255.35,0.0,16.65,0.06121323529411765
sues,control,0.25,200,old_su,matched,20,1,20,332.8,46.0,286.8,0.0,46.0,0.1374506177992635
sues,control,0.25,200,old_su_guard,budget10,20,20,20,35.0,0.0,35.0,0.0,0.0,0.0
sues,control,0.25,200,old_su_guard,budget25,20,20,20,89.0,0.0,89.0,0.0,0.0,0.0
sues,control,0.25,200,old_su_guard,budget50,20,20,20,178.0,0.15,177.85,0.0,0.15,0.0008426966292134832
sues,control,0.25,200,old_su_guard,full_frozen,20,20,20,264.1,14.1,250.0,0.0,14.1,0.053370001399255726
sues,control,0.25,200,old_su_guard,matched,20,0,20,327.3,45.45,281.85,0.0,45.45,0.13881735303283235
sues,control,0.25,200,current_margin,budget10,20,20,20,35.0,0.0,35.0,0.0,0.0,0.0
sues,control,0.25,200,current_margin,budget25,20,20,20,89.0,0.0,89.0,0.0,0.0,0.0
sues,control,0.25,200,current_margin,budget50,20,20,20,178.0,0.15,177.85,0.0,0.15,0.0008426966292134832
sues,control,0.25,200,current_margin,full_frozen,20,0,20,332.8,44.5,288.3,0.0,44.5,0.13371155118690856
sues,control,0.25,200,current_margin,matched,20,0,20,346.2,53.5,292.7,0.0,53.5,0.15438626659336804
sues,control,0.25,200,current_margin_guard,budget10,20,20,20,35.0,0.0,35.0,0.0,0.0,0.0
sues,control,0.25,200,current_margin_guard,budget25,20,20,20,89.0,0.0,89.0,0.0,0.0,0.0
sues,control,0.25,200,current_margin_guard,budget50,20,20,20,178.0,0.15,177.85,0.0,0.15,0.0008426966292134832
sues,control,0.25,200,current_margin_guard,full_frozen,20,0,20,319.45,39.15,280.3,0.0,39.15,0.12250913015291513
sues,control,0.25,200,current_margin_guard,matched,20,0,20,330.35,45.85,284.5,0.0,45.85,0.13873712296590085
sues,control,0.25,200,old_margin_guard,budget10,20,20,20,35.0,0.0,35.0,0.0,0.0,0.0
sues,control,0.25,200,old_margin_guard,budget25,20,20,20,89.0,0.0,89.0,0.0,0.0,0.0
sues,control,0.25,200,old_margin_guard,budget50,20,20,20,178.0,0.15,177.85,0.0,0.15,0.0008426966292134832
sues,control,0.25,200,old_margin_guard,full_frozen,20,0,20,316.35,38.35,278.0,0.0,38.35,0.12118240060170375
sues,control,0.25,200,old_margin_guard,matched,20,0,20,330.0,45.7,284.3,0.0,45.7,0.1384168023093871
sues,control,0.25,200,sq8_margin_guard,budget10,20,20,20,35.0,0.0,35.0,0.0,0.0,0.0
sues,control,0.25,200,sq8_margin_guard,budget25,20,20,20,89.0,0.0,89.0,0.0,0.0,0.0
sues,control,0.25,200,sq8_margin_guard,budget50,20,20,20,178.0,0.15,177.85,0.0,0.15,0.0008426966292134832
sues,control,0.25,200,sq8_margin_guard,full_frozen,20,1,20,310.65,34.95,275.7,0.0,34.95,0.11244956556025246
sues,control,0.25,200,sq8_margin_guard,matched,20,0,20,318.6,39.6,279.0,0.0,39.6,0.12423241186641665
sues,control,0.25,250,current_su,budget10,20,20,20,35.0,0.0,35.0,0.0,0.0,0.0
sues,control,0.25,250,current_su,budget25,20,20,20,89.0,0.0,89.0,0.0,0.0,0.0
sues,control,0.25,250,current_su,budget50,20,20,20,178.0,0.0,178.0,0.0,0.0,0.0
sues,control,0.25,250,current_su,full_frozen,20,20,20,337.3,24.85,312.45,0.0,24.85,0.07365423467272784
sues,control,0.25,250,current_su,matched,20,18,20,340.4,28.35,312.05,0.0,28.35,0.08260027577215859
sues,control,0.25,250,current_su_guard,budget10,20,20,20,35.0,0.0,35.0,0.0,0.0,0.0
sues,control,0.25,250,current_su_guard,budget25,20,20,20,89.0,0.0,89.0,0.0,0.0,0.0
sues,control,0.25,250,current_su_guard,budget50,20,20,20,178.0,0.0,178.0,0.0,0.0,0.0
sues,control,0.25,250,current_su_guard,full_frozen,20,20,20,329.95,24.85,305.1,0.0,24.85,0.0752799527508836
sues,control,0.25,250,current_su_guard,matched,20,20,20,324.0,21.35,302.65,0.0,21.35,0.06567835479323843
sues,control,0.25,250,old_su,budget10,20,20,20,35.0,0.0,35.0,0.0,0.0,0.0
sues,control,0.25,250,old_su,budget25,20,20,20,89.0,0.0,89.0,0.0,0.0,0.0
sues,control,0.25,250,old_su,budget50,20,20,20,178.0,0.0,178.0,0.0,0.0,0.0
sues,control,0.25,250,old_su,full_frozen,20,20,20,328.0,20.85,307.15,0.0,20.85,0.06356707317073171
sues,control,0.25,250,old_su,matched,20,20,20,338.8,25.65,313.15,0.0,25.65,0.07570909916042659
sues,control,0.25,250,old_su_guard,budget10,20,20,20,35.0,0.0,35.0,0.0,0.0,0.0
sues,control,0.25,250,old_su_guard,budget25,20,20,20,89.0,0.0,89.0,0.0,0.0,0.0
sues,control,0.25,250,old_su_guard,budget50,20,20,20,178.0,0.0,178.0,0.0,0.0,0.0
sues,control,0.25,250,old_su_guard,full_frozen,20,20,20,318.25,19.25,299.0,0.0,19.25,0.06046119574908777
sues,control,0.25,250,old_su_guard,matched,20,20,20,329.25,24.25,305.0,0.0,24.25,0.07362843306053507
sues,control,0.25,250,current_margin,budget10,20,20,20,35.0,0.0,35.0,0.0,0.0,0.0
sues,control,0.25,250,current_margin,budget25,20,20,20,89.0,0.0,89.0,0.0,0.0,0.0
sues,control,0.25,250,current_margin,budget50,20,20,20,178.0,0.0,178.0,0.0,0.0,0.0
sues,control,0.25,250,current_margin,full_frozen,20,7,20,351.0,36.65,314.35,0.0,36.65,0.10441595441595442
sues,control,0.25,250,current_margin,matched,20,7,20,352.8,36.7,316.1,0.0,36.7,0.10402556250682851
sues,control,0.25,250,current_margin_guard,budget10,20,20,20,35.0,0.0,35.0,0.0,0.0,0.0
sues,control,0.25,250,current_margin_guard,budget25,20,20,20,89.0,0.0,89.0,0.0,0.0,0.0
sues,control,0.25,250,current_margin_guard,budget50,20,20,20,178.0,0.0,178.0,0.0,0.0,0.0
sues,control,0.25,250,current_margin_guard,full_frozen,20,16,20,339.75,32.75,307.0,0.0,32.75,0.09637336124389465
sues,control,0.25,250,current_margin_guard,matched,20,19,20,330.35,26.0,304.35,0.0,26.0,0.07834347521641713
sues,control,0.25,250,old_margin_guard,budget10,20,20,20,35.0,0.0,35.0,0.0,0.0,0.0
sues,control,0.25,250,old_margin_guard,budget25,20,20,20,89.0,0.0,89.0,0.0,0.0,0.0
sues,control,0.25,250,old_margin_guard,budget50,20,20,20,178.0,0.0,178.0,0.0,0.0,0.0
sues,control,0.25,250,old_margin_guard,full_frozen,20,16,20,339.75,32.75,307.0,0.0,32.75,0.09637336124389465
sues,control,0.25,250,old_margin_guard,matched,20,16,20,340.05,32.75,307.3,0.0,32.75,0.09628548194692903
sues,control,0.25,250,sq8_margin_guard,budget10,20,20,20,35.0,0.0,35.0,0.0,0.0,0.0
sues,control,0.25,250,sq8_margin_guard,budget25,20,20,20,89.0,0.0,89.0,0.0,0.0,0.0
sues,control,0.25,250,sq8_margin_guard,budget50,20,20,20,178.0,0.0,178.0,0.0,0.0,0.0
sues,control,0.25,250,sq8_margin_guard,full_frozen,20,18,20,333.8,31.5,302.3,0.0,31.5,0.09435059324649003
sues,control,0.25,250,sq8_margin_guard,matched,20,15,20,336.25,32.35,303.9,0.0,32.35,0.09617852448674295
sues,control,0.25,300,current_su,budget10,20,20,20,35.0,0.0,35.0,0.0,0.0,0.0
sues,control,0.25,300,current_su,budget25,20,20,20,89.0,0.0,89.0,0.0,0.0,0.0
sues,control,0.25,300,current_su,budget50,20,20,20,178.0,0.0,178.0,0.0,0.0,0.0
sues,control,0.25,300,current_su,full_frozen,20,20,20,356.6,18.75,337.85,0.0,18.75,0.05257730454105998
sues,control,0.25,300,current_su,matched,20,20,20,354.25,16.55,337.7,0.0,16.55,0.046701854566308945
sues,control,0.25,300,current_su_guard,budget10,20,20,20,35.0,0.0,35.0,0.0,0.0,0.0
sues,control,0.25,300,current_su_guard,budget25,20,20,20,89.0,0.0,89.0,0.0,0.0,0.0
sues,control,0.25,300,current_su_guard,budget50,20,20,20,178.0,0.0,178.0,0.0,0.0,0.0
sues,control,0.25,300,current_su_guard,full_frozen,20,20,20,349.15,15.15,334.0,0.0,15.15,0.043374392576804165
sues,control,0.25,300,current_su_guard,matched,20,20,20,345.6,12.6,333.0,0.0,12.6,0.03644143874017948
sues,control,0.25,300,old_su,budget10,20,20,20,35.0,0.0,35.0,0.0,0.0,0.0
sues,control,0.25,300,old_su,budget25,20,20,20,89.0,0.0,89.0,0.0,0.0,0.0
sues,control,0.25,300,old_su,budget50,20,20,20,178.0,0.0,178.0,0.0,0.0,0.0
sues,control,0.25,300,old_su,full_frozen,20,20,20,356.0,18.15,337.85,0.0,18.15,0.05098314606741573
sues,control,0.25,300,old_su,matched,20,20,20,356.0,18.15,337.85,0.0,18.15,0.05098314606741573
sues,control,0.25,300,old_su_guard,budget10,20,20,20,35.0,0.0,35.0,0.0,0.0,0.0
sues,control,0.25,300,old_su_guard,budget25,20,20,20,89.0,0.0,89.0,0.0,0.0,0.0
sues,control,0.25,300,old_su_guard,budget50,20,20,20,178.0,0.0,178.0,0.0,0.0,0.0
sues,control,0.25,300,old_su_guard,full_frozen,20,20,20,348.25,14.25,334.0,0.0,14.25,0.04090315410396933
sues,control,0.25,300,old_su_guard,matched,20,20,20,348.25,14.25,334.0,0.0,14.25,0.04090315410396933
sues,control,0.25,300,current_margin,budget10,20,20,20,35.0,0.0,35.0,0.0,0.0,0.0
sues,control,0.25,300,current_margin,budget25,20,20,20,89.0,0.0,89.0,0.0,0.0,0.0
sues,control,0.25,300,current_margin,budget50,20,20,20,178.0,0.0,178.0,0.0,0.0,0.0
sues,control,0.25,300,current_margin,full_frozen,20,20,20,356.1,18.25,337.85,0.0,18.25,0.05124838588703403
sues,control,0.25,300,current_margin,matched,20,20,20,356.7,18.85,337.85,0.0,18.85,0.052843609353853904
sues,control,0.25,300,current_margin_guard,budget10,20,20,20,35.0,0.0,35.0,0.0,0.0,0.0
sues,control,0.25,300,current_margin_guard,budget25,20,20,20,89.0,0.0,89.0,0.0,0.0,0.0
sues,control,0.25,300,current_margin_guard,budget50,20,20,20,178.0,0.0,178.0,0.0,0.0,0.0
sues,control,0.25,300,current_margin_guard,full_frozen,20,20,20,349.25,15.25,334.0,0.0,15.25,0.04364940513345929
sues,control,0.25,300,current_margin_guard,matched,20,20,20,349.25,15.25,334.0,0.0,15.25,0.04364940513345929
sues,control,0.25,300,old_margin_guard,budget10,20,20,20,35.0,0.0,35.0,0.0,0.0,0.0
sues,control,0.25,300,old_margin_guard,budget25,20,20,20,89.0,0.0,89.0,0.0,0.0,0.0
sues,control,0.25,300,old_margin_guard,budget50,20,20,20,178.0,0.0,178.0,0.0,0.0,0.0
sues,control,0.25,300,old_margin_guard,full_frozen,20,20,20,349.25,15.25,334.0,0.0,15.25,0.04364940513345929
sues,control,0.25,300,old_margin_guard,matched,20,20,20,349.25,15.25,334.0,0.0,15.25,0.04364940513345929
sues,control,0.25,300,sq8_margin_guard,budget10,20,20,20,35.0,0.0,35.0,0.0,0.0,0.0
sues,control,0.25,300,sq8_margin_guard,budget25,20,20,20,89.0,0.0,89.0,0.0,0.0,0.0
sues,control,0.25,300,sq8_margin_guard,budget50,20,20,20,178.0,0.0,178.0,0.0,0.0,0.0
sues,control,0.25,300,sq8_margin_guard,full_frozen,20,20,20,346.55,15.05,331.5,0.0,15.05,0.04341643310828569
sues,control,0.25,300,sq8_margin_guard,matched,20,20,20,332.3,9.7,322.6,0.0,9.7,0.028892938232238707
sues,target,0.5,pooled,current_su,budget10,20,20,20,142.0,0.0,142.0,0.0,0.0,0.0
sues,target,0.5,pooled,current_su,budget25,20,20,20,357.0,13.65,343.35,7.45,6.2,0.038235294117647055
sues,target,0.5,pooled,current_su,budget50,20,0,20,714.0,180.1,533.9,109.4,70.7,0.2522408963585434
sues,target,0.5,pooled,current_su,full_frozen,20,0,20,985.05,405.1,579.95,267.95,137.15,0.41083753449445803
sues,target,0.5,pooled,current_su,matched,20,14,20,468.8,39.8,429.0,21.45,18.35,0.08404339912097028
sues,target,0.5,pooled,current_su_guard,budget10,20,20,20,142.0,0.0,142.0,0.0,0.0,0.0
sues,target,0.5,pooled,current_su_guard,budget25,20,20,20,357.0,6.65,350.35,0.0,6.65,0.018627450980392153
sues,target,0.5,pooled,current_su_guard,budget50,20,0,20,714.0,140.4,573.6,0.0,140.4,0.1966386554621849
sues,target,0.5,pooled,current_su_guard,full_frozen,20,0,20,689.85,122.45,567.4,0.0,122.45,0.1774813990732047
sues,target,0.5,pooled,current_su_guard,matched,20,20,20,512.6,34.6,478.0,0.0,34.6,0.06690402873538641
sues,target,0.5,pooled,old_su,budget10,20,0,20,142.0,70.25,71.75,70.25,0.0,0.4947183098591549
sues,target,0.5,pooled,old_su,budget25,20,0,20,357.0,178.5,178.5,178.5,0.0,0.5
sues,target,0.5,pooled,old_su,budget50,20,0,20,714.0,359.3,354.7,355.3,4.0,0.5032212885154062
sues,target,0.5,pooled,old_su,full_frozen,20,0,20,1227.0,667.35,559.65,556.05,111.3,0.5438875305623472
sues,target,0.5,pooled,old_su,matched,0,0,0,0.0,0.0,0.0,0.0,0.0,
sues,target,0.5,pooled,old_su_guard,budget10,20,20,20,142.0,0.0,142.0,0.0,0.0,0.0
sues,target,0.5,pooled,old_su_guard,budget25,20,20,20,357.0,4.15,352.85,0.0,4.15,0.011624649859943976
sues,target,0.5,pooled,old_su_guard,budget50,20,0,20,714.0,139.35,574.65,0.0,139.35,0.19516806722689078
sues,target,0.5,pooled,old_su_guard,full_frozen,20,0,20,636.55,88.6,547.95,0.0,88.6,0.13917881124416004
sues,target,0.5,pooled,old_su_guard,matched,20,20,20,545.35,41.95,503.4,0.0,41.95,0.07683584542644904
sues,target,0.5,pooled,current_margin,budget10,20,20,20,142.0,0.25,141.75,0.25,0.0,0.0017605633802816902
sues,target,0.5,pooled,current_margin,budget25,20,20,20,357.0,13.85,343.15,7.85,6.0,0.038795518207282914
sues,target,0.5,pooled,current_margin,budget50,20,0,20,714.0,192.5,521.5,129.0,63.5,0.26960784313725494
sues,target,0.5,pooled,current_margin,full_frozen,20,0,20,1257.75,665.6,592.15,471.0,194.6,0.5292009474462629
sues,target,0.5,pooled,current_margin,matched,20,11,20,484.75,56.75,428.0,34.75,22.0,0.11377933544118093
sues,target,0.5,pooled,current_margin_guard,budget10,20,20,20,142.0,0.0,142.0,0.0,0.0,0.0
sues,target,0.5,pooled,current_margin_guard,budget25,20,20,20,357.0,6.45,350.55,0.0,6.45,0.0180672268907563
sues,target,0.5,pooled,current_margin_guard,budget50,20,0,20,714.0,142.3,571.7,0.0,142.3,0.1992997198879552
sues,target,0.5,pooled,current_margin_guard,full_frozen,20,0,20,724.65,151.0,573.65,0.0,151.0,0.20835753920981967
sues,target,0.5,pooled,current_margin_guard,matched,20,7,20,575.15,60.1,515.05,0.0,60.1,0.10398873889770115
sues,target,0.5,pooled,old_margin_guard,budget10,20,20,20,142.0,0.0,142.0,0.0,0.0,0.0
sues,target,0.5,pooled,old_margin_guard,budget25,20,20,20,357.0,2.45,354.55,0.0,2.45,0.006862745098039215
sues,target,0.5,pooled,old_margin_guard,budget50,20,0,20,714.0,141.85,572.15,0.0,141.85,0.19866946778711486
sues,target,0.5,pooled,old_margin_guard,full_frozen,20,0,20,706.65,136.25,570.4,0.0,136.25,0.19279663753400275
sues,target,0.5,pooled,old_margin_guard,matched,20,9,20,598.0,62.35,535.65,0.0,62.35,0.10431088868290568
sues,target,0.5,pooled,sq8_margin_guard,budget10,20,20,20,142.0,0.0,142.0,0.0,0.0,0.0
sues,target,0.5,pooled,sq8_margin_guard,budget25,20,20,20,357.0,2.35,354.65,0.0,2.35,0.0065826330532212885
sues,target,0.5,pooled,sq8_margin_guard,budget50,7,0,7,714.0,136.28571428571428,577.7142857142857,0.0,136.28571428571428,0.1908763505402161
sues,target,0.5,pooled,sq8_margin_guard,full_frozen,20,0,20,666.55,106.05,560.5,0.0,106.05,0.15899874694169527
sues,target,0.5,pooled,sq8_margin_guard,matched,20,9,20,589.75,58.5,531.25,0.0,58.5,0.09908623705787477
sues,target,0.5,150,current_su,budget10,20,19,20,35.0,1.4,33.6,0.15,1.25,0.04000000000000001
sues,target,0.5,150,current_su,budget25,20,0,20,89.0,13.55,75.45,2.5,11.05,0.15224719101123596
sues,target,0.5,150,current_su,budget50,20,0,20,178.0,67.3,110.7,25.9,41.4,0.37808988764044943
sues,target,0.5,150,current_su,full_frozen,20,0,20,152.65,47.1,105.55,17.1,30.0,0.3089533360575688
sues,target,0.5,150,current_su,matched,12,6,12,36.6,3.65,32.95,0.55,3.1,0.09502932641886126
sues,target,0.5,150,current_su_guard,budget10,20,20,20,35.0,1.25,33.75,0.0,1.25,0.03571428571428571
sues,target,0.5,150,current_su_guard,budget25,20,0,20,89.0,11.7,77.3,0.0,11.7,0.1314606741573034
sues,target,0.5,150,current_su_guard,budget50,20,0,20,178.0,60.55,117.45,0.0,60.55,0.3401685393258427
sues,target,0.5,150,current_su_guard,full_frozen,20,0,20,133.55,28.65,104.9,0.0,28.65,0.21503677446159114
sues,target,0.5,150,current_su_guard,matched,12,7,12,39.3,3.75,35.55,0.0,3.75,0.09092632588232989
sues,target,0.5,150,old_su,budget10,20,0,20,35.0,17.85,17.15,17.85,0.0,0.51
sues,target,0.5,150,old_su,budget25,20,0,20,89.0,45.05,43.95,43.05,2.0,0.5061797752808989
sues,target,0.5,150,old_su,budget50,20,0,20,178.0,95.9,82.1,83.45,12.45,0.5387640449438201
sues,target,0.5,150,old_su,full_frozen,20,0,20,208.0,114.0,94.0,95.55,18.45,0.548076923076923
sues,target,0.5,150,old_su,matched,0,0,0,0.0,0.0,0.0,0.0,0.0,
sues,target,0.5,150,old_su_guard,budget10,20,20,20,35.0,1.6,33.4,0.0,1.6,0.04571428571428572
sues,target,0.5,150,old_su_guard,budget25,20,6,20,89.0,9.9,79.1,0.0,9.9,0.11123595505617981
sues,target,0.5,150,old_su_guard,budget50,20,0,20,178.0,60.7,117.3,0.0,60.7,0.34101123595505617
sues,target,0.5,150,old_su_guard,full_frozen,20,0,20,110.1,16.65,93.45,0.0,16.65,0.15155963249321697
sues,target,0.5,150,old_su_guard,matched,19,15,19,68.15,5.9,62.25,0.0,5.9,0.0856699868768007
sues,target,0.5,150,current_margin,budget10,20,20,20,35.0,0.65,34.35,0.0,0.65,0.018571428571428572
sues,target,0.5,150,current_margin,budget25,20,2,20,89.0,13.7,75.3,2.7,11.0,0.1539325842696629
sues,target,0.5,150,current_margin,budget50,20,0,20,178.0,67.75,110.25,30.75,37.0,0.3806179775280899
sues,target,0.5,150,current_margin,full_frozen,20,0,20,163.55,57.05,106.5,25.25,31.8,0.3483192780107639
sues,target,0.5,150,current_margin,matched,17,10,17,54.65,4.85,49.8,0.45,4.4,0.08638783117633206
sues,target,0.5,150,current_margin_guard,budget10,20,20,20,35.0,0.65,34.35,0.0,0.65,0.018571428571428572
sues,target,0.5,150,current_margin_guard,budget25,20,3,20,89.0,11.9,77.1,0.0,11.9,0.13370786516853933
sues,target,0.5,150,current_margin_guard,budget50,20,0,20,178.0,60.9,117.1,0.0,60.9,0.3421348314606742
sues,target,0.5,150,current_margin_guard,full_frozen,20,0,20,133.6,28.9,104.7,0.0,28.9,0.21626729866327982
sues,target,0.5,150,current_margin_guard,matched,20,11,20,75.55,7.95,67.6,0.0,7.95,0.09733181916976215
sues,target,0.5,150,old_margin_guard,budget10,20,20,20,35.0,0.0,35.0,0.0,0.0,0.0
sues,target,0.5,150,old_margin_guard,budget25,20,12,20,89.0,8.0,81.0,0.0,8.0,0.0898876404494382
sues,target,0.5,150,old_margin_guard,budget50,20,0,20,178.0,61.15,116.85,0.0,61.15,0.34353932584269664
sues,target,0.5,150,old_margin_guard,full_frozen,20,0,20,116.0,16.35,99.65,0.0,16.35,0.14142612944699615
sues,target,0.5,150,old_margin_guard,matched,19,14,19,75.25,5.75,69.5,0.0,5.75,0.07058736020977886
sues,target,0.5,150,sq8_margin_guard,budget10,20,20,20,35.0,0.05,34.95,0.0,0.05,0.0014285714285714286
sues,target,0.5,150,sq8_margin_guard,budget25,20,12,20,89.0,7.7,81.3,0.0,7.7,0.08651685393258426
sues,target,0.5,150,sq8_margin_guard,budget50,11,0,11,178.0,58.36363636363637,119.63636363636364,0.0,58.36363636363637,0.3278855975485189
sues,target,0.5,150,sq8_margin_guard,full_frozen,20,7,20,106.4,12.15,94.25,0.0,12.15,0.11443094282438473
sues,target,0.5,150,sq8_margin_guard,matched,19,14,19,83.3,7.5,75.8,0.0,7.5,0.0823897200808937
sues,target,0.5,200,current_su,budget10,20,20,20,35.0,0.2,34.8,0.2,0.0,0.005714285714285714
sues,target,0.5,200,current_su,budget25,20,19,20,89.0,4.4,84.6,2.6,1.8,0.049438202247191004
sues,target,0.5,200,current_su,budget50,20,0,20,178.0,47.9,130.1,27.6,20.3,0.26910112359550564
sues,target,0.5,200,current_su,full_frozen,20,0,20,200.45,65.4,135.05,38.7,26.7,0.32570893135694823
sues,target,0.5,200,current_su,matched,20,13,20,108.6,9.7,98.9,5.6,4.1,0.08444619169574714
sues,target,0.5,200,current_su_guard,budget10,20,20,20,35.0,0.0,35.0,0.0,0.0,0.0
sues,target,0.5,200,current_su_guard,budget25,20,20,20,89.0,2.1,86.9,0.0,2.1,0.023595505617977526
sues,target,0.5,200,current_su_guard,budget50,19,0,19,178.0,38.1578947368421,139.8421052631579,0.0,38.1578947368421,0.21437019515079836
sues,target,0.5,200,current_su_guard,full_frozen,20,0,20,156.8,24.45,132.35,0.0,24.45,0.1558172884972073
sues,target,0.5,200,current_su_guard,matched,20,20,20,117.95,6.95,111.0,0.0,6.95,0.05858893348174471
sues,target,0.5,200,old_su,budget10,20,0,20,35.0,17.2,17.8,17.2,0.0,0.4914285714285714
sues,target,0.5,200,old_su,budget25,20,0,20,89.0,44.8,44.2,44.8,0.0,0.503370786516854
sues,target,0.5,200,old_su,budget50,20,0,20,178.0,88.75,89.25,87.75,1.0,0.4985955056179775
sues,target,0.5,200,old_su,full_frozen,20,0,20,272.0,146.45,125.55,126.45,20.0,0.5384191176470589
sues,target,0.5,200,old_su,matched,0,0,0,0.0,0.0,0.0,0.0,0.0,
sues,target,0.5,200,old_su_guard,budget10,20,20,20,35.0,0.0,35.0,0.0,0.0,0.0
sues,target,0.5,200,old_su_guard,budget25,20,20,20,89.0,1.05,87.95,0.0,1.05,0.011797752808988763
sues,target,0.5,200,old_su_guard,budget50,19,0,19,178.0,37.78947368421053,140.21052631578948,0.0,37.78947368421053,0.21230041395623891
sues,target,0.5,200,old_su_guard,full_frozen,20,3,20,139.5,15.95,123.55,0.0,15.95,0.11438979203166244
sues,target,0.5,200,old_su_guard,matched,20,14,20,129.75,11.4,118.35,0.0,11.4,0.0871558757096604
sues,target,0.5,200,current_margin,budget10,20,20,20,35.0,0.05,34.95,0.05,0.0,0.0014285714285714286
sues,target,0.5,200,current_margin,budget25,20,19,20,89.0,4.75,84.25,2.45,2.3,0.05337078651685393
sues,target,0.5,200,current_margin,budget50,20,0,20,178.0,52.15,125.85,34.4,17.75,0.29297752808988764
sues,target,0.5,200,current_margin,full_frozen,20,0,20,316.15,171.4,144.75,116.15,55.25,0.5421509953590756
sues,target,0.5,200,current_margin,matched,20,7,20,119.1,17.05,102.05,9.8,7.25,0.1356594324573583
sues,target,0.5,200,current_margin_guard,budget10,20,20,20,35.0,0.0,35.0,0.0,0.0,0.0
sues,target,0.5,200,current_margin_guard,budget25,20,20,20,89.0,2.4,86.6,0.0,2.4,0.02696629213483146
sues,target,0.5,200,current_margin_guard,budget50,19,0,19,178.0,39.0,139.0,0.0,39.0,0.2191011235955056
sues,target,0.5,200,current_margin_guard,full_frozen,20,0,20,181.05,42.5,138.55,0.0,42.5,0.23460029560388457
sues,target,0.5,200,current_margin_guard,matched,20,9,20,131.4,13.8,117.6,0.0,13.8,0.10390443279458139
sues,target,0.5,200,old_margin_guard,budget10,20,20,20,35.0,0.0,35.0,0.0,0.0,0.0
sues,target,0.5,200,old_margin_guard,budget25,20,20,20,89.0,1.05,87.95,0.0,1.05,0.011797752808988763
sues,target,0.5,200,old_margin_guard,budget50,19,0,19,178.0,38.68421052631579,139.31578947368422,0.0,38.68421052631579,0.2173270254287404
sues,target,0.5,200,old_margin_guard,full_frozen,20,0,20,176.45,38.65,137.8,0.0,38.65,0.21895156839532248
sues,target,0.5,200,old_margin_guard,matched,20,17,20,124.6,9.05,115.55,0.0,9.05,0.07224025267371562
sues,target,0.5,200,sq8_margin_guard,budget10,20,20,20,35.0,0.0,35.0,0.0,0.0,0.0
sues,target,0.5,200,sq8_margin_guard,budget25,20,20,20,89.0,1.05,87.95,0.0,1.05,0.011797752808988763
sues,target,0.5,200,sq8_margin_guard,budget50,8,0,8,178.0,37.25,140.75,0.0,37.25,0.2092696629213483
sues,target,0.5,200,sq8_margin_guard,full_frozen,20,0,20,163.35,29.4,133.95,0.0,29.4,0.17976108731954235
sues,target,0.5,200,sq8_margin_guard,matched,20,16,20,126.55,9.5,117.05,0.0,9.5,0.07433089786524948
sues,target,0.5,250,current_su,budget10,20,20,20,35.0,0.0,35.0,0.0,0.0,0.0
sues,target,0.5,250,current_su,budget25,20,20,20,89.0,1.35,87.65,1.2,0.15,0.015168539325842695
sues,target,0.5,250,current_su,budget50,20,0,20,178.0,36.55,141.45,23.4,13.15,0.2053370786516854
sues,target,0.5,250,current_su,full_frozen,20,0,20,273.25,116.75,156.5,87.25,29.5,0.42687259680358974
sues,target,0.5,250,current_su,matched,20,14,20,137.8,13.3,124.5,8.25,5.05,0.09456891881936283
sues,target,0.5,250,current_su_guard,budget10,20,20,20,35.0,0.0,35.0,0.0,0.0,0.0
sues,target,0.5,250,current_su_guard,budget25,20,20,20,89.0,0.25,88.75,0.0,0.25,0.0028089887640449437
sues,target,0.5,250,current_su_guard,budget50,20,0,20,178.0,25.75,152.25,0.0,25.75,0.1446629213483146
sues,target,0.5,250,current_su_guard,full_frozen,20,0,20,178.6,26.1,152.5,0.0,26.1,0.14593016350798196
sues,target,0.5,250,current_su_guard,matched,20,18,20,145.55,10.45,135.1,0.0,10.45,0.07007674128293694
sues,target,0.5,250,old_su,budget10,20,0,20,35.0,18.05,16.95,18.05,0.0,0.5157142857142857
sues,target,0.5,250,old_su,budget25,20,0,20,89.0,43.9,45.1,43.9,0.0,0.4932584269662921
sues,target,0.5,250,old_su,budget50,20,0,20,178.0,89.95,88.05,89.95,0.0,0.5053370786516853
sues,target,0.5,250,old_su,full_frozen,20,0,20,328.0,176.25,151.75,150.35,25.9,0.5373475609756098
sues,target,0.5,250,old_su,matched,0,0,0,0.0,0.0,0.0,0.0,0.0,
sues,target,0.5,250,old_su_guard,budget10,20,20,20,35.0,0.0,35.0,0.0,0.0,0.0
sues,target,0.5,250,old_su_guard,budget25,20,20,20,89.0,0.0,89.0,0.0,0.0,0.0
sues,target,0.5,250,old_su_guard,budget50,20,0,20,178.0,25.3,152.7,0.0,25.3,0.14213483146067415
sues,target,0.5,250,old_su_guard,full_frozen,20,1,20,169.5,20.85,148.65,0.0,20.85,0.12293056267391005
sues,target,0.5,250,old_su_guard,matched,20,19,20,149.75,10.1,139.65,0.0,10.1,0.06741898196805204
sues,target,0.5,250,current_margin,budget10,20,20,20,35.0,0.05,34.95,0.05,0.0,0.0014285714285714286
sues,target,0.5,250,current_margin,budget25,20,20,20,89.0,1.55,87.45,1.4,0.15,0.01741573033707865
sues,target,0.5,250,current_margin,budget50,20,0,20,178.0,41.25,136.75,29.4,11.85,0.23174157303370785
sues,target,0.5,250,current_margin,full_frozen,20,0,20,341.2,183.0,158.2,143.1,39.9,0.5363535135021539
sues,target,0.5,250,current_margin,matched,20,8,20,140.45,18.45,122.0,13.4,5.05,0.12641740648097746
sues,target,0.5,250,current_margin_guard,budget10,20,20,20,35.0,0.0,35.0,0.0,0.0,0.0
sues,target,0.5,250,current_margin_guard,budget25,20,20,20,89.0,0.2,88.8,0.0,0.2,0.002247191011235955
sues,target,0.5,250,current_margin_guard,budget50,20,0,20,178.0,25.95,152.05,0.0,25.95,0.1457865168539326
sues,target,0.5,250,current_margin_guard,full_frozen,20,0,20,183.1,29.85,153.25,0.0,29.85,0.1628492683686663
sues,target,0.5,250,current_margin_guard,matched,20,6,20,165.15,18.75,146.4,0.0,18.75,0.11314604080857826
sues,target,0.5,250,old_margin_guard,budget10,20,20,20,35.0,0.0,35.0,0.0,0.0,0.0
sues,target,0.5,250,old_margin_guard,budget25,20,20,20,89.0,0.0,89.0,0.0,0.0,0.0
sues,target,0.5,250,old_margin_guard,budget50,20,0,20,178.0,25.65,152.35,0.0,25.65,0.14410112359550561
sues,target,0.5,250,old_margin_guard,full_frozen,20,0,20,181.25,28.55,152.7,0.0,28.55,0.15735770886415723
sues,target,0.5,250,old_margin_guard,matched,20,15,20,159.15,13.35,145.8,0.0,13.35,0.0827732756060576
sues,target,0.5,250,sq8_margin_guard,budget10,20,20,20,35.0,0.0,35.0,0.0,0.0,0.0
sues,target,0.5,250,sq8_margin_guard,budget25,20,20,20,89.0,0.0,89.0,0.0,0.0,0.0
sues,target,0.5,250,sq8_margin_guard,budget50,4,0,4,178.0,23.25,154.75,0.0,23.25,0.1306179775280899
sues,target,0.5,250,sq8_margin_guard,full_frozen,20,3,20,170.5,20.2,150.3,0.0,20.2,0.11824318656419038
sues,target,0.5,250,sq8_margin_guard,matched,20,17,20,159.2,13.25,145.95,0.0,13.25,0.08254379231048058
sues,target,0.5,300,current_su,budget10,20,20,20,35.0,0.0,35.0,0.0,0.0,0.0
sues,target,0.5,300,current_su,budget25,20,20,20,89.0,0.9,88.1,0.9,0.0,0.010112359550561797
sues,target,0.5,300,current_su,budget50,20,0,20,178.0,28.25,149.75,24.15,4.1,0.15870786516853932
sues,target,0.5,300,current_su,full_frozen,20,0,20,343.95,177.4,166.55,156.75,20.65,0.5156808023250298
sues,target,0.5,300,current_su,matched,20,17,20,151.4,11.4,140.0,10.05,1.35,0.07340425972922425
sues,target,0.5,300,current_su_guard,budget10,20,20,20,35.0,0.0,35.0,0.0,0.0,0.0
sues,target,0.5,300,current_su_guard,budget25,20,20,20,89.0,0.0,89.0,0.0,0.0,0.0
sues,target,0.5,300,current_su_guard,budget50,18,17,18,178.0,13.61111111111111,164.38888888888889,0.0,13.61111111111111,0.07646691635455678
sues,target,0.5,300,current_su_guard,full_frozen,20,16,20,181.35,16.55,164.8,0.0,16.55,0.09117003386260551
sues,target,0.5,300,current_su_guard,matched,20,20,20,172.25,10.85,161.4,0.0,10.85,0.06286143729058788
sues,target,0.5,300,old_su,budget10,20,0,20,35.0,16.4,18.6,16.4,0.0,0.4685714285714286
sues,target,0.5,300,old_su,budget25,20,0,20,89.0,44.75,44.25,44.75,0.0,0.502808988764045
sues,target,0.5,300,old_su,budget50,20,0,20,178.0,89.55,88.45,89.55,0.0,0.5030898876404494
sues,target,0.5,300,old_su,full_frozen,20,0,20,356.0,189.4,166.6,169.2,20.2,0.5320224719101124
sues,target,0.5,300,old_su,matched,0,0,0,0.0,0.0,0.0,0.0,0.0,
sues,target,0.5,300,old_su_guard,budget10,20,20,20,35.0,0.0,35.0,0.0,0.0,0.0
sues,target,0.5,300,old_su_guard,budget25,20,20,20,89.0,0.0,89.0,0.0,0.0,0.0
sues,target,0.5,300,old_su_guard,budget50,18,17,18,178.0,13.61111111111111,164.38888888888889,0.0,13.61111111111111,0.0764669163545568
sues,target,0.5,300,old_su_guard,full_frozen,20,16,20,180.9,16.1,164.8,0.0,16.1,0.08893428821481557
sues,target,0.5,300,old_su_guard,matched,20,20,20,173.0,11.0,162.0,0.0,11.0,0.06355489217044896
sues,target,0.5,300,current_margin,budget10,20,20,20,35.0,0.0,35.0,0.0,0.0,0.0
sues,target,0.5,300,current_margin,budget25,20,20,20,89.0,0.8,88.2,0.8,0.0,0.00898876404494382
sues,target,0.5,300,current_margin,budget50,20,0,20,178.0,30.35,147.65,27.85,2.5,0.17050561797752806
sues,target,0.5,300,current_margin,full_frozen,20,0,20,344.6,178.2,166.4,157.6,20.6,0.5170869812188987
sues,target,0.5,300,current_margin,matched,20,6,20,155.1,17.95,137.15,16.5,1.45,0.11255270605267845
sues,target,0.5,300,current_margin_guard,budget10,20,20,20,35.0,0.0,35.0,0.0,0.0,0.0
sues,target,0.5,300,current_margin_guard,budget25,20,20,20,89.0,0.0,89.0,0.0,0.0,0.0
sues,target,0.5,300,current_margin_guard,budget50,18,17,18,178.0,14.11111111111111,163.88888888888889,0.0,14.11111111111111,0.07927590511860175
sues,target,0.5,300,current_margin_guard,full_frozen,20,16,20,181.35,16.55,164.8,0.0,16.55,0.09117003386260551
sues,target,0.5,300,current_margin_guard,matched,20,20,20,171.8,10.55,161.25,0.0,10.55,0.061315891035754876
sues,target,0.5,300,old_margin_guard,budget10,20,20,20,35.0,0.0,35.0,0.0,0.0,0.0
sues,target,0.5,300,old_margin_guard,budget25,20,20,20,89.0,0.0,89.0,0.0,0.0,0.0
sues,target,0.5,300,old_margin_guard,budget50,18,16,18,178.0,14.0,164.0,0.0,14.0,0.07865168539325842
sues,target,0.5,300,old_margin_guard,full_frozen,20,16,20,181.35,16.55,164.8,0.0,16.55,0.09117003386260551
sues,target,0.5,300,old_margin_guard,matched,20,20,20,168.75,9.0,159.75,0.0,9.0,0.05328365318588063
sues,target,0.5,300,sq8_margin_guard,budget10,20,20,20,35.0,0.0,35.0,0.0,0.0,0.0
sues,target,0.5,300,sq8_margin_guard,budget25,20,20,20,89.0,0.0,89.0,0.0,0.0,0.0
sues,target,0.5,300,sq8_margin_guard,budget50,6,6,6,178.0,12.333333333333334,165.66666666666666,0.0,12.333333333333334,0.0692883895131086
sues,target,0.5,300,sq8_margin_guard,full_frozen,20,17,20,176.7,14.0,162.7,0.0,14.0,0.07911582537048327
sues,target,0.5,300,sq8_margin_guard,matched,20,19,20,173.3,11.85,161.45,0.0,11.85,0.06807253685113296
