dataset,arm,fraction,scope,answer_fraction,base,test,joint_masks,expected_reduction,min_reduction,max_reduction
university,target,0.25,pooled,0.1,distance_grid_none,distance_grid_nonempty,20,12.34440496398371,-47.6,82.1
university,target,0.25,pooled,0.1,distance_grid_nonempty,distance_grid_both,20,21.36132558921549,-3.75,49.3
university,target,0.25,pooled,0.1,su_guard,distance_grid_both,20,-3.4623164590099753,-5.1,-0.15
university,target,0.25,pooled,0.1,su_guard,aps_grid_both,20,-5.580783111871996,-6.9,-0.95
university,target,0.25,pooled,0.1,distance_grid_none,distance_exact_none,20,-5.069415292315996,-42.35,43.4
university,target,0.25,pooled,0.1,aps_grid_none,aps_exact_none,20,-1.2412197333137343,-7.3,0.9
university,target,0.25,pooled,0.1,distance_grid_both,distance_exact_both,20,-3.2653777576045813,-7.1,-1.1
university,target,0.25,pooled,0.1,aps_grid_both,aps_exact_both,20,-0.7379668881280042,-5.4,0.6
university,target,0.25,pooled,0.1,su_guard,distance_exact_both,20,-6.727694216614557,-7.25,-6.2
university,target,0.25,pooled,0.1,su_guard,aps_exact_both,20,-6.31875,-6.35,-6.3
university,target,0.25,pooled,0.25,distance_grid_none,distance_grid_nonempty,20,32.44632693533753,2.85,46.65
university,target,0.25,pooled,0.25,distance_grid_nonempty,distance_grid_both,20,50.198261089371485,37.6,80.25
university,target,0.25,pooled,0.25,su_guard,distance_grid_both,20,-7.287174531281215,-9.4,-2.65
university,target,0.25,pooled,0.25,su_guard,aps_grid_both,20,-6.302648994140731,-11.4,-4.45
university,target,0.25,pooled,0.25,distance_grid_none,distance_exact_none,20,-0.20386328663314474,-7.3,7.75
university,target,0.25,pooled,0.25,aps_grid_none,aps_exact_none,20,3.9473876111173154,-5.45,31.85
university,target,0.25,pooled,0.25,distance_grid_both,distance_exact_both,20,-5.284202254700834,-10.25,-2.85
university,target,0.25,pooled,0.25,aps_grid_both,aps_exact_both,20,-0.6326944302057843,-3.0,5.7
university,target,0.25,pooled,0.25,su_guard,distance_exact_both,20,-12.57137678598205,-12.9,-12.25
university,target,0.25,pooled,0.25,su_guard,aps_exact_both,20,-6.935343424346516,-7.45,-5.7
university,target,0.25,pooled,0.5,distance_grid_none,distance_grid_nonempty,20,53.60457744225572,42.3,83.0
university,target,0.25,pooled,0.5,distance_grid_nonempty,distance_grid_both,20,88.56355148986914,74.5,94.65
university,target,0.25,pooled,0.5,su_guard,distance_grid_both,20,-12.066687916476802,-13.55,-10.75
university,target,0.25,pooled,0.5,su_guard,aps_grid_both,20,-5.568806703650116,-6.9,0.05
university,target,0.25,pooled,0.5,distance_grid_none,distance_exact_none,20,0.1796045406856422,-7.45,17.9
university,target,0.25,pooled,0.5,aps_grid_none,aps_exact_none,20,5.523248500892925,-22.35,22.2
university,target,0.25,pooled,0.5,distance_grid_both,distance_exact_both,20,-6.574311329375385,-8.05,-5.0
university,target,0.25,pooled,0.5,aps_grid_both,aps_exact_both,20,-0.010644754127228229,-6.0,2.85
university,target,0.25,pooled,0.5,su_guard,distance_exact_both,20,-18.640999245852186,-18.8,-18.55
university,target,0.25,pooled,0.5,su_guard,aps_exact_both,20,-5.579451457777345,-5.95,-4.05
university,control,0.25,pooled,0.1,distance_grid_none,distance_grid_nonempty,20,2.6842775392317657,-5.0,10.0
university,control,0.25,pooled,0.1,distance_grid_nonempty,distance_grid_both,20,0.0,-5.0,5.0
university,control,0.25,pooled,0.1,su_guard,distance_grid_both,20,-2.9464369701102258,-5.0,0.0
university,control,0.25,pooled,0.1,su_guard,aps_grid_both,20,-5.782671359698323,-8.65,-2.0
university,control,0.25,pooled,0.1,distance_grid_none,distance_exact_none,20,-1.506015144222028,-8.0,3.0
university,control,0.25,pooled,0.1,aps_grid_none,aps_exact_none,20,-1.8509856675925742,-5.85,1.2
university,control,0.25,pooled,0.1,distance_grid_both,distance_exact_both,20,-4.1902926834537935,-8.0,-2.0
university,control,0.25,pooled,0.1,aps_grid_both,aps_exact_both,20,-1.8673286403016764,-5.65,1.0
university,control,0.25,pooled,0.1,su_guard,distance_exact_both,20,-7.13672965356402,-8.0,-7.0
university,control,0.25,pooled,0.1,su_guard,aps_exact_both,20,-7.65,-7.65,-7.65
university,control,0.25,pooled,0.25,distance_grid_none,distance_grid_nonempty,20,6.511485647005138,-1.0,16.0
university,control,0.25,pooled,0.25,distance_grid_nonempty,distance_grid_both,20,0.0,-6.0,6.0
university,control,0.25,pooled,0.25,su_guard,distance_grid_both,20,-6.87824020294471,-10.35,-4.35
university,control,0.25,pooled,0.25,su_guard,aps_grid_both,20,-9.01350710644768,-16.0,-8.0
university,control,0.25,pooled,0.25,distance_grid_none,distance_exact_none,20,0.8381448222818637,-3.5,8.3
university,control,0.25,pooled,0.25,aps_grid_none,aps_exact_none,20,-0.2893999812919411,-1.55,8.55
university,control,0.25,pooled,0.25,distance_grid_both,distance_exact_both,20,-5.673340824723274,-8.5,-1.7
university,control,0.25,pooled,0.25,aps_grid_both,aps_exact_both,20,0.1132645178469435,-1.0,8.0
university,control,0.25,pooled,0.25,su_guard,distance_exact_both,20,-12.551581027667984,-12.85,-12.05
university,control,0.25,pooled,0.25,su_guard,aps_exact_both,20,-8.900242588600737,-9.0,-8.0
university,control,0.25,pooled,0.5,distance_grid_none,distance_grid_nonempty,20,10.265601526627652,5.0,16.0
university,control,0.25,pooled,0.5,distance_grid_nonempty,distance_grid_both,20,-0.02622934769343326,-5.0,5.0
university,control,0.25,pooled,0.5,su_guard,distance_grid_both,20,-10.146940044518763,-10.6,-5.6
university,control,0.25,pooled,0.5,su_guard,aps_grid_both,20,-7.478648323542667,-11.25,-3.25
university,control,0.25,pooled,0.5,distance_grid_none,distance_exact_none,20,1.55297889011965,-3.45,2.95
university,control,0.25,pooled,0.5,aps_grid_none,aps_exact_none,20,0.9563826794835627,-3.55,5.0
university,control,0.25,pooled,0.5,distance_grid_both,distance_exact_both,20,-7.8547998822211635,-12.85,-7.15
university,control,0.25,pooled,0.5,aps_grid_both,aps_exact_both,20,1.2286483235426673,-3.0,5.0
university,control,0.25,pooled,0.5,su_guard,distance_exact_both,20,-18.001739926739926,-18.45,-17.75
university,control,0.25,pooled,0.5,su_guard,aps_exact_both,20,-6.25,-6.25,-6.25
university,target,0.5,pooled,0.1,distance_grid_none,distance_grid_nonempty,20,13.135239291074626,-71.4,73.65
university,target,0.5,pooled,0.1,distance_grid_nonempty,distance_grid_both,20,41.13847451294316,3.7,81.85
university,target,0.5,pooled,0.1,su_guard,distance_grid_both,20,-2.6460613258569126,-3.95,0.55
university,target,0.5,pooled,0.1,su_guard,aps_grid_both,20,-4.374208847597005,-8.7,-4.05
university,target,0.5,pooled,0.1,distance_grid_none,distance_exact_none,20,-5.363589927272815,-58.1,23.05
university,target,0.5,pooled,0.1,aps_grid_none,aps_exact_none,20,1.1695902389622634,-2.55,14.55
university,target,0.5,pooled,0.1,distance_grid_both,distance_exact_both,20,-1.7782301643372143,-5.45,-0.15
university,target,0.5,pooled,0.1,aps_grid_both,aps_exact_both,20,-0.24358540832224987,-0.9,4.6
university,target,0.5,pooled,0.1,su_guard,distance_exact_both,20,-4.424291490194127,-4.9,-4.1
university,target,0.5,pooled,0.1,su_guard,aps_exact_both,20,-4.6177942559192555,-4.95,-4.1
university,target,0.5,pooled,0.25,distance_grid_none,distance_grid_nonempty,20,34.754081186817615,-17.5,110.35
university,target,0.5,pooled,0.25,distance_grid_nonempty,distance_grid_both,20,97.1693295950763,87.85,107.05
university,target,0.5,pooled,0.25,su_guard,distance_grid_both,20,-6.029595225370937,-6.95,-4.35
university,target,0.5,pooled,0.25,su_guard,aps_grid_both,20,-3.4127048068159254,-5.45,-0.8
university,target,0.5,pooled,0.25,distance_grid_none,distance_exact_none,20,-5.8593484969275025,-52.3,64.55
university,target,0.5,pooled,0.25,aps_grid_none,aps_exact_none,20,8.816121839123934,-13.8,33.75
university,target,0.5,pooled,0.25,distance_grid_both,distance_exact_both,20,-3.4404329701177856,-5.2,-2.25
university,target,0.5,pooled,0.25,aps_grid_both,aps_exact_both,20,0.2903039358468721,-3.15,2.5
university,target,0.5,pooled,0.25,su_guard,distance_exact_both,20,-9.470028195488721,-9.55,-9.2
university,target,0.5,pooled,0.25,su_guard,aps_exact_both,20,-3.1224008709690536,-3.95,-2.95
university,target,0.5,pooled,0.5,distance_grid_none,distance_grid_nonempty,20,75.49965219565382,20.4,126.55
university,target,0.5,pooled,0.5,distance_grid_nonempty,distance_grid_both,4,167.51194131938755,154.5,184.5
university,target,0.5,pooled,0.5,su_guard,distance_grid_both,4,0.0,0.0,0.0
university,target,0.5,pooled,0.5,su_guard,aps_grid_both,11,-2.9605836564023518,-5.363636363636363,1.7272727272727273
university,target,0.5,pooled,0.5,distance_grid_none,distance_exact_none,20,-3.1817941439103974,-45.15,36.25
university,target,0.5,pooled,0.5,aps_grid_none,aps_exact_none,20,7.139618574459386,-24.05,31.75
university,target,0.5,pooled,0.5,distance_grid_both,distance_exact_both,4,-3.25,-3.25,-3.25
university,target,0.5,pooled,0.5,aps_grid_both,aps_exact_both,11,1.8935007393194347,-3.727272727272727,5.454545454545454
university,target,0.5,pooled,0.5,su_guard,distance_exact_both,9,-2.2222222222222223,-2.2222222222222223,-2.2222222222222223
university,target,0.5,pooled,0.5,su_guard,aps_exact_both,11,-1.0670829170829166,-2.0,0.09090909090909091
sues,target,0.25,pooled,0.1,distance_grid_none,distance_grid_nonempty,20,15.53155759836288,-12.05,42.9
sues,target,0.25,pooled,0.1,distance_grid_nonempty,distance_grid_both,20,36.77293800580868,23.3,47.85
sues,target,0.25,pooled,0.1,su_guard,distance_grid_both,20,-15.199586279533808,-19.75,-11.3
sues,target,0.25,pooled,0.1,su_guard,aps_grid_both,20,-1.3452226431766805,-3.95,-0.55
sues,target,0.25,pooled,0.1,distance_grid_none,distance_exact_none,20,0.4676468893911185,-22.0,20.75
sues,target,0.25,pooled,0.1,aps_grid_none,aps_exact_none,20,0.19165816388065693,-2.35,4.45
sues,target,0.25,pooled,0.1,distance_grid_both,distance_exact_both,20,-5.357273547954473,-11.0,0.7
sues,target,0.25,pooled,0.1,aps_grid_both,aps_exact_both,20,0.22154619683729732,-1.0,3.1
sues,target,0.25,pooled,0.1,su_guard,distance_exact_both,20,-20.556859827488278,-22.3,-19.05
sues,target,0.25,pooled,0.1,su_guard,aps_exact_both,20,-1.1236764463393834,-1.55,-0.85
sues,target,0.25,pooled,0.25,distance_grid_none,distance_grid_nonempty,20,27.898373833117212,17.8,38.95
sues,target,0.25,pooled,0.25,distance_grid_nonempty,distance_grid_both,20,75.87728249441952,67.45,83.2
sues,target,0.25,pooled,0.25,su_guard,distance_grid_both,20,-49.241043635096915,-52.6,-46.75
sues,target,0.25,pooled,0.25,su_guard,aps_grid_both,20,-28.05449131277963,-74.4,-6.2
sues,target,0.25,pooled,0.25,distance_grid_none,distance_exact_none,20,0.835883343348813,-7.4,9.45
sues,target,0.25,pooled,0.25,aps_grid_none,aps_exact_none,20,5.85447195831812,-44.85,97.35
sues,target,0.25,pooled,0.25,distance_grid_both,distance_exact_both,20,-4.443656444235519,-8.05,0.0
sues,target,0.25,pooled,0.25,aps_grid_both,aps_exact_both,20,4.209941547810077,-29.35,60.25
sues,target,0.25,pooled,0.25,su_guard,distance_exact_both,20,-53.68470007933244,-54.8,-52.6
sues,target,0.25,pooled,0.25,su_guard,aps_exact_both,20,-23.844549764969553,-35.55,-14.15
sues,target,0.25,pooled,0.5,distance_grid_none,distance_grid_nonempty,20,36.8415257699787,24.9,50.35
sues,target,0.25,pooled,0.5,distance_grid_nonempty,distance_grid_both,20,138.7461208118274,131.05,145.55
sues,target,0.25,pooled,0.5,su_guard,distance_grid_both,20,-101.43224095390292,-103.85,-99.8
sues,target,0.25,pooled,0.5,su_guard,aps_grid_both,20,-68.09907801077169,-101.9,-51.6
sues,target,0.25,pooled,0.5,distance_grid_none,distance_exact_none,20,-0.03432116835560635,-10.4,11.15
sues,target,0.25,pooled,0.5,aps_grid_none,aps_exact_none,20,1.468226328622214,-14.7,17.05
sues,target,0.25,pooled,0.5,distance_grid_both,distance_exact_both,20,-8.921546484149228,-11.4,-5.75
sues,target,0.25,pooled,0.5,aps_grid_both,aps_exact_both,20,2.6713109423641166,-18.75,43.15
sues,target,0.25,pooled,0.5,su_guard,distance_exact_both,20,-110.35378743805215,-111.2,-109.6
sues,target,0.25,pooled,0.5,su_guard,aps_exact_both,20,-65.42776706840758,-70.35,-58.75
sues,target,0.25,150,0.1,distance_grid_none,distance_grid_nonempty,20,5.82863346830999,-1.65,13.5
sues,target,0.25,150,0.1,distance_grid_nonempty,distance_grid_both,20,7.152856078517909,1.0,13.3
sues,target,0.25,150,0.1,su_guard,distance_grid_both,20,-6.478730959195727,-7.65,-5.2
sues,target,0.25,150,0.1,su_guard,aps_grid_both,20,-7.29884912581916,-17.95,-2.95
sues,target,0.25,150,0.1,distance_grid_none,distance_exact_none,20,0.15220664488476512,-4.35,4.75
sues,target,0.25,150,0.1,aps_grid_none,aps_exact_none,20,-0.2640751806208836,-8.5,11.4
sues,target,0.25,150,0.1,distance_grid_both,distance_exact_both,20,-2.8068642788995115,-4.6,-1.15
sues,target,0.25,150,0.1,aps_grid_both,aps_exact_both,20,-0.1033018253801787,-8.2,12.8
sues,target,0.25,150,0.1,su_guard,distance_exact_both,20,-9.285595238095237,-9.8,-8.8
sues,target,0.25,150,0.1,su_guard,aps_exact_both,20,-7.402150951199339,-11.15,-5.15
sues,target,0.25,150,0.25,distance_grid_none,distance_grid_nonempty,20,9.535450185338496,3.7,14.4
sues,target,0.25,150,0.25,distance_grid_nonempty,distance_grid_both,20,14.196227546705103,11.7,16.9
sues,target,0.25,150,0.25,su_guard,distance_grid_both,20,-16.386599747861357,-17.35,-15.55
sues,target,0.25,150,0.25,su_guard,aps_grid_both,20,-18.23597197866775,-23.95,-4.55
sues,target,0.25,150,0.25,distance_grid_none,distance_exact_none,20,0.13224092293767137,-6.4,6.2
sues,target,0.25,150,0.25,aps_grid_none,aps_exact_none,20,-0.3994889307494926,-27.55,19.05
sues,target,0.25,150,0.25,distance_grid_both,distance_exact_both,20,-3.5926462838846747,-4.8,-2.2
sues,target,0.25,150,0.25,aps_grid_both,aps_exact_both,20,-0.12614229058612753,-18.85,13.55
sues,target,0.25,150,0.25,su_guard,distance_exact_both,20,-19.979246031746033,-20.35,-19.55
sues,target,0.25,150,0.25,su_guard,aps_exact_both,20,-18.362114269253876,-23.4,-10.4
sues,target,0.25,150,0.5,distance_grid_none,distance_grid_nonempty,20,13.250912950197478,8.0,18.15
sues,target,0.25,150,0.5,distance_grid_nonempty,distance_grid_both,20,23.29606680646545,19.6,26.75
sues,target,0.25,150,0.5,su_guard,distance_grid_both,20,-23.36445153702507,-24.25,-22.55
sues,target,0.25,150,0.5,su_guard,aps_grid_both,20,-25.745311225764784,-28.6,-21.4
sues,target,0.25,150,0.5,distance_grid_none,distance_exact_none,20,0.2615320262887238,-2.85,2.9
sues,target,0.25,150,0.5,aps_grid_none,aps_exact_none,20,3.6215772068445573,-16.35,21.35
sues,target,0.25,150,0.5,distance_grid_both,distance_exact_both,20,-4.534098246524718,-5.9,-3.0
sues,target,0.25,150,0.5,aps_grid_both,aps_exact_both,20,1.0929998698579606,-5.05,5.6
sues,target,0.25,150,0.5,su_guard,distance_exact_both,20,-27.898549783549782,-28.45,-27.25
sues,target,0.25,150,0.5,su_guard,aps_exact_both,20,-24.652311355906825,-26.45,-23.0
sues,target,0.25,200,0.1,distance_grid_none,distance_grid_nonempty,20,2.188092770546477,-6.8,11.45
sues,target,0.25,200,0.1,distance_grid_nonempty,distance_grid_both,20,10.2539105412443,4.65,14.8
sues,target,0.25,200,0.1,su_guard,distance_grid_both,20,-4.499797232463473,-5.7,-3.7
sues,target,0.25,200,0.1,su_guard,aps_grid_both,20,-0.2623144888170464,-0.55,0.0
sues,target,0.25,200,0.1,distance_grid_none,distance_exact_none,20,0.3797584197121262,-5.45,6.0
sues,target,0.25,200,0.1,aps_grid_none,aps_exact_none,20,0.23616047209397592,-0.25,0.7
sues,target,0.25,200,0.1,distance_grid_both,distance_exact_both,20,-0.4928614976952573,-1.85,1.25
sues,target,0.25,200,0.1,aps_grid_both,aps_exact_both,20,0.1324899274135376,-0.2,0.45
sues,target,0.25,200,0.1,su_guard,distance_exact_both,20,-4.99265873015873,-5.55,-4.45
sues,target,0.25,200,0.1,su_guard,aps_exact_both,20,-0.1298245614035088,-0.2,-0.1
sues,target,0.25,200,0.25,distance_grid_none,distance_grid_nonempty,20,5.56447594072594,2.6,8.55
sues,target,0.25,200,0.25,distance_grid_nonempty,distance_grid_both,20,20.508572399822402,17.9,22.8
sues,target,0.25,200,0.25,su_guard,distance_grid_both,20,-12.70812173937174,-14.05,-11.6
sues,target,0.25,200,0.25,su_guard,aps_grid_both,20,-10.389859908863103,-24.9,-0.45
sues,target,0.25,200,0.25,distance_grid_none,distance_exact_none,20,0.2569637307137304,-1.85,2.25
sues,target,0.25,200,0.25,aps_grid_none,aps_exact_none,20,1.1779704333892875,-14.85,28.1
sues,target,0.25,200,0.25,distance_grid_both,distance_exact_both,20,-0.8006877844377847,-2.3,0.9
sues,target,0.25,200,0.25,aps_grid_both,aps_exact_both,20,1.176956126845854,-10.95,19.75
sues,target,0.25,200,0.25,su_guard,distance_exact_both,20,-13.508809523809523,-13.9,-13.15
sues,target,0.25,200,0.25,su_guard,aps_exact_both,20,-9.212903782017248,-11.4,-5.15
sues,target,0.25,200,0.5,distance_grid_none,distance_grid_nonempty,20,9.662454340876065,6.45,13.65
sues,target,0.25,200,0.5,distance_grid_nonempty,distance_grid_both,20,36.990962437526576,35.05,38.8
sues,target,0.25,200,0.5,su_guard,distance_grid_both,20,-21.598214285714285,-22.1,-21.15
sues,target,0.25,200,0.5,su_guard,aps_grid_both,20,-21.185508138109316,-28.1,-16.75
sues,target,0.25,200,0.5,distance_grid_none,distance_exact_none,20,-0.13221126228731706,-3.2,3.25
sues,target,0.25,200,0.5,aps_grid_none,aps_exact_none,20,1.035379212729679,-6.95,10.15
sues,target,0.25,200,0.5,distance_grid_both,distance_exact_both,20,-1.4086309523809522,-2.15,-0.55
sues,target,0.25,200,0.5,aps_grid_both,aps_exact_both,20,0.9686376004344307,-4.4,9.15
sues,target,0.25,200,0.5,su_guard,distance_exact_both,20,-23.006845238095238,-23.3,-22.65
sues,target,0.25,200,0.5,su_guard,aps_exact_both,20,-20.216870537674886,-21.15,-18.95
sues,target,0.25,250,0.1,distance_grid_none,distance_grid_nonempty,20,4.00261658950707,-0.85,7.8
sues,target,0.25,250,0.1,distance_grid_nonempty,distance_grid_both,20,8.525302615231896,6.75,10.3
sues,target,0.25,250,0.1,su_guard,distance_grid_both,20,-1.6774898256404012,-2.25,-1.2
sues,target,0.25,250,0.1,su_guard,aps_grid_both,20,-0.5873867163878581,-0.75,-0.05
sues,target,0.25,250,0.1,distance_grid_none,distance_exact_none,20,-0.0372695410492053,-4.25,3.1
sues,target,0.25,250,0.1,aps_grid_none,aps_exact_none,20,-0.2108608707856508,-1.15,0.1
sues,target,0.25,250,0.1,distance_grid_both,distance_exact_both,20,-0.7958435076929322,-1.35,-0.15
sues,target,0.25,250,0.1,aps_grid_both,aps_exact_both,20,-0.16261328361214195,-0.7,0.0
sues,target,0.25,250,0.1,su_guard,distance_exact_both,20,-2.4733333333333336,-2.55,-2.4
sues,target,0.25,250,0.1,su_guard,aps_exact_both,20,-0.75,-0.75,-0.75
sues,target,0.25,250,0.25,distance_grid_none,distance_grid_nonempty,20,6.467436419789361,3.95,8.75
sues,target,0.25,250,0.25,distance_grid_nonempty,distance_grid_both,20,17.79807722506252,16.15,19.55
sues,target,0.25,250,0.25,su_guard,distance_grid_both,20,-9.405281279178338,-9.85,-9.05
sues,target,0.25,250,0.25,su_guard,aps_grid_both,20,-4.557353540142957,-14.55,-2.4
sues,target,0.25,250,0.25,distance_grid_none,distance_exact_none,20,-0.040658899923605316,-1.95,1.75
sues,target,0.25,250,0.25,aps_grid_none,aps_exact_none,20,-0.007848017034510369,-6.05,14.65
sues,target,0.25,250,0.25,distance_grid_both,distance_exact_both,20,-0.5772187208216618,-1.15,0.1
sues,target,0.25,250,0.25,aps_grid_both,aps_exact_both,20,0.24793477140642492,-4.5,10.85
sues,target,0.25,250,0.25,su_guard,distance_exact_both,20,-9.9825,-10.2,-9.75
sues,target,0.25,250,0.25,su_guard,aps_exact_both,20,-4.309418768736532,-6.9,-3.7
sues,target,0.25,250,0.5,distance_grid_none,distance_grid_nonempty,20,8.411308162026126,4.7,11.8
sues,target,0.25,250,0.5,distance_grid_nonempty,distance_grid_both,20,37.388168191457666,35.75,38.95
sues,target,0.25,250,0.5,su_guard,distance_grid_both,20,-22.525273199023196,-23.0,-22.1
sues,target,0.25,250,0.5,su_guard,aps_grid_both,20,-12.328842382980081,-14.5,-9.5
sues,target,0.25,250,0.5,distance_grid_none,distance_exact_none,20,0.2991377762973041,-3.85,4.2
sues,target,0.25,250,0.5,aps_grid_none,aps_exact_none,20,1.8955550329746473,-13.75,12.65
sues,target,0.25,250,0.5,distance_grid_both,distance_exact_both,20,-1.2443101343101346,-1.8,-0.65
sues,target,0.25,250,0.5,aps_grid_both,aps_exact_both,20,0.48102039856026774,-3.45,4.3
sues,target,0.25,250,0.5,su_guard,distance_exact_both,20,-23.769583333333333,-23.9,-23.65
sues,target,0.25,250,0.5,su_guard,aps_exact_both,20,-11.847821984419813,-12.95,-10.2
sues,target,0.25,300,0.1,distance_grid_none,distance_grid_nonempty,20,3.3960736072170876,-1.0,7.6
sues,target,0.25,300,0.1,distance_grid_nonempty,distance_grid_both,20,10.960801985105826,9.05,14.3
sues,target,0.25,300,0.1,su_guard,distance_grid_both,20,-0.05454545454545454,-0.1,-0.05
sues,target,0.25,300,0.1,su_guard,aps_grid_both,20,0.0,0.0,0.0
sues,target,0.25,300,0.1,distance_grid_none,distance_exact_none,20,0.03844846389578462,-1.65,2.85
sues,target,0.25,300,0.1,aps_grid_none,aps_exact_none,20,0.25439696990736627,-0.8,1.5
sues,target,0.25,300,0.1,distance_grid_both,distance_exact_both,20,0.004545454545454542,0.0,0.05
sues,target,0.25,300,0.1,aps_grid_both,aps_exact_both,20,0.0,0.0,0.0
sues,target,0.25,300,0.1,su_guard,distance_exact_both,20,-0.05,-0.05,-0.05
sues,target,0.25,300,0.1,su_guard,aps_exact_both,20,0.0,0.0,0.0
sues,target,0.25,300,0.25,distance_grid_none,distance_grid_nonempty,20,4.035392372720159,1.25,6.8
sues,target,0.25,300,0.25,distance_grid_nonempty,distance_grid_both,20,25.36867045171031,23.75,27.0
sues,target,0.25,300,0.25,su_guard,distance_grid_both,20,-2.7058823529411766,-2.75,-2.7
sues,target,0.25,300,0.25,su_guard,aps_grid_both,20,-0.8517454369758746,-3.1,-0.4
sues,target,0.25,300,0.25,distance_grid_none,distance_exact_none,20,0.038933272609743066,-1.7,1.8
sues,target,0.25,300,0.25,aps_grid_none,aps_exact_none,20,-0.09329836255597164,-2.15,1.65
sues,target,0.25,300,0.25,distance_grid_both,distance_exact_both,20,0.0008823529411764675,-0.05,0.05
sues,target,0.25,300,0.25,aps_grid_both,aps_exact_both,20,0.009933790490315057,-0.8,2.4
sues,target,0.25,300,0.25,su_guard,distance_exact_both,20,-2.705,-2.75,-2.7
sues,target,0.25,300,0.25,su_guard,aps_exact_both,20,-0.8418116464855595,-1.2,-0.7
sues,target,0.25,300,0.5,distance_grid_none,distance_grid_nonempty,20,6.381773416641837,3.85,9.15
sues,target,0.25,300,0.5,distance_grid_nonempty,distance_grid_both,20,41.58830840942683,40.3,42.65
sues,target,0.25,300,0.5,su_guard,distance_grid_both,20,-14.908333333333335,-15.1,-14.8
sues,target,0.25,300,0.5,su_guard,aps_grid_both,20,-5.359514205780242,-6.6,-0.75
sues,target,0.25,300,0.5,distance_grid_none,distance_exact_none,20,0.15690722289406445,-1.95,2.3
sues,target,0.25,300,0.5,aps_grid_none,aps_exact_none,20,3.652709731527854,-15.0,12.25
sues,target,0.25,300,0.5,distance_grid_both,distance_exact_both,20,-0.8621428571428572,-1.05,-0.55
sues,target,0.25,300,0.5,aps_grid_both,aps_exact_both,20,0.5494937772423708,-5.85,3.25
sues,target,0.25,300,0.5,su_guard,distance_exact_both,20,-15.770476190476192,-15.85,-15.65
sues,target,0.25,300,0.5,su_guard,aps_exact_both,20,-4.81002042853787,-6.6,-3.35
sues,control,0.25,pooled,0.1,distance_grid_none,distance_grid_nonempty,20,8.96793899662058,2.55,16.6
sues,control,0.25,pooled,0.1,distance_grid_nonempty,distance_grid_both,20,0.5595426441343333,-4.65,6.25
sues,control,0.25,pooled,0.1,su_guard,distance_grid_both,20,-5.514365201949395,-6.65,-1.35
sues,control,0.25,pooled,0.1,su_guard,aps_grid_both,20,-0.8121063618213844,-1.0,0.0
sues,control,0.25,pooled,0.1,distance_grid_none,distance_exact_none,20,1.2409128901759292,-4.5,5.75
sues,control,0.25,pooled,0.1,aps_grid_none,aps_exact_none,20,-0.18789363817861565,-1.0,0.0
sues,control,0.25,pooled,0.1,distance_grid_both,distance_exact_both,20,-1.7108632136315243,-7.1,0.7
sues,control,0.25,pooled,0.1,aps_grid_both,aps_exact_both,20,-0.18789363817861565,-1.0,0.0
sues,control,0.25,pooled,0.1,su_guard,distance_exact_both,20,-7.225228415580919,-8.45,-5.95
sues,control,0.25,pooled,0.1,su_guard,aps_exact_both,20,-1.0,-1.0,-1.0
sues,control,0.25,pooled,0.25,distance_grid_none,distance_grid_nonempty,20,17.011331336521263,11.7,23.6
sues,control,0.25,pooled,0.25,distance_grid_nonempty,distance_grid_both,20,7.120272274578603,4.45,9.35
sues,control,0.25,pooled,0.25,su_guard,distance_grid_both,20,-22.434001259835007,-23.05,-21.75
sues,control,0.25,pooled,0.25,su_guard,aps_grid_both,20,-14.992153721911503,-68.45,-6.1
sues,control,0.25,pooled,0.25,distance_grid_none,distance_exact_none,20,0.2248635568653885,-5.25,6.55
sues,control,0.25,pooled,0.25,aps_grid_none,aps_exact_none,20,2.517385171053422,-9.8,61.1
sues,control,0.25,pooled,0.25,distance_grid_both,distance_exact_both,20,-5.596913741253796,-6.95,-4.35
sues,control,0.25,pooled,0.25,aps_grid_both,aps_exact_both,20,2.2831154653030907,-10.45,56.95
sues,control,0.25,pooled,0.25,su_guard,distance_exact_both,20,-28.030915001088808,-28.7,-27.4
sues,control,0.25,pooled,0.25,su_guard,aps_exact_both,20,-12.709038256608412,-16.55,-11.5
sues,control,0.25,pooled,0.5,distance_grid_none,distance_grid_nonempty,20,25.567109628935206,20.5,37.35
sues,control,0.25,pooled,0.5,distance_grid_nonempty,distance_grid_both,20,14.369179801883385,7.1,18.25
sues,control,0.25,pooled,0.5,su_guard,distance_grid_both,20,-61.89931175062471,-63.8,-60.15
sues,control,0.25,pooled,0.5,su_guard,aps_grid_both,20,-54.741839698892946,-66.5,-4.15
sues,control,0.25,pooled,0.5,distance_grid_none,distance_exact_none,20,-1.2836580052776037,-8.25,6.35
sues,control,0.25,pooled,0.5,aps_grid_none,aps_exact_none,20,1.5896801089102524,-64.7,32.75
sues,control,0.25,pooled,0.5,distance_grid_both,distance_exact_both,20,-10.175711954044976,-12.65,-6.1
sues,control,0.25,pooled,0.5,aps_grid_both,aps_exact_both,20,1.8086812369469834,-60.35,31.05
sues,control,0.25,pooled,0.5,su_guard,distance_exact_both,20,-72.07502370466969,-72.8,-69.9
sues,control,0.25,pooled,0.5,su_guard,aps_exact_both,20,-52.93315846194596,-64.5,-35.45
sues,control,0.25,150,0.1,distance_grid_none,distance_grid_nonempty,20,5.6905787399999355,3.05,8.0
sues,control,0.25,150,0.1,distance_grid_nonempty,distance_grid_both,20,0.3744763899546509,-1.7,3.6
sues,control,0.25,150,0.1,su_guard,distance_grid_both,20,-2.1865618616488183,-3.45,-0.8
sues,control,0.25,150,0.1,su_guard,aps_grid_both,20,-3.6659512815979163,-10.0,-1.7
sues,control,0.25,150,0.1,distance_grid_none,distance_exact_none,20,0.09774086772728081,-1.35,2.05
sues,control,0.25,150,0.1,aps_grid_none,aps_exact_none,20,-0.32735960477440906,-3.8,6.85
sues,control,0.25,150,0.1,distance_grid_both,distance_exact_both,20,-1.2593996768127202,-2.8,0.2
sues,control,0.25,150,0.1,aps_grid_both,aps_exact_both,20,-0.3081915734913338,-3.8,6.85
sues,control,0.25,150,0.1,su_guard,distance_exact_both,20,-3.445961538461538,-3.6,-3.25
sues,control,0.25,150,0.1,su_guard,aps_exact_both,20,-3.97414285508925,-5.5,-3.15
sues,control,0.25,150,0.25,distance_grid_none,distance_grid_nonempty,20,7.2347194481931325,3.75,10.2
sues,control,0.25,150,0.25,distance_grid_nonempty,distance_grid_both,20,1.8124397650423192,-2.0,5.45
sues,control,0.25,150,0.25,su_guard,distance_grid_both,20,-10.79562751855128,-13.0,-8.75
sues,control,0.25,150,0.25,su_guard,aps_grid_both,20,-15.427993797571627,-24.95,-0.65
sues,control,0.25,150,0.25,distance_grid_none,distance_exact_none,20,0.21046349946349902,-2.4,2.7
sues,control,0.25,150,0.25,aps_grid_none,aps_exact_none,20,-2.93368563150226,-25.9,11.9
sues,control,0.25,150,0.25,distance_grid_both,distance_exact_both,20,-2.9233930442192824,-5.7,-0.2
sues,control,0.25,150,0.25,aps_grid_both,aps_exact_both,20,-1.844625777631676,-23.3,11.7
sues,control,0.25,150,0.25,su_guard,distance_exact_both,20,-13.719020562770563,-14.45,-13.2
sues,control,0.25,150,0.25,su_guard,aps_exact_both,20,-17.272619575203304,-23.95,-13.25
sues,control,0.25,150,0.5,distance_grid_none,distance_grid_nonempty,20,9.96997167956339,2.95,14.85
sues,control,0.25,150,0.5,distance_grid_nonempty,distance_grid_both,20,4.549388581302035,1.0,10.4
sues,control,0.25,150,0.5,su_guard,distance_grid_both,20,-24.618171773878295,-25.55,-23.35
sues,control,0.25,150,0.5,su_guard,aps_grid_both,20,-31.524776275226127,-40.15,-20.8
sues,control,0.25,150,0.5,distance_grid_none,distance_exact_none,20,0.814476479188167,-2.15,3.55
sues,control,0.25,150,0.5,aps_grid_none,aps_exact_none,20,2.2981433115804544,-10.2,15.35
sues,control,0.25,150,0.5,distance_grid_both,distance_exact_both,20,-4.118943610737089,-5.55,-2.9
sues,control,0.25,150,0.5,aps_grid_both,aps_exact_both,20,2.75232817646224,-13.8,13.95
sues,control,0.25,150,0.5,su_guard,distance_exact_both,20,-28.737115384615386,-28.9,-28.45
sues,control,0.25,150,0.5,su_guard,aps_exact_both,20,-28.772448098763885,-34.6,-26.2
sues,control,0.25,200,0.1,distance_grid_none,distance_grid_nonempty,20,0.7761407602059776,-1.0,2.95
sues,control,0.25,200,0.1,distance_grid_nonempty,distance_grid_both,20,0.0,-1.95,1.95
sues,control,0.25,200,0.1,su_guard,distance_grid_both,20,-1.5542115605811258,-2.2,-0.25
sues,control,0.25,200,0.1,su_guard,aps_grid_both,20,-0.07755270092226614,-0.95,0.0
sues,control,0.25,200,0.1,distance_grid_none,distance_exact_none,20,0.31666184459662716,-1.6,1.85
sues,control,0.25,200,0.1,aps_grid_none,aps_exact_none,20,0.07755270092226614,0.0,0.95
sues,control,0.25,200,0.1,distance_grid_both,distance_exact_both,20,0.06790203677160198,-1.9,1.35
sues,control,0.25,200,0.1,aps_grid_both,aps_exact_both,20,0.07755270092226614,0.0,0.95
sues,control,0.25,200,0.1,su_guard,distance_exact_both,20,-1.4863095238095236,-2.15,-0.85
sues,control,0.25,200,0.1,su_guard,aps_exact_both,20,0.0,0.0,0.0
sues,control,0.25,200,0.25,distance_grid_none,distance_grid_nonempty,20,4.2890032883782885,3.15,5.65
sues,control,0.25,200,0.25,distance_grid_nonempty,distance_grid_both,20,1.9429853479853478,1.55,2.5
sues,control,0.25,200,0.25,su_guard,distance_grid_both,20,-4.968186813186813,-5.05,-4.6
sues,control,0.25,200,0.25,su_guard,aps_grid_both,20,-6.195142893257865,-22.65,-1.0
sues,control,0.25,200,0.25,distance_grid_none,distance_exact_none,20,0.20350878288378277,-1.15,1.55
sues,control,0.25,200,0.25,aps_grid_none,aps_exact_none,20,-0.3793166241523133,-12.05,19.65
sues,control,0.25,200,0.25,distance_grid_both,distance_exact_both,20,-1.4318131868131867,-1.8,-1.35
sues,control,0.25,200,0.25,aps_grid_both,aps_exact_both,20,-0.3220183016330751,-11.8,18.95
sues,control,0.25,200,0.25,su_guard,distance_exact_both,20,-6.4,-6.4,-6.4
sues,control,0.25,200,0.25,su_guard,aps_exact_both,20,-6.5171611948909405,-12.8,-3.7
sues,control,0.25,200,0.5,distance_grid_none,distance_grid_nonempty,20,8.333618487420733,7.0,10.2
sues,control,0.25,200,0.5,distance_grid_nonempty,distance_grid_both,20,2.889666510511594,1.45,3.8
sues,control,0.25,200,0.5,su_guard,distance_grid_both,20,-15.302271786184829,-16.1,-14.85
sues,control,0.25,200,0.5,su_guard,aps_grid_both,20,-19.717498516665223,-22.5,-4.5
sues,control,0.25,200,0.5,distance_grid_none,distance_exact_none,20,-0.06437224518687383,-1.7,1.5
sues,control,0.25,200,0.5,aps_grid_none,aps_exact_none,20,-0.3689016488649779,-21.0,10.55
sues,control,0.25,200,0.5,distance_grid_both,distance_exact_both,20,-3.043918690005646,-3.6,-2.1
sues,control,0.25,200,0.5,aps_grid_both,aps_exact_both,20,-0.3675047150858049,-18.0,9.85
sues,control,0.25,200,0.5,su_guard,distance_exact_both,20,-18.346190476190475,-18.45,-18.2
sues,control,0.25,200,0.5,su_guard,aps_exact_both,20,-20.085003231751024,-22.5,-12.65
sues,control,0.25,250,0.1,distance_grid_none,distance_grid_nonempty,20,0.9524083388642886,0.0,2.0
sues,control,0.25,250,0.1,distance_grid_nonempty,distance_grid_both,20,0.0,-1.0,1.0
sues,control,0.25,250,0.1,su_guard,distance_grid_both,20,-0.7725786633910203,-1.0,0.0
sues,control,0.25,250,0.1,su_guard,aps_grid_both,20,-0.6266083399023508,-1.0,0.0
sues,control,0.25,250,0.1,distance_grid_none,distance_exact_none,20,0.49601874828705494,-0.7,1.0
sues,control,0.25,250,0.1,aps_grid_none,aps_exact_none,20,-0.36783610454209364,-1.0,0.2
sues,control,0.25,250,0.1,distance_grid_both,distance_exact_both,20,0.2664278697402267,-0.9,0.8
sues,control,0.25,250,0.1,aps_grid_both,aps_exact_both,20,-0.36783610454209364,-1.0,0.2
sues,control,0.25,250,0.1,su_guard,distance_exact_both,20,-0.5061507936507936,-0.9,-0.2
sues,control,0.25,250,0.1,su_guard,aps_exact_both,20,-0.9944444444444445,-1.0,-0.8
sues,control,0.25,250,0.25,distance_grid_none,distance_grid_nonempty,20,1.9722870430223374,1.6,2.2
sues,control,0.25,250,0.25,distance_grid_nonempty,distance_grid_both,20,1.1989422832069891,0.75,1.6
sues,control,0.25,250,0.25,su_guard,distance_grid_both,20,-2.7621894771894775,-3.15,-2.65
sues,control,0.25,250,0.25,su_guard,aps_grid_both,20,-2.5831620325541276,-4.9,-2.3
sues,control,0.25,250,0.25,distance_grid_none,distance_exact_none,20,-0.004914529914529853,-0.25,0.2
sues,control,0.25,250,0.25,aps_grid_none,aps_exact_none,20,0.05444051399533108,-0.9,2.6
sues,control,0.25,250,0.25,distance_grid_both,distance_exact_both,20,-0.08781052281052279,-0.2,0.3
sues,control,0.25,250,0.25,aps_grid_both,aps_exact_both,20,0.050341205505359365,-0.9,2.6
sues,control,0.25,250,0.25,su_guard,distance_exact_both,20,-2.85,-2.85,-2.85
sues,control,0.25,250,0.25,su_guard,aps_exact_both,20,-2.532820827048768,-3.2,-2.3
sues,control,0.25,250,0.5,distance_grid_none,distance_grid_nonempty,20,4.471439273287099,2.9,5.55
sues,control,0.25,250,0.5,distance_grid_nonempty,distance_grid_both,20,1.4621798961907657,-0.2,2.45
sues,control,0.25,250,0.5,su_guard,distance_grid_both,20,-12.754223276723277,-13.8,-12.05
sues,control,0.25,250,0.5,su_guard,aps_grid_both,20,-9.423513942788036,-13.3,-2.4
sues,control,0.25,250,0.5,distance_grid_none,distance_exact_none,20,0.0680905224096433,-1.75,1.75
sues,control,0.25,250,0.5,aps_grid_none,aps_exact_none,20,1.2569387595487658,-8.0,5.65
sues,control,0.25,250,0.5,distance_grid_both,distance_exact_both,20,-0.9885148185148186,-1.9,0.35
sues,control,0.25,250,0.5,aps_grid_both,aps_exact_both,20,1.2677086039137675,-8.8,5.65
sues,control,0.25,250,0.5,su_guard,distance_exact_both,20,-13.742738095238096,-13.95,-13.45
sues,control,0.25,250,0.5,su_guard,aps_exact_both,20,-8.155805338874268,-11.2,-7.65
sues,control,0.25,300,0.1,distance_grid_none,distance_grid_nonempty,20,0.0,-0.4,0.4
sues,control,0.25,300,0.1,distance_grid_nonempty,distance_grid_both,20,0.0819057239057239,0.0,0.4
sues,control,0.25,300,0.1,su_guard,distance_grid_both,20,0.0,0.0,0.0
sues,control,0.25,300,0.1,su_guard,aps_grid_both,20,0.0,0.0,0.0
sues,control,0.25,300,0.1,distance_grid_none,distance_exact_none,20,0.0819057239057239,0.0,0.4
sues,control,0.25,300,0.1,aps_grid_none,aps_exact_none,20,0.0,0.0,0.0
sues,control,0.25,300,0.1,distance_grid_both,distance_exact_both,20,0.0,0.0,0.0
sues,control,0.25,300,0.1,aps_grid_both,aps_exact_both,20,0.0,0.0,0.0
sues,control,0.25,300,0.1,su_guard,distance_exact_both,20,0.0,0.0,0.0
sues,control,0.25,300,0.1,su_guard,aps_exact_both,20,0.0,0.0,0.0
sues,control,0.25,300,0.25,distance_grid_none,distance_grid_nonempty,20,0.0,-1.2,1.2
sues,control,0.25,300,0.25,distance_grid_nonempty,distance_grid_both,20,0.3424100899100899,-0.75,1.65
sues,control,0.25,300,0.25,su_guard,distance_grid_both,20,-0.796449383949384,-1.2,0.0
sues,control,0.25,300,0.25,su_guard,aps_grid_both,20,-0.38041133238501657,-1.0,0.0
sues,control,0.25,300,0.25,distance_grid_none,distance_exact_none,20,0.3088594738594739,-0.65,1.0
sues,control,0.25,300,0.25,aps_grid_none,aps_exact_none,20,-0.2900881871648462,-1.0,1.0
sues,control,0.25,300,0.25,distance_grid_both,distance_exact_both,20,0.32644938394938394,-0.75,1.0
sues,control,0.25,300,0.25,aps_grid_both,aps_exact_both,20,-0.2900881871648462,-1.0,1.0
sues,control,0.25,300,0.25,su_guard,distance_exact_both,20,-0.47000000000000003,-0.75,-0.2
sues,control,0.25,300,0.25,su_guard,aps_exact_both,20,-0.6704995195498629,-1.0,0.0
sues,control,0.25,300,0.5,distance_grid_none,distance_grid_nonempty,20,0.9577586487586487,0.5,1.3
sues,control,0.25,300,0.5,distance_grid_nonempty,distance_grid_both,20,2.2185300625300624,2.0,2.5
sues,control,0.25,300,0.5,su_guard,distance_grid_both,20,-2.6712662337662336,-2.7,-2.5
sues,control,0.25,300,0.5,su_guard,aps_grid_both,20,-3.4293585314089086,-6.5,-1.0
sues,control,0.25,300,0.5,distance_grid_none,distance_exact_none,20,0.06032668418537983,-0.3,0.3
sues,control,0.25,300,0.5,aps_grid_none,aps_exact_none,20,1.4852774499613826,-1.5,5.3
sues,control,0.25,300,0.5,distance_grid_both,distance_exact_both,20,-1.0037337662337662,-1.2,-0.95
sues,control,0.25,300,0.5,aps_grid_both,aps_exact_both,20,1.1585045106560172,-1.5,4.5
sues,control,0.25,300,0.5,su_guard,distance_exact_both,20,-3.675,-3.7,-3.65
sues,control,0.25,300,0.5,su_guard,aps_exact_both,20,-2.2708540207528913,-2.5,-2.0
sues,target,0.5,pooled,0.1,distance_grid_none,distance_grid_nonempty,20,14.093652081480155,-5.9,35.6
sues,target,0.5,pooled,0.1,distance_grid_nonempty,distance_grid_both,20,63.97894172706458,43.1,83.3
sues,target,0.5,pooled,0.1,su_guard,distance_grid_both,20,-23.235786564194658,-25.95,-19.55
sues,target,0.5,pooled,0.1,su_guard,aps_grid_both,20,-5.1442076033266435,-11.6,-2.45
sues,target,0.5,pooled,0.1,distance_grid_none,distance_exact_none,20,0.05443728554638057,-7.4,7.65
sues,target,0.5,pooled,0.1,aps_grid_none,aps_exact_none,20,0.5585218153864415,-6.15,6.75
sues,target,0.5,pooled,0.1,distance_grid_both,distance_exact_both,20,-3.44125776544558,-8.3,0.6
sues,target,0.5,pooled,0.1,aps_grid_both,aps_exact_both,20,0.20015326572051523,-4.65,7.95
sues,target,0.5,pooled,0.1,su_guard,distance_exact_both,20,-26.67704432964024,-27.85,-25.35
sues,target,0.5,pooled,0.1,su_guard,aps_exact_both,20,-4.9440543376061274,-7.1,-3.65
sues,target,0.5,pooled,0.25,distance_grid_none,distance_grid_nonempty,20,30.484618887765368,10.1,56.55
sues,target,0.5,pooled,0.25,distance_grid_nonempty,distance_grid_both,20,141.83565522335812,132.1,153.0
sues,target,0.5,pooled,0.25,su_guard,distance_grid_both,20,-62.726686470902735,-66.25,-59.15
sues,target,0.5,pooled,0.25,su_guard,aps_grid_both,20,-36.42219549451023,-48.85,-0.4
sues,target,0.5,pooled,0.25,distance_grid_none,distance_exact_none,20,0.1446265966558073,-20.5,28.85
sues,target,0.5,pooled,0.25,aps_grid_none,aps_exact_none,20,13.164184329683755,-74.2,85.55
sues,target,0.5,pooled,0.25,distance_grid_both,distance_exact_both,20,-4.454323706273323,-9.7,0.25
sues,target,0.5,pooled,0.25,aps_grid_both,aps_exact_both,20,3.269877751446787,-46.35,29.0
sues,target,0.5,pooled,0.25,su_guard,distance_exact_both,20,-67.18101017717605,-68.85,-66.0
sues,target,0.5,pooled,0.25,su_guard,aps_exact_both,20,-33.15231774306344,-46.75,-19.85
sues,target,0.5,pooled,0.5,distance_grid_none,distance_grid_nonempty,20,42.54302196585276,25.15,61.75
sues,target,0.5,pooled,0.5,distance_grid_nonempty,distance_grid_both,18,262.6852641353114,255.33333333333334,270.0
sues,target,0.5,pooled,0.5,su_guard,distance_grid_both,18,-14.602910052910053,-14.944444444444445,-14.277777777777779
sues,target,0.5,pooled,0.5,su_guard,aps_grid_both,20,-17.23864512669285,-34.35,5.85
sues,target,0.5,pooled,0.5,distance_grid_none,distance_exact_none,20,0.032298493616903554,-12.45,14.9
sues,target,0.5,pooled,0.5,aps_grid_none,aps_exact_none,20,9.502242195805312,-60.8,96.4
sues,target,0.5,pooled,0.5,distance_grid_both,distance_exact_both,18,-5.901719576719576,-6.333333333333333,-5.5
sues,target,0.5,pooled,0.5,aps_grid_both,aps_exact_both,20,0.36149042990455343,-39.75,40.1
sues,target,0.5,pooled,0.5,su_guard,distance_exact_both,19,-19.951754385964914,-20.05263157894737,-19.894736842105264
sues,target,0.5,pooled,0.5,su_guard,aps_exact_both,20,-16.8771546967883,-33.9,5.75
sues,target,0.5,150,0.1,distance_grid_none,distance_grid_nonempty,20,4.319874653869915,-0.35,10.45
sues,target,0.5,150,0.1,distance_grid_nonempty,distance_grid_both,20,12.22572941608153,8.5,14.9
sues,target,0.5,150,0.1,su_guard,distance_grid_both,20,-8.578421507543023,-10.05,-7.4
sues,target,0.5,150,0.1,su_guard,aps_grid_both,20,-8.332013246401415,-20.0,-1.05
sues,target,0.5,150,0.1,distance_grid_none,distance_exact_none,20,-0.01058703211813956,-4.1,5.0
sues,target,0.5,150,0.1,aps_grid_none,aps_exact_none,20,0.41632485187942897,-12.7,15.8
sues,target,0.5,150,0.1,distance_grid_both,distance_exact_both,20,-2.124327410205893,-3.75,-0.15
sues,target,0.5,150,0.1,aps_grid_both,aps_exact_both,20,0.10657335105919037,-8.9,13.75
sues,target,0.5,150,0.1,su_guard,distance_exact_both,20,-10.702748917748917,-11.15,-10.2
sues,target,0.5,150,0.1,su_guard,aps_exact_both,20,-8.225439895342225,-9.95,-6.25
sues,target,0.5,150,0.25,distance_grid_none,distance_grid_nonempty,20,9.550713757147236,2.35,14.25
sues,target,0.5,150,0.25,distance_grid_nonempty,distance_grid_both,20,27.48589820828111,24.3,31.05
sues,target,0.5,150,0.25,su_guard,distance_grid_both,20,-15.185466114767584,-16.3,-14.0
sues,target,0.5,150,0.25,su_guard,aps_grid_both,20,-16.238550548382356,-24.4,-10.5
sues,target,0.5,150,0.25,distance_grid_none,distance_exact_none,20,0.37151636250185865,-5.25,4.35
sues,target,0.5,150,0.25,aps_grid_none,aps_exact_none,20,0.2783700098961955,-2.6,3.0
sues,target,0.5,150,0.25,distance_grid_both,distance_exact_both,20,-2.5964386471371768,-4.1,-1.2
sues,target,0.5,150,0.25,aps_grid_both,aps_exact_both,20,0.6281851004487965,-6.8,10.65
sues,target,0.5,150,0.25,su_guard,distance_exact_both,20,-17.781904761904762,-18.1,-17.5
sues,target,0.5,150,0.25,su_guard,aps_exact_both,20,-15.61036544793356,-17.3,-13.75
sues,target,0.5,150,0.5,distance_grid_none,distance_grid_nonempty,20,13.360025622618542,8.0,17.7
sues,target,0.5,150,0.5,distance_grid_nonempty,distance_grid_both,17,43.463520002930466,41.0,46.64705882352941
sues,target,0.5,150,0.5,su_guard,distance_grid_both,17,-3.784313725490195,-4.0,-3.588235294117647
sues,target,0.5,150,0.5,su_guard,aps_grid_both,20,-7.933789022084706,-18.8,2.3
sues,target,0.5,150,0.5,distance_grid_none,distance_exact_none,20,0.3874230747322862,-2.7,3.05
sues,target,0.5,150,0.5,aps_grid_none,aps_exact_none,20,0.9454885333824918,-9.0,7.75
sues,target,0.5,150,0.5,distance_grid_both,distance_exact_both,17,-2.4607843137254912,-2.7058823529411766,-2.176470588235294
sues,target,0.5,150,0.5,aps_grid_both,aps_exact_both,20,0.2663784353228099,-20.6,21.1
sues,target,0.5,150,0.5,su_guard,distance_exact_both,19,-5.745614035087719,-5.7894736842105265,-5.684210526315789
sues,target,0.5,150,0.5,su_guard,aps_exact_both,20,-7.6674105867618945,-18.3,2.3
sues,target,0.5,200,0.1,distance_grid_none,distance_grid_nonempty,20,2.616687525598456,-1.1,7.85
sues,target,0.5,200,0.1,distance_grid_nonempty,distance_grid_both,20,17.57518683465836,13.4,21.45
sues,target,0.5,200,0.1,su_guard,distance_grid_both,20,-5.965608031029857,-6.75,-4.85
sues,target,0.5,200,0.1,su_guard,aps_grid_both,20,-2.0201796371563114,-8.0,-0.05
sues,target,0.5,200,0.1,distance_grid_none,distance_exact_none,20,0.2014088230420544,-1.45,2.6
sues,target,0.5,200,0.1,aps_grid_none,aps_exact_none,20,-0.07955342036162431,-4.35,5.65
sues,target,0.5,200,0.1,distance_grid_both,distance_exact_both,20,-0.42790387373204714,-1.95,0.75
sues,target,0.5,200,0.1,aps_grid_both,aps_exact_both,20,-0.18834784468733326,-3.15,6.5
sues,target,0.5,200,0.1,su_guard,distance_exact_both,20,-6.393511904761905,-6.8,-6.0
sues,target,0.5,200,0.1,su_guard,aps_exact_both,20,-2.208527481843645,-3.2,-1.5
sues,target,0.5,200,0.25,distance_grid_none,distance_grid_nonempty,20,6.484961915186217,0.05,13.45
sues,target,0.5,200,0.25,distance_grid_nonempty,distance_grid_both,20,36.304072573668165,34.1,38.6
sues,target,0.5,200,0.25,su_guard,distance_grid_both,20,-15.452982572982572,-16.4,-14.35
sues,target,0.5,200,0.25,su_guard,aps_grid_both,20,-12.783187233157431,-16.1,-3.55
sues,target,0.5,200,0.25,distance_grid_none,distance_exact_none,20,0.9403089088787994,-4.95,7.3
sues,target,0.5,200,0.25,aps_grid_none,aps_exact_none,20,1.5582001408057256,-26.1,21.4
sues,target,0.5,200,0.25,distance_grid_both,distance_exact_both,20,-0.8638428238428244,-2.5,0.6
sues,target,0.5,200,0.25,aps_grid_both,aps_exact_both,20,0.4863207322781874,-12.5,8.85
sues,target,0.5,200,0.25,su_guard,distance_exact_both,20,-16.316825396825397,-16.85,-15.8
sues,target,0.5,200,0.25,su_guard,aps_exact_both,20,-12.296866500879243,-16.05,-7.25
sues,target,0.5,200,0.5,distance_grid_none,distance_grid_nonempty,20,9.342560168055423,4.95,13.9
sues,target,0.5,200,0.5,distance_grid_nonempty,distance_grid_both,18,62.190524254249745,60.111111111111114,64.27777777777777
sues,target,0.5,200,0.5,su_guard,distance_grid_both,18,-4.12037037037037,-4.222222222222222,-4.0
sues,target,0.5,200,0.5,su_guard,aps_grid_both,19,-4.887752374578145,-9.631578947368421,1.5789473684210527
sues,target,0.5,200,0.5,distance_grid_none,distance_exact_none,20,-0.17010109225289582,-3.15,3.1
sues,target,0.5,200,0.5,aps_grid_none,aps_exact_none,20,1.7836337152651829,-11.6,18.45
sues,target,0.5,200,0.5,distance_grid_both,distance_exact_both,18,-1.0185185185185186,-1.1666666666666667,-0.8888888888888888
sues,target,0.5,200,0.5,aps_grid_both,aps_exact_both,19,0.07749307266609594,-11.210526315789474,11.210526315789474
sues,target,0.5,200,0.5,su_guard,distance_exact_both,19,-4.868421052631579,-4.894736842105263,-4.842105263157895
sues,target,0.5,200,0.5,su_guard,aps_exact_both,19,-4.810259301912049,-9.631578947368421,1.5789473684210527
sues,target,0.5,250,0.1,distance_grid_none,distance_grid_nonempty,20,3.965550387501897,-1.5,8.85
sues,target,0.5,250,0.1,distance_grid_nonempty,distance_grid_both,20,16.404009487659927,12.4,20.4
sues,target,0.5,250,0.1,su_guard,distance_grid_both,20,-3.4987072649572655,-4.0,-2.8
sues,target,0.5,250,0.1,su_guard,aps_grid_both,20,-1.0488663084851164,-1.45,-0.65
sues,target,0.5,250,0.1,distance_grid_none,distance_exact_none,20,0.07249274294763523,-3.4,2.85
sues,target,0.5,250,0.1,aps_grid_none,aps_exact_none,20,0.15118100783735458,-0.95,1.6
sues,target,0.5,250,0.1,distance_grid_both,distance_exact_both,20,-0.6258165445665446,-1.55,0.05
sues,target,0.5,250,0.1,aps_grid_both,aps_exact_both,20,0.2946996418184499,-0.25,0.75
sues,target,0.5,250,0.1,su_guard,distance_exact_both,20,-4.12452380952381,-4.35,-3.95
sues,target,0.5,250,0.1,su_guard,aps_exact_both,20,-0.7541666666666667,-0.9,-0.7
sues,target,0.5,250,0.25,distance_grid_none,distance_grid_nonempty,20,7.337852502286486,4.1,11.1
sues,target,0.5,250,0.25,distance_grid_nonempty,distance_grid_both,20,37.73875132220721,35.95,39.7
sues,target,0.5,250,0.25,su_guard,distance_grid_both,20,-13.097294372294371,-13.5,-12.6
sues,target,0.5,250,0.25,su_guard,aps_grid_both,20,-6.871491073549336,-10.55,-1.4
sues,target,0.5,250,0.25,distance_grid_none,distance_exact_none,20,-0.1742367238468571,-3.1,3.15
sues,target,0.5,250,0.25,aps_grid_none,aps_exact_none,20,3.869465742999354,-11.95,27.0
sues,target,0.5,250,0.25,distance_grid_both,distance_exact_both,20,-0.4717532467532467,-1.2,0.25
sues,target,0.5,250,0.25,aps_grid_both,aps_exact_both,20,1.0894368613768464,-6.4,6.05
sues,target,0.5,250,0.25,su_guard,distance_exact_both,20,-13.56904761904762,-13.8,-13.25
sues,target,0.5,250,0.25,su_guard,aps_exact_both,20,-5.782054212172491,-7.8,-4.5
sues,target,0.5,250,0.5,distance_grid_none,distance_grid_nonempty,20,11.694298723859921,8.55,14.7
sues,target,0.5,250,0.5,distance_grid_nonempty,distance_grid_both,17,72.68026053249993,71.11764705882354,74.23529411764706
sues,target,0.5,250,0.5,su_guard,distance_grid_both,17,-2.7058823529411766,-2.7058823529411766,-2.7058823529411766
sues,target,0.5,250,0.5,su_guard,aps_grid_both,20,-2.8706080988958296,-5.4,1.0
sues,target,0.5,250,0.5,distance_grid_none,distance_exact_none,20,0.12080520286199317,-2.45,2.45
sues,target,0.5,250,0.5,aps_grid_none,aps_exact_none,20,3.3147065468086345,-13.75,18.2
sues,target,0.5,250,0.5,distance_grid_both,distance_exact_both,17,-1.2450980392156863,-1.2941176470588236,-1.1764705882352942
sues,target,0.5,250,0.5,aps_grid_both,aps_exact_both,20,-0.06031678088947654,-6.4,6.35
sues,target,0.5,250,0.5,su_guard,distance_exact_both,19,-3.5877192982456143,-3.6315789473684212,-3.526315789473684
sues,target,0.5,250,0.5,su_guard,aps_exact_both,20,-2.930924879785306,-5.4,0.95
sues,target,0.5,300,0.1,distance_grid_none,distance_grid_nonempty,20,3.7547012357374916,-1.2,8.05
sues,target,0.5,300,0.1,distance_grid_nonempty,distance_grid_both,20,19.615896592664146,18.05,21.6
sues,target,0.5,300,0.1,su_guard,distance_grid_both,20,-0.5470238095238095,-0.75,-0.3
sues,target,0.5,300,0.1,su_guard,aps_grid_both,20,0.0,0.0,0.0
sues,target,0.5,300,0.1,distance_grid_none,distance_exact_none,20,-0.6432727454689356,-4.45,2.65
sues,target,0.5,300,0.1,aps_grid_none,aps_exact_none,20,0.20375407317940092,-1.95,1.15
sues,target,0.5,300,0.1,distance_grid_both,distance_exact_both,20,-0.06547619047619047,-0.35,0.2
sues,target,0.5,300,0.1,aps_grid_both,aps_exact_both,20,0.0,0.0,0.0
sues,target,0.5,300,0.1,su_guard,distance_exact_both,20,-0.6125,-0.65,-0.55
sues,target,0.5,300,0.1,su_guard,aps_exact_both,20,0.0,0.0,0.0
sues,target,0.5,300,0.25,distance_grid_none,distance_grid_nonempty,20,6.281449970737896,3.5,9.3
sues,target,0.5,300,0.25,distance_grid_nonempty,distance_grid_both,20,44.907000839073206,42.9,46.8
sues,target,0.5,300,0.25,su_guard,distance_grid_both,20,-6.416488927738928,-6.95,-5.9
sues,target,0.5,300,0.25,su_guard,aps_grid_both,20,-2.109271441644143,-4.3,-0.35
sues,target,0.5,300,0.25,distance_grid_none,distance_exact_none,20,0.27446354707384124,-1.95,2.5
sues,target,0.5,300,0.25,aps_grid_none,aps_exact_none,20,3.8414000659034526,-8.0,22.75
sues,target,0.5,300,0.25,distance_grid_both,distance_exact_both,20,-0.14259837384837387,-1.05,0.7
sues,target,0.5,300,0.25,aps_grid_both,aps_exact_both,20,0.40292047486959126,-2.05,3.35
sues,target,0.5,300,0.25,su_guard,distance_exact_both,20,-6.559087301587302,-6.95,-6.25
sues,target,0.5,300,0.25,su_guard,aps_exact_both,20,-1.7063509667745518,-2.4,-0.95
sues,target,0.5,300,0.5,distance_grid_none,distance_grid_nonempty,20,8.59561007730496,4.1,12.8
sues,target,0.5,300,0.5,distance_grid_nonempty,distance_grid_both,18,84.24838370645904,82.38888888888889,86.11111111111111
sues,target,0.5,300,0.5,su_guard,distance_grid_both,18,-2.9444444444444446,-2.9444444444444446,-2.9444444444444446
sues,target,0.5,300,0.5,su_guard,aps_grid_both,18,-2.7253980749594784,-3.3333333333333335,-1.2777777777777777
sues,target,0.5,300,0.5,distance_grid_none,distance_exact_none,20,0.01965502753876578,-3.5,3.4
sues,target,0.5,300,0.5,aps_grid_none,aps_exact_none,20,1.2142163118050384,-10.75,8.3
sues,target,0.5,300,0.5,distance_grid_both,distance_exact_both,18,-0.3333333333333333,-0.3333333333333333,-0.3333333333333333
sues,target,0.5,300,0.5,aps_grid_both,aps_exact_both,18,0.042494910728914585,-2.0555555555555554,2.0555555555555554
sues,target,0.5,300,0.5,su_guard,distance_exact_both,18,-3.2777777777777777,-3.2777777777777777,-3.2777777777777777
sues,target,0.5,300,0.5,su_guard,aps_exact_both,18,-2.682903164230564,-3.3333333333333335,-1.2777777777777777
