dataset,arm,fraction,method,alpha,regime,masks,mean_coverage,mean_reachable_coverage,mean_coverage_ceiling,mean_mean_set_size,mean_empty_sets,mean_full_sets,mean_nonempty_answers,mean_nonempty_top1_errors,mean_singleton_answers,mean_singleton_errors,infinite_threshold_masks
university,target,0.25,distance,0.01,full_frozen,20,0.7434272300469484,0.9912363067292642,0.75,31.31402582159624,0.0,0.0,852.0,266.7,0.05,0.05,0
university,target,0.25,distance,0.01,matched_all_extended,20,0.75,1.0,0.75,776.0,0.0,852.0,852.0,266.7,0.0,0.0,20
university,target,0.25,distance,0.01,matched_reachable_oracle,20,0.7430164319248826,0.9906885758998435,0.75,32.99694835680752,0.05,0.0,851.95,266.65,0.2,0.05,0
university,target,0.25,distance,0.05,full_frozen,20,0.7012910798122066,0.935054773082942,0.75,1.8319835680751175,130.8,0.0,721.2,148.55,346.85,69.25,0
university,target,0.25,distance,0.05,matched_all_extended,20,0.75,1.0,0.75,776.0,0.0,852.0,852.0,266.7,0.0,0.0,20
university,target,0.25,distance,0.05,matched_reachable_oracle,20,0.7002347417840377,0.9336463223787168,0.75,1.7971830985915496,136.1,0.0,715.9,144.4,350.65,67.6,0
university,target,0.25,distance,0.1,full_frozen,20,0.6470070422535211,0.8626760563380282,0.75,0.9976525821596246,251.1,0.0,600.9,66.8,447.45,35.5,0
university,target,0.25,distance,0.1,matched_all_extended,20,0.75,1.0,0.75,776.0,0.0,852.0,852.0,266.7,0.0,0.0,20
university,target,0.25,distance,0.1,matched_reachable_oracle,20,0.6453051643192489,0.8604068857589983,0.75,0.9873239436619718,252.7,0.0,599.3,66.1,450.85,35.5,0
university,target,0.25,aps_raw,0.01,full_frozen,20,0.7434272300469484,0.9912363067292642,0.75,57.827640845070434,0.0,0.0,852.0,266.7,0.0,0.0,0
university,target,0.25,aps_raw,0.01,matched_all_extended,20,0.75,1.0,0.75,776.0,0.0,852.0,852.0,266.7,0.0,0.0,20
university,target,0.25,aps_raw,0.01,matched_reachable_oracle,20,0.743368544600939,0.9911580594679185,0.75,41.238204225352106,0.0,0.0,852.0,266.7,0.0,0.0,0
university,target,0.25,aps_raw,0.05,full_frozen,20,0.7130868544600939,0.9507824726134585,0.75,1.8875000000000004,0.0,0.0,852.0,266.7,95.85,7.35,0
university,target,0.25,aps_raw,0.05,matched_all_extended,20,0.75,1.0,0.75,776.0,0.0,852.0,852.0,266.7,0.0,0.0,20
university,target,0.25,aps_raw,0.05,matched_reachable_oracle,20,0.7014671361502347,0.9352895148669796,0.75,1.4687206572769955,0.25,0.0,851.75,266.7,452.15,73.7,0
university,target,0.25,aps_raw,0.1,full_frozen,20,0.671068075117371,0.8947574334898281,0.75,0.9829812206572772,14.5,0.0,837.5,265.75,837.5,265.75,0
university,target,0.25,aps_raw,0.1,matched_all_extended,20,0.75,1.0,0.75,776.0,0.0,852.0,852.0,266.7,0.0,0.0,20
university,target,0.25,aps_raw,0.1,matched_reachable_oracle,20,0.6657276995305164,0.8876369327073552,0.75,0.9775234741784038,19.15,0.0,832.85,265.65,832.85,265.65,0
university,target,0.25,fixed_k,0.01,full_frozen,20,0.7434272300469484,0.9912363067292642,0.75,50.0,0.0,0.0,852.0,266.7,0.0,0.0,0
university,target,0.25,fixed_k,0.01,matched_all_extended,20,0.75,1.0,0.75,776.0,0.0,852.0,852.0,266.7,0.0,0.0,20
university,target,0.25,fixed_k,0.01,matched_reachable_oracle,20,0.7433098591549296,0.9910798122065726,0.75,37.9,0.0,0.0,852.0,266.7,0.0,0.0,0
university,target,0.25,fixed_k,0.05,full_frozen,20,0.7190140845070423,0.9586854460093897,0.75,2.0,0.0,0.0,852.0,266.7,0.0,0.0,0
university,target,0.25,fixed_k,0.05,matched_all_extended,20,0.75,1.0,0.75,776.0,0.0,852.0,852.0,266.7,0.0,0.0,20
university,target,0.25,fixed_k,0.05,matched_reachable_oracle,20,0.7157863849765259,0.9543818466353677,0.75,1.9,0.0,0.0,852.0,266.7,85.2,26.7,0
university,target,0.25,fixed_k,0.1,full_frozen,20,0.6869718309859156,0.915962441314554,0.75,1.0,0.0,0.0,852.0,266.7,852.0,266.7,0
university,target,0.25,fixed_k,0.1,matched_all_extended,20,0.75,1.0,0.75,776.0,0.0,852.0,852.0,266.7,0.0,0.0,20
university,target,0.25,fixed_k,0.1,matched_reachable_oracle,20,0.6869718309859156,0.915962441314554,0.75,1.0,0.0,0.0,852.0,266.7,852.0,266.7,0
university,control,0.25,distance,0.01,full_frozen,20,0.9917840375586853,0.9917840375586853,1.0,32.970422535211256,0.0,0.0,852.0,71.7,0.0,0.0,0
university,control,0.25,distance,0.01,matched_all_extended,20,0.9917840375586853,0.9917840375586853,1.0,32.970422535211256,0.0,0.0,852.0,71.7,0.0,0.0,0
university,control,0.25,distance,0.01,matched_reachable_oracle,20,0.9917840375586853,0.9917840375586853,1.0,32.970422535211256,0.0,0.0,852.0,71.7,0.0,0.0,0
university,control,0.25,distance,0.05,full_frozen,20,0.9366197183098592,0.9366197183098592,1.0,2.165492957746479,37.9,0.0,814.1,51.8,355.85,10.85,0
university,control,0.25,distance,0.05,matched_all_extended,20,0.9366197183098592,0.9366197183098592,1.0,2.165492957746479,37.9,0.0,814.1,51.8,355.85,10.85,0
university,control,0.25,distance,0.05,matched_reachable_oracle,20,0.9366197183098592,0.9366197183098592,1.0,2.165492957746479,37.9,0.0,814.1,51.8,355.85,10.85,0
university,control,0.25,distance,0.1,full_frozen,20,0.8626760563380282,0.8626760563380282,1.0,1.2387323943661972,111.0,0.0,741.0,29.4,533.25,5.0,0
university,control,0.25,distance,0.1,matched_all_extended,20,0.8626760563380282,0.8626760563380282,1.0,1.2387323943661972,111.0,0.0,741.0,29.4,533.25,5.0,0
university,control,0.25,distance,0.1,matched_reachable_oracle,20,0.8626760563380282,0.8626760563380282,1.0,1.2387323943661972,111.0,0.0,741.0,29.4,533.25,5.0,0
university,control,0.25,aps_raw,0.01,full_frozen,20,0.9917840375586853,0.9917840375586853,1.0,57.73638497652583,0.0,0.0,852.0,71.7,0.0,0.0,0
university,control,0.25,aps_raw,0.01,matched_all_extended,20,0.9917840375586853,0.9917840375586853,1.0,51.763732394366194,0.0,0.0,852.0,71.7,0.0,0.0,0
university,control,0.25,aps_raw,0.01,matched_reachable_oracle,20,0.9917840375586853,0.9917840375586853,1.0,51.763732394366194,0.0,0.0,852.0,71.7,0.0,0.0,0
university,control,0.25,aps_raw,0.05,full_frozen,20,0.9481220657276992,0.9481220657276992,1.0,1.846302816901408,0.0,0.0,852.0,71.7,130.95,10.0,0
university,control,0.25,aps_raw,0.05,matched_all_extended,20,0.947769953051643,0.947769953051643,1.0,1.8244718309859151,0.0,0.0,852.0,71.7,149.55,10.3,0
university,control,0.25,aps_raw,0.05,matched_reachable_oracle,20,0.947769953051643,0.947769953051643,1.0,1.8244718309859151,0.0,0.0,852.0,71.7,149.55,10.3,0
university,control,0.25,aps_raw,0.1,full_frozen,20,0.894718309859155,0.894718309859155,1.0,0.9776995305164318,19.0,0.0,833.0,70.7,833.0,70.7,0
university,control,0.25,aps_raw,0.1,matched_all_extended,20,0.8921948356807512,0.8921948356807512,1.0,0.9751760563380282,21.15,0.0,830.85,70.7,830.85,70.7,0
university,control,0.25,aps_raw,0.1,matched_reachable_oracle,20,0.8921948356807512,0.8921948356807512,1.0,0.9751760563380282,21.15,0.0,830.85,70.7,830.85,70.7,0
university,control,0.25,fixed_k,0.01,full_frozen,20,0.9917840375586853,0.9917840375586853,1.0,50.0,0.0,0.0,852.0,71.7,0.0,0.0,0
university,control,0.25,fixed_k,0.01,matched_all_extended,20,0.9917840375586853,0.9917840375586853,1.0,44.15,0.0,0.0,852.0,71.7,0.0,0.0,0
university,control,0.25,fixed_k,0.01,matched_reachable_oracle,20,0.9917840375586853,0.9917840375586853,1.0,44.15,0.0,0.0,852.0,71.7,0.0,0.0,0
university,control,0.25,fixed_k,0.05,full_frozen,20,0.9586854460093898,0.9586854460093898,1.0,2.0,0.0,0.0,852.0,71.7,0.0,0.0,0
university,control,0.25,fixed_k,0.05,matched_all_extended,20,0.9586854460093898,0.9586854460093898,1.0,2.0,0.0,0.0,852.0,71.7,0.0,0.0,0
university,control,0.25,fixed_k,0.05,matched_reachable_oracle,20,0.9586854460093898,0.9586854460093898,1.0,2.0,0.0,0.0,852.0,71.7,0.0,0.0,0
university,control,0.25,fixed_k,0.1,full_frozen,20,0.9158450704225352,0.9158450704225352,1.0,1.0,0.0,0.0,852.0,71.7,852.0,71.7,0
university,control,0.25,fixed_k,0.1,matched_all_extended,20,0.9158450704225352,0.9158450704225352,1.0,1.0,0.0,0.0,852.0,71.7,852.0,71.7,0
university,control,0.25,fixed_k,0.1,matched_reachable_oracle,20,0.9158450704225352,0.9158450704225352,1.0,1.0,0.0,0.0,852.0,71.7,852.0,71.7,0
university,target,0.5,distance,0.01,full_frozen,20,0.4957159624413145,0.991431924882629,0.5,23.747887323943665,0.15,0.0,851.85,457.6,0.3,0.3,0
university,target,0.5,distance,0.01,matched_all_extended,20,0.5,1.0,0.5,601.0,0.0,852.0,852.0,457.75,0.0,0.0,20
university,target,0.5,distance,0.01,matched_reachable_oracle,20,0.4947183098591549,0.9894366197183098,0.5,29.79360328638498,7.85,0.0,844.15,449.9,14.45,6.25,0
university,target,0.5,distance,0.05,full_frozen,20,0.46748826291079804,0.9349765258215961,0.5,1.3208920187793427,260.8,0.0,591.2,205.95,332.85,114.6,0
university,target,0.5,distance,0.05,matched_all_extended,20,0.5,1.0,0.5,601.0,0.0,852.0,852.0,457.75,0.0,0.0,20
university,target,0.5,distance,0.05,matched_reachable_oracle,20,0.4670774647887323,0.9341549295774646,0.5,1.3347417840375586,263.0,0.0,589.0,204.45,330.1,111.3,0
university,target,0.5,distance,0.1,full_frozen,20,0.4323943661971831,0.8647887323943662,0.5,0.6961854460093896,408.2,0.0,443.8,84.55,348.2,53.5,0
university,target,0.5,distance,0.1,matched_all_extended,20,0.5,1.0,0.5,601.0,0.0,852.0,852.0,457.75,0.0,0.0,20
university,target,0.5,distance,0.1,matched_reachable_oracle,20,0.4328638497652582,0.8657276995305164,0.5,0.7053403755868546,405.7,0.0,446.3,86.65,347.8,54.3,0
university,target,0.5,aps_raw,0.01,full_frozen,20,0.4959507042253521,0.9919014084507042,0.5,58.15041079812206,0.0,0.0,852.0,457.75,0.0,0.0,0
university,target,0.5,aps_raw,0.01,matched_all_extended,20,0.5,1.0,0.5,601.0,0.0,852.0,852.0,457.75,0.0,0.0,20
university,target,0.5,aps_raw,0.01,matched_reachable_oracle,20,0.4948943661971831,0.9897887323943662,0.5,33.71426056338028,0.0,0.0,852.0,457.75,0.0,0.0,0
university,target,0.5,aps_raw,0.05,full_frozen,20,0.47916666666666663,0.9583333333333333,0.5,1.9342723004694835,0.0,0.0,852.0,457.75,56.0,4.8,0
university,target,0.5,aps_raw,0.05,matched_all_extended,20,0.5,1.0,0.5,601.0,0.0,852.0,852.0,457.75,0.0,0.0,20
university,target,0.5,aps_raw,0.05,matched_reachable_oracle,20,0.4671948356807512,0.9343896713615024,0.5,1.3644366197183098,0.75,0.0,851.25,457.75,540.0,202.45,0
university,target,0.5,aps_raw,0.1,full_frozen,20,0.4517018779342724,0.9034037558685448,0.5,0.9880868544600941,10.15,0.0,841.85,457.0,841.85,457.0,0
university,target,0.5,aps_raw,0.1,matched_all_extended,20,0.5,1.0,0.5,601.0,0.0,852.0,852.0,457.75,0.0,0.0,20
university,target,0.5,aps_raw,0.1,matched_reachable_oracle,20,0.4447769953051643,0.8895539906103286,0.5,0.9808098591549296,16.35,0.0,835.65,456.7,835.65,456.7,0
university,target,0.5,fixed_k,0.01,full_frozen,20,0.4957159624413145,0.991431924882629,0.5,50.0,0.0,0.0,852.0,457.75,0.0,0.0,0
university,target,0.5,fixed_k,0.01,matched_all_extended,20,0.5,1.0,0.5,601.0,0.0,852.0,852.0,457.75,0.0,0.0,20
university,target,0.5,fixed_k,0.01,matched_reachable_oracle,20,0.4948943661971831,0.9897887323943662,0.5,30.3,0.0,0.0,852.0,457.75,0.0,0.0,0
university,target,0.5,fixed_k,0.05,full_frozen,20,0.4823356807511737,0.9646713615023474,0.5,2.0,0.0,0.0,852.0,457.75,0.0,0.0,0
university,target,0.5,fixed_k,0.05,matched_all_extended,20,0.5,1.0,0.5,601.0,0.0,852.0,852.0,457.75,0.0,0.0,20
university,target,0.5,fixed_k,0.05,matched_reachable_oracle,20,0.4757042253521127,0.9514084507042254,0.5,1.65,0.0,0.0,852.0,457.75,298.2,160.3,0
university,target,0.5,fixed_k,0.1,full_frozen,20,0.4627347417840376,0.9254694835680752,0.5,1.0,0.0,0.0,852.0,457.75,852.0,457.75,0
university,target,0.5,fixed_k,0.1,matched_all_extended,20,0.5,1.0,0.5,601.0,0.0,852.0,852.0,457.75,0.0,0.0,20
university,target,0.5,fixed_k,0.1,matched_reachable_oracle,20,0.4627347417840376,0.9254694835680752,0.5,1.0,0.0,0.0,852.0,457.75,852.0,457.75,0
sues,target,0.25,distance,0.01,full_frozen,20,0.7475140056022409,0.9994850187265918,0.7478991596638658,56.758438375350146,2.2,0.0,1425.8,519.3,10.1,0.55,0
sues,target,0.25,distance,0.01,matched_all_extended,20,0.7478991596638658,1.0,0.7478991596638658,162.0,0.0,1428.0,1428.0,521.5,0.0,0.0,20
sues,target,0.25,distance,0.01,matched_reachable_oracle,20,0.7467436974789917,0.9984550561797754,0.7478991596638658,59.8374299719888,2.0,0.0,1426.0,519.55,10.75,0.9,0
sues,target,0.25,distance,0.05,full_frozen,20,0.731547619047619,0.9781367041198503,0.7478991596638658,14.0703081232493,22.05,0.0,1405.95,501.55,68.7,16.6,0
sues,target,0.25,distance,0.05,matched_all_extended,20,0.7478991596638658,1.0,0.7478991596638658,162.0,0.0,1428.0,1428.0,521.5,0.0,0.0,20
sues,target,0.25,distance,0.05,matched_reachable_oracle,20,0.7301820728291315,0.9763108614232211,0.7478991596638658,16.44054621848739,25.85,0.0,1402.15,499.15,72.3,15.95,0
sues,target,0.25,distance,0.1,full_frozen,20,0.7054621848739495,0.9432584269662921,0.7478991596638658,6.010854341736696,88.8,0.0,1339.2,444.6,225.75,55.95,0
sues,target,0.25,distance,0.1,matched_all_extended,20,0.7478991596638658,1.0,0.7478991596638658,162.0,0.0,1428.0,1428.0,521.5,0.0,0.0,20
sues,target,0.25,distance,0.1,matched_reachable_oracle,20,0.7038865546218487,0.9411516853932584,0.7478991596638658,6.427135854341738,92.1,0.0,1335.9,443.35,219.65,51.75,0
sues,target,0.25,aps_raw,0.01,full_frozen,20,0.7371148459383754,0.9855805243445694,0.7478991596638658,19.72450980392157,0.0,0.0,1428.0,521.5,0.0,0.0,0
sues,target,0.25,aps_raw,0.01,matched_all_extended,20,0.7478991596638658,1.0,0.7478991596638658,162.0,0.0,1428.0,1428.0,521.5,0.0,0.0,20
sues,target,0.25,aps_raw,0.01,matched_reachable_oracle,20,0.7375700280112045,0.9861891385767793,0.7478991596638658,19.801925770308124,0.0,0.0,1428.0,521.5,0.0,0.0,0
sues,target,0.25,aps_raw,0.05,full_frozen,20,0.7122549019607842,0.9523408239700373,0.7478991596638658,4.302380952380951,0.0,0.0,1428.0,521.5,0.0,0.0,0
sues,target,0.25,aps_raw,0.05,matched_all_extended,20,0.7478991596638658,1.0,0.7478991596638658,162.0,0.0,1428.0,1428.0,521.5,0.0,0.0,20
sues,target,0.25,aps_raw,0.05,matched_reachable_oracle,20,0.7099789915966387,0.9492977528089886,0.7478991596638658,4.017296918767507,0.0,0.0,1428.0,521.5,0.0,0.0,0
sues,target,0.25,aps_raw,0.1,full_frozen,20,0.6900910364145658,0.9227059925093635,0.7478991596638658,2.377556022408964,0.0,0.0,1428.0,521.5,0.0,0.0,0
sues,target,0.25,aps_raw,0.1,matched_all_extended,20,0.7478991596638658,1.0,0.7478991596638658,162.0,0.0,1428.0,1428.0,521.5,0.0,0.0,20
sues,target,0.25,aps_raw,0.1,matched_reachable_oracle,20,0.6840686274509803,0.9146535580524343,0.7478991596638658,2.2176470588235295,0.0,0.0,1428.0,521.5,179.0,25.3,0
sues,target,0.25,fixed_k,0.01,full_frozen,20,0.7366946778711485,0.9850187265917605,0.7478991596638658,18.0,0.0,0.0,1428.0,521.5,0.0,0.0,0
sues,target,0.25,fixed_k,0.01,matched_all_extended,20,0.7478991596638658,1.0,0.7478991596638658,162.0,0.0,1428.0,1428.0,521.5,0.0,0.0,20
sues,target,0.25,fixed_k,0.01,matched_reachable_oracle,20,0.7360644257703081,0.984176029962547,0.7478991596638658,16.75,0.0,0.0,1428.0,521.5,0.0,0.0,0
sues,target,0.25,fixed_k,0.05,full_frozen,20,0.7162464985994397,0.9576779026217226,0.7478991596638658,5.0,0.0,0.0,1428.0,521.5,0.0,0.0,0
sues,target,0.25,fixed_k,0.05,matched_all_extended,20,0.7478991596638658,1.0,0.7478991596638658,162.0,0.0,1428.0,1428.0,521.5,0.0,0.0,20
sues,target,0.25,fixed_k,0.05,matched_reachable_oracle,20,0.7114145658263304,0.9512172284644194,0.7478991596638658,4.3,0.0,0.0,1428.0,521.5,0.0,0.0,0
sues,target,0.25,fixed_k,0.1,full_frozen,20,0.7000700280112044,0.9360486891385769,0.7478991596638658,3.0,0.0,0.0,1428.0,521.5,0.0,0.0,0
sues,target,0.25,fixed_k,0.1,matched_all_extended,20,0.7478991596638658,1.0,0.7478991596638658,162.0,0.0,1428.0,1428.0,521.5,0.0,0.0,20
sues,target,0.25,fixed_k,0.1,matched_reachable_oracle,20,0.695203081232493,0.9295411985018726,0.7478991596638658,2.65,0.0,0.0,1428.0,521.5,0.0,0.0,0
sues,control,0.25,distance,0.01,full_frozen,20,0.999299719887955,0.999299719887955,1.0,55.71582633053222,0.0,0.0,1428.0,205.95,11.0,0.0,0
sues,control,0.25,distance,0.01,matched_all_extended,20,0.999299719887955,0.999299719887955,1.0,55.71582633053222,0.0,0.0,1428.0,205.95,11.0,0.0,0
sues,control,0.25,distance,0.01,matched_reachable_oracle,20,0.999299719887955,0.999299719887955,1.0,55.71582633053222,0.0,0.0,1428.0,205.95,11.0,0.0,0
sues,control,0.25,distance,0.05,full_frozen,20,0.9768907563025209,0.9768907563025209,1.0,13.51971288515406,4.15,0.0,1423.85,205.1,87.1,4.5,0
sues,control,0.25,distance,0.05,matched_all_extended,20,0.9768907563025209,0.9768907563025209,1.0,13.51971288515406,4.15,0.0,1423.85,205.1,87.1,4.5,0
sues,control,0.25,distance,0.05,matched_reachable_oracle,20,0.9768907563025209,0.9768907563025209,1.0,13.51971288515406,4.15,0.0,1423.85,205.1,87.1,4.5,0
sues,control,0.25,distance,0.1,full_frozen,20,0.9411764705882353,0.9411764705882353,1.0,5.92436974789916,36.55,0.0,1391.45,190.1,270.5,12.25,0
sues,control,0.25,distance,0.1,matched_all_extended,20,0.9411764705882353,0.9411764705882353,1.0,5.92436974789916,36.55,0.0,1391.45,190.1,270.5,12.25,0
sues,control,0.25,distance,0.1,matched_reachable_oracle,20,0.9411764705882353,0.9411764705882353,1.0,5.92436974789916,36.55,0.0,1391.45,190.1,270.5,12.25,0
sues,control,0.25,aps_raw,0.01,full_frozen,20,0.9863095238095241,0.9863095238095241,1.0,19.71169467787115,0.0,0.0,1428.0,205.95,0.0,0.0,0
sues,control,0.25,aps_raw,0.01,matched_all_extended,20,0.9834033613445378,0.9834033613445378,1.0,15.351785714285715,0.0,0.0,1428.0,205.95,0.0,0.0,0
sues,control,0.25,aps_raw,0.01,matched_reachable_oracle,20,0.9834033613445378,0.9834033613445378,1.0,15.351785714285715,0.0,0.0,1428.0,205.95,0.0,0.0,0
sues,control,0.25,aps_raw,0.05,full_frozen,20,0.9545168067226892,0.9545168067226892,1.0,4.246148459383753,0.0,0.0,1428.0,205.95,0.0,0.0,0
sues,control,0.25,aps_raw,0.05,matched_all_extended,20,0.9432773109243697,0.9432773109243697,1.0,3.2893557422969186,0.0,0.0,1428.0,205.95,0.0,0.0,0
sues,control,0.25,aps_raw,0.05,matched_reachable_oracle,20,0.9432773109243697,0.9432773109243697,1.0,3.2893557422969186,0.0,0.0,1428.0,205.95,0.0,0.0,0
sues,control,0.25,aps_raw,0.1,full_frozen,20,0.9230742296918768,0.9230742296918768,1.0,2.298669467787115,0.0,0.0,1428.0,205.95,0.0,0.0,0
sues,control,0.25,aps_raw,0.1,matched_all_extended,20,0.8921918767507,0.8921918767507,1.0,1.645518207282913,0.0,0.0,1428.0,205.95,506.2,46.5,0
sues,control,0.25,aps_raw,0.1,matched_reachable_oracle,20,0.8921918767507,0.8921918767507,1.0,1.645518207282913,0.0,0.0,1428.0,205.95,506.2,46.5,0
sues,control,0.25,fixed_k,0.01,full_frozen,20,0.9852941176470589,0.9852941176470589,1.0,18.0,0.0,0.0,1428.0,205.95,0.0,0.0,0
sues,control,0.25,fixed_k,0.01,matched_all_extended,20,0.9830182072829132,0.9830182072829132,1.0,14.7,0.0,0.0,1428.0,205.95,0.0,0.0,0
sues,control,0.25,fixed_k,0.01,matched_reachable_oracle,20,0.9830182072829132,0.9830182072829132,1.0,14.7,0.0,0.0,1428.0,205.95,0.0,0.0,0
sues,control,0.25,fixed_k,0.05,full_frozen,20,0.9594887955182074,0.9594887955182074,1.0,5.0,0.0,0.0,1428.0,205.95,0.0,0.0,0
sues,control,0.25,fixed_k,0.05,matched_all_extended,20,0.946043417366947,0.946043417366947,1.0,3.55,0.0,0.0,1428.0,205.95,0.0,0.0,0
sues,control,0.25,fixed_k,0.05,matched_reachable_oracle,20,0.946043417366947,0.946043417366947,1.0,3.55,0.0,0.0,1428.0,205.95,0.0,0.0,0
sues,control,0.25,fixed_k,0.1,full_frozen,20,0.9386904761904763,0.9386904761904763,1.0,3.0,0.0,0.0,1428.0,205.95,0.0,0.0,0
sues,control,0.25,fixed_k,0.1,matched_all_extended,20,0.9135154061624651,0.9135154061624651,1.0,2.0,0.0,0.0,1428.0,205.95,0.0,0.0,0
sues,control,0.25,fixed_k,0.1,matched_reachable_oracle,20,0.9135154061624651,0.9135154061624651,1.0,2.0,0.0,0.0,1428.0,205.95,0.0,0.0,0
sues,target,0.5,distance,0.01,full_frozen,20,0.4955182072829132,0.9994350282485875,0.4957983193277311,43.31355042016806,6.9,0.0,1421.1,810.1,8.1,2.1,0
sues,target,0.5,distance,0.01,matched_all_extended,20,0.4957983193277311,1.0,0.4957983193277311,124.0,0.0,1428.0,1428.0,817.0,0.0,0.0,20
sues,target,0.5,distance,0.01,matched_reachable_oracle,20,0.4938725490196078,0.9961158192090396,0.4957983193277311,45.2374649859944,10.75,0.0,1417.25,806.3,14.05,6.3,0
sues,target,0.5,distance,0.05,full_frozen,20,0.4840336134453781,0.976271186440678,0.4957983193277311,10.777240896358544,47.9,0.0,1380.1,770.45,83.8,41.45,0
sues,target,0.5,distance,0.05,matched_all_extended,20,0.4957983193277311,1.0,0.4957983193277311,124.0,0.0,1428.0,1428.0,817.0,0.0,0.0,20
sues,target,0.5,distance,0.05,matched_reachable_oracle,20,0.48385854341736695,0.9759180790960451,0.4957983193277311,14.199614845938374,53.75,0.0,1374.25,765.5,82.95,37.8,0
sues,target,0.5,distance,0.1,full_frozen,20,0.46652661064425766,0.9409604519774009,0.4957983193277311,4.588305322128852,170.95,0.0,1257.05,654.85,250.75,113.85,0
sues,target,0.5,distance,0.1,matched_all_extended,20,0.4957983193277311,1.0,0.4957983193277311,124.0,0.0,1428.0,1428.0,817.0,0.0,0.0,20
sues,target,0.5,distance,0.1,matched_reachable_oracle,20,0.46845238095238095,0.9448446327683616,0.4957983193277311,5.820098039215686,157.2,0.0,1270.8,668.65,222.95,99.0,0
sues,target,0.5,aps_raw,0.01,full_frozen,20,0.4907913165266106,0.9899011299435028,0.4957983193277311,19.852731092436972,0.0,0.0,1428.0,817.0,0.0,0.0,0
sues,target,0.5,aps_raw,0.01,matched_all_extended,20,0.4957983193277311,1.0,0.4957983193277311,124.0,0.0,1428.0,1428.0,817.0,0.0,0.0,20
sues,target,0.5,aps_raw,0.01,matched_reachable_oracle,20,0.48956582633053225,0.9874293785310735,0.4957983193277311,18.8468487394958,0.0,0.0,1428.0,817.0,0.0,0.0,0
sues,target,0.5,aps_raw,0.05,full_frozen,20,0.4759103641456582,0.9598870056497175,0.4957983193277311,4.410679271708683,0.0,0.0,1428.0,817.0,0.0,0.0,0
sues,target,0.5,aps_raw,0.05,matched_all_extended,20,0.4957983193277311,1.0,0.4957983193277311,124.0,0.0,1428.0,1428.0,817.0,0.0,0.0,20
sues,target,0.5,aps_raw,0.05,matched_reachable_oracle,20,0.47030812324929966,0.948587570621469,0.4957983193277311,3.690966386554622,0.0,0.0,1428.0,817.0,10.75,1.65,0
sues,target,0.5,aps_raw,0.1,full_frozen,20,0.46155462184873947,0.9309322033898303,0.4957983193277311,2.507107843137255,0.0,0.0,1428.0,817.0,0.0,0.0,0
sues,target,0.5,aps_raw,0.1,matched_all_extended,20,0.4957983193277311,1.0,0.4957983193277311,124.0,0.0,1428.0,1428.0,817.0,0.0,0.0,20
sues,target,0.5,aps_raw,0.1,matched_reachable_oracle,20,0.4561274509803922,0.9199858757062145,0.4957983193277311,2.1460084033613445,0.0,0.0,1428.0,817.0,160.65,44.6,0
sues,target,0.5,fixed_k,0.01,full_frozen,20,0.4897058823529411,0.9877118644067797,0.4957983193277311,18.0,0.0,0.0,1428.0,817.0,0.0,0.0,0
sues,target,0.5,fixed_k,0.01,matched_all_extended,20,0.4957983193277311,1.0,0.4957983193277311,124.0,0.0,1428.0,1428.0,817.0,0.0,0.0,20
sues,target,0.5,fixed_k,0.01,matched_reachable_oracle,20,0.48700980392156856,0.9822740112994351,0.4957983193277311,13.2,0.0,0.0,1428.0,817.0,0.0,0.0,0
sues,target,0.5,fixed_k,0.05,full_frozen,20,0.4777661064425769,0.963629943502825,0.4957983193277311,5.0,0.0,0.0,1428.0,817.0,0.0,0.0,0
sues,target,0.5,fixed_k,0.05,matched_all_extended,20,0.4957983193277311,1.0,0.4957983193277311,124.0,0.0,1428.0,1428.0,817.0,0.0,0.0,20
sues,target,0.5,fixed_k,0.05,matched_reachable_oracle,20,0.4724089635854341,0.9528248587570619,0.4957983193277311,3.9,0.0,0.0,1428.0,817.0,0.0,0.0,0
sues,target,0.5,fixed_k,0.1,full_frozen,20,0.4677871148459383,0.9435028248587569,0.4957983193277311,3.0,0.0,0.0,1428.0,817.0,0.0,0.0,0
sues,target,0.5,fixed_k,0.1,matched_all_extended,20,0.4957983193277311,1.0,0.4957983193277311,124.0,0.0,1428.0,1428.0,817.0,0.0,0.0,20
sues,target,0.5,fixed_k,0.1,matched_reachable_oracle,20,0.4629201680672269,0.9336864406779662,0.4957983193277311,2.5,0.0,0.0,1428.0,817.0,0.0,0.0,0
