dataset,case_id,arm,fraction,method,answer_fraction,answered,errors,selected_empty
university,full,full,0.0,distance,0.1,85,8,1
university,full,full,0.0,distance,0.25,213,21,6
university,full,full,0.0,distance,0.5,426,37,10
university,full,full,0.0,aps_raw,0.1,85,7,0
university,full,full,0.0,aps_raw,0.25,213,10,0
university,full,full,0.0,aps_raw,0.5,426,25,0
university,target_71_3407,target,0.25,distance,0.1,85,40,13
university,target_71_3407,target,0.25,distance,0.25,213,94,38
university,target_71_3407,target,0.25,distance,0.5,426,178,57
university,target_71_3407,target,0.25,aps_raw,0.1,85,5,0
university,target_71_3407,target,0.25,aps_raw,0.25,213,15,0
university,target_71_3407,target,0.25,aps_raw,0.5,426,55,0
university,control_71_3407,control,0.25,distance,0.1,85,8,1
university,control_71_3407,control,0.25,distance,0.25,213,19,6
university,control_71_3407,control,0.25,distance,0.5,426,32,10
university,control_71_3407,control,0.25,aps_raw,0.1,85,9,0
university,control_71_3407,control,0.25,aps_raw,0.25,213,10,0
university,control_71_3407,control,0.25,aps_raw,0.5,426,24,0
university,target_142_3407,target,0.5,distance,0.1,85,56,24
university,target_142_3407,target,0.5,distance,0.25,213,141,47
university,target_142_3407,target,0.5,distance,0.5,426,282,104
university,target_142_3407,target,0.5,aps_raw,0.1,85,7,0
university,target_142_3407,target,0.5,aps_raw,0.25,213,36,0
university,target_142_3407,target,0.5,aps_raw,0.5,426,93,0
university,target_71_3408,target,0.25,distance,0.1,85,49,24
university,target_71_3408,target,0.25,distance,0.25,213,103,49
university,target_71_3408,target,0.25,distance,0.5,426,178,70
university,target_71_3408,target,0.25,aps_raw,0.1,85,4,0
university,target_71_3408,target,0.25,aps_raw,0.25,213,13,0
university,target_71_3408,target,0.25,aps_raw,0.5,426,47,0
university,control_71_3408,control,0.25,distance,0.1,85,7,1
university,control_71_3408,control,0.25,distance,0.25,213,18,7
university,control_71_3408,control,0.25,distance,0.5,426,30,11
university,control_71_3408,control,0.25,aps_raw,0.1,85,7,0
university,control_71_3408,control,0.25,aps_raw,0.25,213,10,0
university,control_71_3408,control,0.25,aps_raw,0.5,426,19,0
university,target_142_3408,target,0.5,distance,0.1,85,59,24
university,target_142_3408,target,0.5,distance,0.25,213,147,64
university,target_142_3408,target,0.5,distance,0.5,426,284,125
university,target_142_3408,target,0.5,aps_raw,0.1,85,8,0
university,target_142_3408,target,0.5,aps_raw,0.25,213,38,0
university,target_142_3408,target,0.5,aps_raw,0.5,426,93,0
university,target_71_3409,target,0.25,distance,0.1,85,36,10
university,target_71_3409,target,0.25,distance,0.25,213,95,36
university,target_71_3409,target,0.25,distance,0.5,426,168,61
university,target_71_3409,target,0.25,aps_raw,0.1,85,9,0
university,target_71_3409,target,0.25,aps_raw,0.25,213,24,0
university,target_71_3409,target,0.25,aps_raw,0.5,426,52,0
university,control_71_3409,control,0.25,distance,0.1,85,9,2
university,control_71_3409,control,0.25,distance,0.25,213,18,8
university,control_71_3409,control,0.25,distance,0.5,426,30,12
university,control_71_3409,control,0.25,aps_raw,0.1,85,7,0
university,control_71_3409,control,0.25,aps_raw,0.25,213,10,0
university,control_71_3409,control,0.25,aps_raw,0.5,426,20,0
university,target_142_3409,target,0.5,distance,0.1,85,63,32
university,target_142_3409,target,0.5,distance,0.25,213,143,66
university,target_142_3409,target,0.5,distance,0.5,426,282,115
university,target_142_3409,target,0.5,aps_raw,0.1,85,9,0
university,target_142_3409,target,0.5,aps_raw,0.25,213,44,0
university,target_142_3409,target,0.5,aps_raw,0.5,426,109,0
university,target_71_3410,target,0.25,distance,0.1,85,38,15
university,target_71_3410,target,0.25,distance,0.25,213,95,39
university,target_71_3410,target,0.25,distance,0.5,426,160,59
university,target_71_3410,target,0.25,aps_raw,0.1,85,8,0
university,target_71_3410,target,0.25,aps_raw,0.25,213,31,0
university,target_71_3410,target,0.25,aps_raw,0.5,426,62,0
university,control_71_3410,control,0.25,distance,0.1,85,8,1
university,control_71_3410,control,0.25,distance,0.25,213,18,7
university,control_71_3410,control,0.25,distance,0.5,426,32,11
university,control_71_3410,control,0.25,aps_raw,0.1,85,9,0
university,control_71_3410,control,0.25,aps_raw,0.25,213,10,0
university,control_71_3410,control,0.25,aps_raw,0.5,426,24,0
university,target_142_3410,target,0.5,distance,0.1,85,64,22
university,target_142_3410,target,0.5,distance,0.25,213,152,64
university,target_142_3410,target,0.5,distance,0.5,426,280,115
university,target_142_3410,target,0.5,aps_raw,0.1,85,9,0
university,target_142_3410,target,0.5,aps_raw,0.25,213,48,0
university,target_142_3410,target,0.5,aps_raw,0.5,426,101,0
university,target_71_3411,target,0.25,distance,0.1,85,33,18
university,target_71_3411,target,0.25,distance,0.25,213,85,41
university,target_71_3411,target,0.25,distance,0.5,426,167,73
university,target_71_3411,target,0.25,aps_raw,0.1,85,3,0
university,target_71_3411,target,0.25,aps_raw,0.25,213,17,0
university,target_71_3411,target,0.25,aps_raw,0.5,426,58,0
university,control_71_3411,control,0.25,distance,0.1,85,8,2
university,control_71_3411,control,0.25,distance,0.25,213,19,7
university,control_71_3411,control,0.25,distance,0.5,426,31,11
university,control_71_3411,control,0.25,aps_raw,0.1,85,9,0
university,control_71_3411,control,0.25,aps_raw,0.25,213,10,0
university,control_71_3411,control,0.25,aps_raw,0.5,426,19,0
university,target_142_3411,target,0.5,distance,0.1,85,48,17
university,target_142_3411,target,0.5,distance,0.25,213,140,58
university,target_142_3411,target,0.5,distance,0.5,426,277,118
university,target_142_3411,target,0.5,aps_raw,0.1,85,4,0
university,target_142_3411,target,0.5,aps_raw,0.25,213,43,0
university,target_142_3411,target,0.5,aps_raw,0.5,426,96,0
university,target_71_3412,target,0.25,distance,0.1,85,44,15
university,target_71_3412,target,0.25,distance,0.25,213,102,42
university,target_71_3412,target,0.25,distance,0.5,426,182,69
university,target_71_3412,target,0.25,aps_raw,0.1,85,5,0
university,target_71_3412,target,0.25,aps_raw,0.25,213,16,0
university,target_71_3412,target,0.25,aps_raw,0.5,426,55,0
university,control_71_3412,control,0.25,distance,0.1,85,9,2
university,control_71_3412,control,0.25,distance,0.25,213,18,8
university,control_71_3412,control,0.25,distance,0.5,426,31,13
university,control_71_3412,control,0.25,aps_raw,0.1,85,8,0
university,control_71_3412,control,0.25,aps_raw,0.25,213,10,0
university,control_71_3412,control,0.25,aps_raw,0.5,426,19,0
university,target_142_3412,target,0.5,distance,0.1,85,68,28
university,target_142_3412,target,0.5,distance,0.25,213,151,69
university,target_142_3412,target,0.5,distance,0.5,426,293,129
university,target_142_3412,target,0.5,aps_raw,0.1,85,4,0
university,target_142_3412,target,0.5,aps_raw,0.25,213,34,0
university,target_142_3412,target,0.5,aps_raw,0.5,426,85,0
university,target_71_3413,target,0.25,distance,0.1,85,36,11
university,target_71_3413,target,0.25,distance,0.25,213,89,33
university,target_71_3413,target,0.25,distance,0.5,426,165,57
university,target_71_3413,target,0.25,aps_raw,0.1,85,11,0
university,target_71_3413,target,0.25,aps_raw,0.25,213,23,0
university,target_71_3413,target,0.25,aps_raw,0.5,426,63,0
university,control_71_3413,control,0.25,distance,0.1,85,8,2
university,control_71_3413,control,0.25,distance,0.25,213,18,8
university,control_71_3413,control,0.25,distance,0.5,426,31,12
university,control_71_3413,control,0.25,aps_raw,0.1,85,9,0
university,control_71_3413,control,0.25,aps_raw,0.25,213,10,0
university,control_71_3413,control,0.25,aps_raw,0.5,426,20,0
university,target_142_3413,target,0.5,distance,0.1,85,54,24
university,target_142_3413,target,0.5,distance,0.25,213,131,55
university,target_142_3413,target,0.5,distance,0.5,426,261,91
university,target_142_3413,target,0.5,aps_raw,0.1,85,14,0
university,target_142_3413,target,0.5,aps_raw,0.25,213,47,0
university,target_142_3413,target,0.5,aps_raw,0.5,426,98,0
university,target_71_3414,target,0.25,distance,0.1,85,43,18
university,target_71_3414,target,0.25,distance,0.25,213,101,47
university,target_71_3414,target,0.25,distance,0.5,426,170,70
university,target_71_3414,target,0.25,aps_raw,0.1,85,3,0
university,target_71_3414,target,0.25,aps_raw,0.25,213,12,0
university,target_71_3414,target,0.25,aps_raw,0.5,426,61,0
university,control_71_3414,control,0.25,distance,0.1,85,9,2
university,control_71_3414,control,0.25,distance,0.25,213,18,8
university,control_71_3414,control,0.25,distance,0.5,426,31,12
university,control_71_3414,control,0.25,aps_raw,0.1,85,7,0
university,control_71_3414,control,0.25,aps_raw,0.25,213,10,0
university,control_71_3414,control,0.25,aps_raw,0.5,426,23,0
university,target_142_3414,target,0.5,distance,0.1,85,72,38
university,target_142_3414,target,0.5,distance,0.25,213,163,80
university,target_142_3414,target,0.5,distance,0.5,426,293,137
university,target_142_3414,target,0.5,aps_raw,0.1,85,4,0
university,target_142_3414,target,0.5,aps_raw,0.25,213,42,0
university,target_142_3414,target,0.5,aps_raw,0.5,426,106,0
university,target_71_3415,target,0.25,distance,0.1,85,32,9
university,target_71_3415,target,0.25,distance,0.25,213,101,45
university,target_71_3415,target,0.25,distance,0.5,426,176,66
university,target_71_3415,target,0.25,aps_raw,0.1,85,8,0
university,target_71_3415,target,0.25,aps_raw,0.25,213,18,0
university,target_71_3415,target,0.25,aps_raw,0.5,426,52,0
university,control_71_3415,control,0.25,distance,0.1,85,7,1
university,control_71_3415,control,0.25,distance,0.25,213,18,7
university,control_71_3415,control,0.25,distance,0.5,426,30,11
university,control_71_3415,control,0.25,aps_raw,0.1,85,9,0
university,control_71_3415,control,0.25,aps_raw,0.25,213,10,0
university,control_71_3415,control,0.25,aps_raw,0.5,426,20,0
university,target_142_3415,target,0.5,distance,0.1,85,56,24
university,target_142_3415,target,0.5,distance,0.25,213,147,72
university,target_142_3415,target,0.5,distance,0.5,426,298,143
university,target_142_3415,target,0.5,aps_raw,0.1,85,10,0
university,target_142_3415,target,0.5,aps_raw,0.25,213,34,0
university,target_142_3415,target,0.5,aps_raw,0.5,426,90,0
university,target_71_3416,target,0.25,distance,0.1,85,32,10
university,target_71_3416,target,0.25,distance,0.25,213,88,33
university,target_71_3416,target,0.25,distance,0.5,426,172,64
university,target_71_3416,target,0.25,aps_raw,0.1,85,10,0
university,target_71_3416,target,0.25,aps_raw,0.25,213,20,0
university,target_71_3416,target,0.25,aps_raw,0.5,426,59,0
university,control_71_3416,control,0.25,distance,0.1,85,8,2
university,control_71_3416,control,0.25,distance,0.25,213,18,8
university,control_71_3416,control,0.25,distance,0.5,426,31,11
university,control_71_3416,control,0.25,aps_raw,0.1,85,9,0
university,control_71_3416,control,0.25,aps_raw,0.25,213,10,0
university,control_71_3416,control,0.25,aps_raw,0.5,426,20,0
university,target_142_3416,target,0.5,distance,0.1,85,60,25
university,target_142_3416,target,0.5,distance,0.25,213,138,62
university,target_142_3416,target,0.5,distance,0.5,426,265,115
university,target_142_3416,target,0.5,aps_raw,0.1,85,10,0
university,target_142_3416,target,0.5,aps_raw,0.25,213,42,0
university,target_142_3416,target,0.5,aps_raw,0.5,426,111,0
university,target_71_3417,target,0.25,distance,0.1,85,52,20
university,target_71_3417,target,0.25,distance,0.25,213,110,47
university,target_71_3417,target,0.25,distance,0.5,426,182,72
university,target_71_3417,target,0.25,aps_raw,0.1,85,8,0
university,target_71_3417,target,0.25,aps_raw,0.25,213,20,0
university,target_71_3417,target,0.25,aps_raw,0.5,426,54,0
university,control_71_3417,control,0.25,distance,0.1,85,9,1
university,control_71_3417,control,0.25,distance,0.25,213,19,6
university,control_71_3417,control,0.25,distance,0.5,426,33,10
university,control_71_3417,control,0.25,aps_raw,0.1,85,9,0
university,control_71_3417,control,0.25,aps_raw,0.25,213,10,0
university,control_71_3417,control,0.25,aps_raw,0.5,426,20,0
university,target_142_3417,target,0.5,distance,0.1,85,58,21
university,target_142_3417,target,0.5,distance,0.25,213,151,54
university,target_142_3417,target,0.5,distance,0.5,426,284,105
university,target_142_3417,target,0.5,aps_raw,0.1,85,8,0
university,target_142_3417,target,0.5,aps_raw,0.25,213,39,0
university,target_142_3417,target,0.5,aps_raw,0.5,426,98,0
university,target_71_3418,target,0.25,distance,0.1,85,40,15
university,target_71_3418,target,0.25,distance,0.25,213,89,37
university,target_71_3418,target,0.25,distance,0.5,426,168,62
university,target_71_3418,target,0.25,aps_raw,0.1,85,7,0
university,target_71_3418,target,0.25,aps_raw,0.25,213,24,0
university,target_71_3418,target,0.25,aps_raw,0.5,426,65,0
university,control_71_3418,control,0.25,distance,0.1,85,8,2
university,control_71_3418,control,0.25,distance,0.25,213,18,8
university,control_71_3418,control,0.25,distance,0.5,426,31,12
university,control_71_3418,control,0.25,aps_raw,0.1,85,7,0
university,control_71_3418,control,0.25,aps_raw,0.25,213,10,0
university,control_71_3418,control,0.25,aps_raw,0.5,426,20,0
university,target_142_3418,target,0.5,distance,0.1,85,60,31
university,target_142_3418,target,0.5,distance,0.25,213,152,63
university,target_142_3418,target,0.5,distance,0.5,426,277,114
university,target_142_3418,target,0.5,aps_raw,0.1,85,5,0
university,target_142_3418,target,0.5,aps_raw,0.25,213,40,0
university,target_142_3418,target,0.5,aps_raw,0.5,426,100,0
university,target_71_3419,target,0.25,distance,0.1,85,40,18
university,target_71_3419,target,0.25,distance,0.25,213,91,44
university,target_71_3419,target,0.25,distance,0.5,426,166,64
university,target_71_3419,target,0.25,aps_raw,0.1,85,7,0
university,target_71_3419,target,0.25,aps_raw,0.25,213,22,0
university,target_71_3419,target,0.25,aps_raw,0.5,426,63,0
university,control_71_3419,control,0.25,distance,0.1,85,8,1
university,control_71_3419,control,0.25,distance,0.25,213,18,7
university,control_71_3419,control,0.25,distance,0.5,426,31,12
university,control_71_3419,control,0.25,aps_raw,0.1,85,7,0
university,control_71_3419,control,0.25,aps_raw,0.25,213,10,0
university,control_71_3419,control,0.25,aps_raw,0.5,426,19,0
university,target_142_3419,target,0.5,distance,0.1,85,56,18
university,target_142_3419,target,0.5,distance,0.25,213,132,46
university,target_142_3419,target,0.5,distance,0.5,426,262,98
university,target_142_3419,target,0.5,aps_raw,0.1,85,1,0
university,target_142_3419,target,0.5,aps_raw,0.25,213,47,0
university,target_142_3419,target,0.5,aps_raw,0.5,426,112,0
university,target_71_3420,target,0.25,distance,0.1,85,38,13
university,target_71_3420,target,0.25,distance,0.25,213,82,36
university,target_71_3420,target,0.25,distance,0.5,426,162,59
university,target_71_3420,target,0.25,aps_raw,0.1,85,7,0
university,target_71_3420,target,0.25,aps_raw,0.25,213,22,0
university,target_71_3420,target,0.25,aps_raw,0.5,426,61,0
university,control_71_3420,control,0.25,distance,0.1,85,8,2
university,control_71_3420,control,0.25,distance,0.25,213,18,8
university,control_71_3420,control,0.25,distance,0.5,426,31,11
university,control_71_3420,control,0.25,aps_raw,0.1,85,9,0
university,control_71_3420,control,0.25,aps_raw,0.25,213,10,0
university,control_71_3420,control,0.25,aps_raw,0.5,426,20,0
university,target_142_3420,target,0.5,distance,0.1,85,63,29
university,target_142_3420,target,0.5,distance,0.25,213,145,63
university,target_142_3420,target,0.5,distance,0.5,426,281,119
university,target_142_3420,target,0.5,aps_raw,0.1,85,6,0
university,target_142_3420,target,0.5,aps_raw,0.25,213,34,0
university,target_142_3420,target,0.5,aps_raw,0.5,426,86,0
university,target_71_3421,target,0.25,distance,0.1,85,33,10
university,target_71_3421,target,0.25,distance,0.25,213,97,37
university,target_71_3421,target,0.25,distance,0.5,426,168,61
university,target_71_3421,target,0.25,aps_raw,0.1,85,6,0
university,target_71_3421,target,0.25,aps_raw,0.25,213,22,0
university,target_71_3421,target,0.25,aps_raw,0.5,426,59,0
university,control_71_3421,control,0.25,distance,0.1,85,8,2
university,control_71_3421,control,0.25,distance,0.25,213,18,8
university,control_71_3421,control,0.25,distance,0.5,426,33,12
university,control_71_3421,control,0.25,aps_raw,0.1,85,7,0
university,control_71_3421,control,0.25,aps_raw,0.25,213,10,0
university,control_71_3421,control,0.25,aps_raw,0.5,426,23,0
university,target_142_3421,target,0.5,distance,0.1,85,57,18
university,target_142_3421,target,0.5,distance,0.25,213,143,56
university,target_142_3421,target,0.5,distance,0.5,426,281,115
university,target_142_3421,target,0.5,aps_raw,0.1,85,6,0
university,target_142_3421,target,0.5,aps_raw,0.25,213,45,0
university,target_142_3421,target,0.5,aps_raw,0.5,426,99,0
university,target_71_3422,target,0.25,distance,0.1,85,29,15
university,target_71_3422,target,0.25,distance,0.25,213,89,42
university,target_71_3422,target,0.25,distance,0.5,426,171,67
university,target_71_3422,target,0.25,aps_raw,0.1,85,8,0
university,target_71_3422,target,0.25,aps_raw,0.25,213,23,0
university,target_71_3422,target,0.25,aps_raw,0.5,426,54,0
university,control_71_3422,control,0.25,distance,0.1,85,8,2
university,control_71_3422,control,0.25,distance,0.25,213,18,8
university,control_71_3422,control,0.25,distance,0.5,426,31,12
university,control_71_3422,control,0.25,aps_raw,0.1,85,7,0
university,control_71_3422,control,0.25,aps_raw,0.25,213,10,0
university,control_71_3422,control,0.25,aps_raw,0.5,426,24,0
university,target_142_3422,target,0.5,distance,0.1,85,58,24
university,target_142_3422,target,0.5,distance,0.25,213,140,65
university,target_142_3422,target,0.5,distance,0.5,426,288,129
university,target_142_3422,target,0.5,aps_raw,0.1,85,13,0
university,target_142_3422,target,0.5,aps_raw,0.25,213,38,0
university,target_142_3422,target,0.5,aps_raw,0.5,426,95,0
university,target_71_3423,target,0.25,distance,0.1,85,39,9
university,target_71_3423,target,0.25,distance,0.25,213,98,40
university,target_71_3423,target,0.25,distance,0.5,426,167,65
university,target_71_3423,target,0.25,aps_raw,0.1,85,8,0
university,target_71_3423,target,0.25,aps_raw,0.25,213,20,0
university,target_71_3423,target,0.25,aps_raw,0.5,426,61,0
university,control_71_3423,control,0.25,distance,0.1,85,8,2
university,control_71_3423,control,0.25,distance,0.25,213,19,7
university,control_71_3423,control,0.25,distance,0.5,426,31,11
university,control_71_3423,control,0.25,aps_raw,0.1,85,9,0
university,control_71_3423,control,0.25,aps_raw,0.25,213,10,0
university,control_71_3423,control,0.25,aps_raw,0.5,426,20,0
university,target_142_3423,target,0.5,distance,0.1,85,53,23
university,target_142_3423,target,0.5,distance,0.25,213,142,53
university,target_142_3423,target,0.5,distance,0.5,426,267,106
university,target_142_3423,target,0.5,aps_raw,0.1,85,5,0
university,target_142_3423,target,0.5,aps_raw,0.25,213,39,0
university,target_142_3423,target,0.5,aps_raw,0.5,426,110,0
university,target_71_3424,target,0.25,distance,0.1,85,43,20
university,target_71_3424,target,0.25,distance,0.25,213,95,43
university,target_71_3424,target,0.25,distance,0.5,426,165,71
university,target_71_3424,target,0.25,aps_raw,0.1,85,6,0
university,target_71_3424,target,0.25,aps_raw,0.25,213,15,0
university,target_71_3424,target,0.25,aps_raw,0.5,426,57,0
university,control_71_3424,control,0.25,distance,0.1,85,8,1
university,control_71_3424,control,0.25,distance,0.25,213,18,7
university,control_71_3424,control,0.25,distance,0.5,426,31,12
university,control_71_3424,control,0.25,aps_raw,0.1,85,7,0
university,control_71_3424,control,0.25,aps_raw,0.25,213,10,0
university,control_71_3424,control,0.25,aps_raw,0.5,426,20,0
university,target_142_3424,target,0.5,distance,0.1,85,67,27
university,target_142_3424,target,0.5,distance,0.25,213,143,62
university,target_142_3424,target,0.5,distance,0.5,426,270,117
university,target_142_3424,target,0.5,aps_raw,0.1,85,8,0
university,target_142_3424,target,0.5,aps_raw,0.25,213,46,0
university,target_142_3424,target,0.5,aps_raw,0.5,426,110,0
university,target_71_3425,target,0.25,distance,0.1,85,41,18
university,target_71_3425,target,0.25,distance,0.25,213,109,49
university,target_71_3425,target,0.25,distance,0.5,426,187,75
university,target_71_3425,target,0.25,aps_raw,0.1,85,7,0
university,target_71_3425,target,0.25,aps_raw,0.25,213,21,0
university,target_71_3425,target,0.25,aps_raw,0.5,426,59,0
university,control_71_3425,control,0.25,distance,0.1,85,8,2
university,control_71_3425,control,0.25,distance,0.25,213,18,8
university,control_71_3425,control,0.25,distance,0.5,426,31,12
university,control_71_3425,control,0.25,aps_raw,0.1,85,9,0
university,control_71_3425,control,0.25,aps_raw,0.25,213,10,0
university,control_71_3425,control,0.25,aps_raw,0.5,426,19,0
university,target_142_3425,target,0.5,distance,0.1,85,67,34
university,target_142_3425,target,0.5,distance,0.25,213,150,68
university,target_142_3425,target,0.5,distance,0.5,426,287,133
university,target_142_3425,target,0.5,aps_raw,0.1,85,5,0
university,target_142_3425,target,0.5,aps_raw,0.25,213,41,0
university,target_142_3425,target,0.5,aps_raw,0.5,426,99,0
university,target_71_3426,target,0.25,distance,0.1,85,47,16
university,target_71_3426,target,0.25,distance,0.25,213,98,42
university,target_71_3426,target,0.25,distance,0.5,426,171,59
university,target_71_3426,target,0.25,aps_raw,0.1,85,5,0
university,target_71_3426,target,0.25,aps_raw,0.25,213,18,0
university,target_71_3426,target,0.25,aps_raw,0.5,426,53,0
university,control_71_3426,control,0.25,distance,0.1,85,8,1
university,control_71_3426,control,0.25,distance,0.25,213,19,6
university,control_71_3426,control,0.25,distance,0.5,426,34,11
university,control_71_3426,control,0.25,aps_raw,0.1,85,7,0
university,control_71_3426,control,0.25,aps_raw,0.25,213,10,0
university,control_71_3426,control,0.25,aps_raw,0.5,426,24,0
university,target_142_3426,target,0.5,distance,0.1,85,67,30
university,target_142_3426,target,0.5,distance,0.25,213,154,59
university,target_142_3426,target,0.5,distance,0.5,426,275,101
university,target_142_3426,target,0.5,aps_raw,0.1,85,12,0
university,target_142_3426,target,0.5,aps_raw,0.25,213,34,0
university,target_142_3426,target,0.5,aps_raw,0.5,426,93,0
sues,full,full,0.0,distance,0.1,142,15,5
sues,full,full,0.0,distance,0.25,357,41,8
sues,full,full,0.0,distance,0.5,714,91,14
sues,full,full,0.0,aps_raw,0.1,142,12,0
sues,full,full,0.0,aps_raw,0.25,357,29,0
sues,full,full,0.0,aps_raw,0.5,714,69,0
sues,target_25_290928,target,0.25,distance,0.1,142,54,20
sues,target_25_290928,target,0.25,distance,0.25,357,148,40
sues,target_25_290928,target,0.25,distance,0.5,714,295,60
sues,target_25_290928,target,0.25,aps_raw,0.1,142,14,0
sues,target_25_290928,target,0.25,aps_raw,0.25,357,53,0
sues,target_25_290928,target,0.25,aps_raw,0.5,714,141,0
sues,target_50_290928,target,0.5,distance,0.1,142,85,24
sues,target_50_290928,target,0.5,distance,0.25,357,239,43
sues,target_50_290928,target,0.5,distance,0.5,714,460,66
sues,target_50_290928,target,0.5,aps_raw,0.1,142,32,0
sues,target_50_290928,target,0.5,aps_raw,0.25,357,82,0
sues,target_50_290928,target,0.5,aps_raw,0.5,714,241,0
sues,control_25_290928,control,0.25,distance,0.1,142,8,5
sues,control_25_290928,control,0.25,distance,0.25,357,31,9
sues,control_25_290928,control,0.25,distance,0.5,714,74,15
sues,control_25_290928,control,0.25,aps_raw,0.1,142,6,0
sues,control_25_290928,control,0.25,aps_raw,0.25,357,26,0
sues,control_25_290928,control,0.25,aps_raw,0.5,714,69,0
sues,target_25_290929,target,0.25,distance,0.1,142,56,19
sues,target_25_290929,target,0.25,distance,0.25,357,146,31
sues,target_25_290929,target,0.25,distance,0.5,714,259,47
sues,target_25_290929,target,0.25,aps_raw,0.1,142,12,0
sues,target_25_290929,target,0.25,aps_raw,0.25,357,47,0
sues,target_25_290929,target,0.25,aps_raw,0.5,714,156,0
sues,target_50_290929,target,0.5,distance,0.1,142,113,44
sues,target_50_290929,target,0.5,distance,0.25,357,251,57
sues,target_50_290929,target,0.5,distance,0.5,714,457,71
sues,target_50_290929,target,0.5,aps_raw,0.1,142,13,0
sues,target_50_290929,target,0.5,aps_raw,0.25,357,71,0
sues,target_50_290929,target,0.5,aps_raw,0.5,714,259,0
sues,control_25_290929,control,0.25,distance,0.1,142,8,2
sues,control_25_290929,control,0.25,distance,0.25,357,36,10
sues,control_25_290929,control,0.25,distance,0.5,714,87,16
sues,control_25_290929,control,0.25,aps_raw,0.1,142,6,0
sues,control_25_290929,control,0.25,aps_raw,0.25,357,26,0
sues,control_25_290929,control,0.25,aps_raw,0.5,714,64,0
sues,target_25_290930,target,0.25,distance,0.1,142,47,10
sues,target_25_290930,target,0.25,distance,0.25,357,146,24
sues,target_25_290930,target,0.25,distance,0.5,714,318,42
sues,target_25_290930,target,0.25,aps_raw,0.1,142,19,0
sues,target_25_290930,target,0.25,aps_raw,0.25,357,55,0
sues,target_25_290930,target,0.25,aps_raw,0.5,714,151,0
sues,target_50_290930,target,0.5,distance,0.1,142,97,27
sues,target_50_290930,target,0.5,distance,0.25,357,250,48
sues,target_50_290930,target,0.5,distance,0.5,714,470,74
sues,target_50_290930,target,0.5,aps_raw,0.1,142,22,0
sues,target_50_290930,target,0.5,aps_raw,0.25,357,71,0
sues,target_50_290930,target,0.5,aps_raw,0.5,714,258,0
sues,control_25_290930,control,0.25,distance,0.1,142,12,5
sues,control_25_290930,control,0.25,distance,0.25,357,37,10
sues,control_25_290930,control,0.25,distance,0.5,714,77,16
sues,control_25_290930,control,0.25,aps_raw,0.1,142,12,0
sues,control_25_290930,control,0.25,aps_raw,0.25,357,29,0
sues,control_25_290930,control,0.25,aps_raw,0.5,714,72,0
sues,target_25_290931,target,0.25,distance,0.1,142,54,24
sues,target_25_290931,target,0.25,distance,0.25,357,141,35
sues,target_25_290931,target,0.25,distance,0.5,714,268,41
sues,target_25_290931,target,0.25,aps_raw,0.1,142,19,0
sues,target_25_290931,target,0.25,aps_raw,0.25,357,45,0
sues,target_25_290931,target,0.25,aps_raw,0.5,714,150,0
sues,target_50_290931,target,0.5,distance,0.1,142,71,28
sues,target_50_290931,target,0.5,distance,0.25,357,213,53
sues,target_50_290931,target,0.5,distance,0.5,714,420,69
sues,target_50_290931,target,0.5,aps_raw,0.1,142,27,0
sues,target_50_290931,target,0.5,aps_raw,0.25,357,107,0
sues,target_50_290931,target,0.5,aps_raw,0.5,714,302,0
sues,control_25_290931,control,0.25,distance,0.1,142,11,5
sues,control_25_290931,control,0.25,distance,0.25,357,38,10
sues,control_25_290931,control,0.25,distance,0.5,714,81,15
sues,control_25_290931,control,0.25,aps_raw,0.1,142,6,0
sues,control_25_290931,control,0.25,aps_raw,0.25,357,26,0
sues,control_25_290931,control,0.25,aps_raw,0.5,714,62,0
sues,target_25_290932,target,0.25,distance,0.1,142,68,12
sues,target_25_290932,target,0.25,distance,0.25,357,163,28
sues,target_25_290932,target,0.25,distance,0.5,714,299,41
sues,target_25_290932,target,0.25,aps_raw,0.1,142,12,0
sues,target_25_290932,target,0.25,aps_raw,0.25,357,26,0
sues,target_25_290932,target,0.25,aps_raw,0.5,714,122,0
sues,target_50_290932,target,0.5,distance,0.1,142,111,32
sues,target_50_290932,target,0.5,distance,0.25,357,290,64
sues,target_50_290932,target,0.5,distance,0.5,714,516,83
sues,target_50_290932,target,0.5,aps_raw,0.1,142,20,0
sues,target_50_290932,target,0.5,aps_raw,0.25,357,65,0
sues,target_50_290932,target,0.5,aps_raw,0.5,714,252,0
sues,control_25_290932,control,0.25,distance,0.1,142,8,3
sues,control_25_290932,control,0.25,distance,0.25,357,33,11
sues,control_25_290932,control,0.25,distance,0.5,714,81,16
sues,control_25_290932,control,0.25,aps_raw,0.1,142,6,0
sues,control_25_290932,control,0.25,aps_raw,0.25,357,26,0
sues,control_25_290932,control,0.25,aps_raw,0.5,714,62,0
sues,target_25_290933,target,0.25,distance,0.1,142,61,17
sues,target_25_290933,target,0.25,distance,0.25,357,149,34
sues,target_25_290933,target,0.25,distance,0.5,714,279,45
sues,target_25_290933,target,0.25,aps_raw,0.1,142,17,0
sues,target_25_290933,target,0.25,aps_raw,0.25,357,41,0
sues,target_25_290933,target,0.25,aps_raw,0.5,714,133,0
sues,target_50_290933,target,0.5,distance,0.1,142,116,44
sues,target_50_290933,target,0.5,distance,0.25,357,256,62
sues,target_50_290933,target,0.5,distance,0.5,714,475,85
sues,target_50_290933,target,0.5,aps_raw,0.1,142,7,0
sues,target_50_290933,target,0.5,aps_raw,0.25,357,61,0
sues,target_50_290933,target,0.5,aps_raw,0.5,714,247,0
sues,control_25_290933,control,0.25,distance,0.1,142,8,5
sues,control_25_290933,control,0.25,distance,0.25,357,27,9
sues,control_25_290933,control,0.25,distance,0.5,714,77,15
sues,control_25_290933,control,0.25,aps_raw,0.1,142,6,0
sues,control_25_290933,control,0.25,aps_raw,0.25,357,26,0
sues,control_25_290933,control,0.25,aps_raw,0.5,714,66,0
sues,target_25_290934,target,0.25,distance,0.1,142,72,24
sues,target_25_290934,target,0.25,distance,0.25,357,171,37
sues,target_25_290934,target,0.25,distance,0.5,714,287,45
sues,target_25_290934,target,0.25,aps_raw,0.1,142,5,0
sues,target_25_290934,target,0.25,aps_raw,0.25,357,15,0
sues,target_25_290934,target,0.25,aps_raw,0.5,714,99,0
sues,target_50_290934,target,0.5,distance,0.1,142,84,25
sues,target_50_290934,target,0.5,distance,0.25,357,224,46
sues,target_50_290934,target,0.5,distance,0.5,714,453,69
sues,target_50_290934,target,0.5,aps_raw,0.1,142,11,0
sues,target_50_290934,target,0.5,aps_raw,0.25,357,56,0
sues,target_50_290934,target,0.5,aps_raw,0.5,714,246,0
sues,control_25_290934,control,0.25,distance,0.1,142,11,5
sues,control_25_290934,control,0.25,distance,0.25,357,35,10
sues,control_25_290934,control,0.25,distance,0.5,714,80,15
sues,control_25_290934,control,0.25,aps_raw,0.1,142,6,0
sues,control_25_290934,control,0.25,aps_raw,0.25,357,26,0
sues,control_25_290934,control,0.25,aps_raw,0.5,714,62,0
sues,target_25_290935,target,0.25,distance,0.1,142,50,10
sues,target_25_290935,target,0.25,distance,0.25,357,137,23
sues,target_25_290935,target,0.25,distance,0.5,714,266,35
sues,target_25_290935,target,0.25,aps_raw,0.1,142,13,0
sues,target_25_290935,target,0.25,aps_raw,0.25,357,39,0
sues,target_25_290935,target,0.25,aps_raw,0.5,714,144,0
sues,target_50_290935,target,0.5,distance,0.1,142,91,38
sues,target_50_290935,target,0.5,distance,0.25,357,240,59
sues,target_50_290935,target,0.5,distance,0.5,714,445,76
sues,target_50_290935,target,0.5,aps_raw,0.1,142,22,0
sues,target_50_290935,target,0.5,aps_raw,0.25,357,83,0
sues,target_50_290935,target,0.5,aps_raw,0.5,714,277,0
sues,control_25_290935,control,0.25,distance,0.1,142,8,5
sues,control_25_290935,control,0.25,distance,0.25,357,29,10
sues,control_25_290935,control,0.25,distance,0.5,714,76,15
sues,control_25_290935,control,0.25,aps_raw,0.1,142,6,0
sues,control_25_290935,control,0.25,aps_raw,0.25,357,26,0
sues,control_25_290935,control,0.25,aps_raw,0.5,714,65,0
sues,target_25_290936,target,0.25,distance,0.1,142,70,21
sues,target_25_290936,target,0.25,distance,0.25,357,155,35
sues,target_25_290936,target,0.25,distance,0.5,714,275,49
sues,target_25_290936,target,0.25,aps_raw,0.1,142,17,0
sues,target_25_290936,target,0.25,aps_raw,0.25,357,46,0
sues,target_25_290936,target,0.25,aps_raw,0.5,714,141,0
sues,target_50_290936,target,0.5,distance,0.1,142,117,47
sues,target_50_290936,target,0.5,distance,0.25,357,263,65
sues,target_50_290936,target,0.5,distance,0.5,714,456,89
sues,target_50_290936,target,0.5,aps_raw,0.1,142,30,0
sues,target_50_290936,target,0.5,aps_raw,0.25,357,83,0
sues,target_50_290936,target,0.5,aps_raw,0.5,714,258,0
sues,control_25_290936,control,0.25,distance,0.1,142,9,5
sues,control_25_290936,control,0.25,distance,0.25,357,31,11
sues,control_25_290936,control,0.25,distance,0.5,714,73,18
sues,control_25_290936,control,0.25,aps_raw,0.1,142,12,0
sues,control_25_290936,control,0.25,aps_raw,0.25,357,29,0
sues,control_25_290936,control,0.25,aps_raw,0.5,714,74,0
sues,target_25_290937,target,0.25,distance,0.1,142,70,25
sues,target_25_290937,target,0.25,distance,0.25,357,148,35
sues,target_25_290937,target,0.25,distance,0.5,714,283,49
sues,target_25_290937,target,0.25,aps_raw,0.1,142,22,0
sues,target_25_290937,target,0.25,aps_raw,0.25,357,50,0
sues,target_25_290937,target,0.25,aps_raw,0.5,714,154,0
sues,target_50_290937,target,0.5,distance,0.1,142,97,29
sues,target_50_290937,target,0.5,distance,0.25,357,251,50
sues,target_50_290937,target,0.5,distance,0.5,714,480,70
sues,target_50_290937,target,0.5,aps_raw,0.1,142,19,0
sues,target_50_290937,target,0.5,aps_raw,0.25,357,83,0
sues,target_50_290937,target,0.5,aps_raw,0.5,714,257,0
sues,control_25_290937,control,0.25,distance,0.1,142,11,4
sues,control_25_290937,control,0.25,distance,0.25,357,40,9
sues,control_25_290937,control,0.25,distance,0.5,714,84,14
sues,control_25_290937,control,0.25,aps_raw,0.1,142,6,0
sues,control_25_290937,control,0.25,aps_raw,0.25,357,26,0
sues,control_25_290937,control,0.25,aps_raw,0.5,714,65,0
sues,target_25_290938,target,0.25,distance,0.1,142,64,29
sues,target_25_290938,target,0.25,distance,0.25,357,156,43
sues,target_25_290938,target,0.25,distance,0.5,714,301,62
sues,target_25_290938,target,0.25,aps_raw,0.1,142,8,0
sues,target_25_290938,target,0.25,aps_raw,0.25,357,31,0
sues,target_25_290938,target,0.25,aps_raw,0.5,714,117,0
sues,target_50_290938,target,0.5,distance,0.1,142,99,40
sues,target_50_290938,target,0.5,distance,0.25,357,233,54
sues,target_50_290938,target,0.5,distance,0.5,714,458,69
sues,target_50_290938,target,0.5,aps_raw,0.1,142,27,0
sues,target_50_290938,target,0.5,aps_raw,0.25,357,87,0
sues,target_50_290938,target,0.5,aps_raw,0.5,714,256,0
sues,control_25_290938,control,0.25,distance,0.1,142,8,5
sues,control_25_290938,control,0.25,distance,0.25,357,28,11
sues,control_25_290938,control,0.25,distance,0.5,714,77,16
sues,control_25_290938,control,0.25,aps_raw,0.1,142,6,0
sues,control_25_290938,control,0.25,aps_raw,0.25,357,26,0
sues,control_25_290938,control,0.25,aps_raw,0.5,714,62,0
sues,target_25_290939,target,0.25,distance,0.1,142,66,13
sues,target_25_290939,target,0.25,distance,0.25,357,146,23
sues,target_25_290939,target,0.25,distance,0.5,714,270,40
sues,target_25_290939,target,0.25,aps_raw,0.1,142,12,0
sues,target_25_290939,target,0.25,aps_raw,0.25,357,35,0
sues,target_25_290939,target,0.25,aps_raw,0.5,714,124,0
sues,target_50_290939,target,0.5,distance,0.1,142,111,36
sues,target_50_290939,target,0.5,distance,0.25,357,278,60
sues,target_50_290939,target,0.5,distance,0.5,714,490,82
sues,target_50_290939,target,0.5,aps_raw,0.1,142,3,0
sues,target_50_290939,target,0.5,aps_raw,0.25,357,56,0
sues,target_50_290939,target,0.5,aps_raw,0.5,714,227,0
sues,control_25_290939,control,0.25,distance,0.1,142,8,5
sues,control_25_290939,control,0.25,distance,0.25,357,31,11
sues,control_25_290939,control,0.25,distance,0.5,714,77,16
sues,control_25_290939,control,0.25,aps_raw,0.1,142,6,0
sues,control_25_290939,control,0.25,aps_raw,0.25,357,26,0
sues,control_25_290939,control,0.25,aps_raw,0.5,714,62,0
sues,target_25_290940,target,0.25,distance,0.1,142,54,8
sues,target_25_290940,target,0.25,distance,0.25,357,126,20
sues,target_25_290940,target,0.25,distance,0.5,714,271,34
sues,target_25_290940,target,0.25,aps_raw,0.1,142,5,0
sues,target_25_290940,target,0.25,aps_raw,0.25,357,33,0
sues,target_25_290940,target,0.25,aps_raw,0.5,714,124,0
sues,target_50_290940,target,0.5,distance,0.1,142,83,17
sues,target_50_290940,target,0.5,distance,0.25,357,225,38
sues,target_50_290940,target,0.5,distance,0.5,714,449,57
sues,target_50_290940,target,0.5,aps_raw,0.1,142,15,0
sues,target_50_290940,target,0.5,aps_raw,0.25,357,56,0
sues,target_50_290940,target,0.5,aps_raw,0.5,714,241,0
sues,control_25_290940,control,0.25,distance,0.1,142,8,4
sues,control_25_290940,control,0.25,distance,0.25,357,27,9
sues,control_25_290940,control,0.25,distance,0.5,714,75,14
sues,control_25_290940,control,0.25,aps_raw,0.1,142,12,0
sues,control_25_290940,control,0.25,aps_raw,0.25,357,32,0
sues,control_25_290940,control,0.25,aps_raw,0.5,714,70,0
sues,target_25_290941,target,0.25,distance,0.1,142,56,9
sues,target_25_290941,target,0.25,distance,0.25,357,145,21
sues,target_25_290941,target,0.25,distance,0.5,714,279,39
sues,target_25_290941,target,0.25,aps_raw,0.1,142,13,0
sues,target_25_290941,target,0.25,aps_raw,0.25,357,54,0
sues,target_25_290941,target,0.25,aps_raw,0.5,714,175,0
sues,target_50_290941,target,0.5,distance,0.1,142,75,19
sues,target_50_290941,target,0.5,distance,0.25,357,220,36
sues,target_50_290941,target,0.5,distance,0.5,714,438,54
sues,target_50_290941,target,0.5,aps_raw,0.1,142,26,0
sues,target_50_290941,target,0.5,aps_raw,0.25,357,107,0
sues,target_50_290941,target,0.5,aps_raw,0.5,714,298,0
sues,control_25_290941,control,0.25,distance,0.1,142,11,5
sues,control_25_290941,control,0.25,distance,0.25,357,35,10
sues,control_25_290941,control,0.25,distance,0.5,714,81,15
sues,control_25_290941,control,0.25,aps_raw,0.1,142,12,0
sues,control_25_290941,control,0.25,aps_raw,0.25,357,32,0
sues,control_25_290941,control,0.25,aps_raw,0.5,714,67,0
sues,target_25_290942,target,0.25,distance,0.1,142,68,27
sues,target_25_290942,target,0.25,distance,0.25,357,148,38
sues,target_25_290942,target,0.25,distance,0.5,714,278,55
sues,target_25_290942,target,0.25,aps_raw,0.1,142,29,0
sues,target_25_290942,target,0.25,aps_raw,0.25,357,53,0
sues,target_25_290942,target,0.25,aps_raw,0.5,714,161,0
sues,target_50_290942,target,0.5,distance,0.1,142,102,32
sues,target_50_290942,target,0.5,distance,0.25,357,224,51
sues,target_50_290942,target,0.5,distance,0.5,714,403,67
sues,target_50_290942,target,0.5,aps_raw,0.1,142,30,0
sues,target_50_290942,target,0.5,aps_raw,0.25,357,107,0
sues,target_50_290942,target,0.5,aps_raw,0.5,714,304,0
sues,control_25_290942,control,0.25,distance,0.1,142,9,4
sues,control_25_290942,control,0.25,distance,0.25,357,32,10
sues,control_25_290942,control,0.25,distance,0.5,714,78,15
sues,control_25_290942,control,0.25,aps_raw,0.1,142,12,0
sues,control_25_290942,control,0.25,aps_raw,0.25,357,32,0
sues,control_25_290942,control,0.25,aps_raw,0.5,714,67,0
sues,target_25_290943,target,0.25,distance,0.1,142,71,24
sues,target_25_290943,target,0.25,distance,0.25,357,157,38
sues,target_25_290943,target,0.25,distance,0.5,714,270,45
sues,target_25_290943,target,0.25,aps_raw,0.1,142,10,0
sues,target_25_290943,target,0.25,aps_raw,0.25,357,38,0
sues,target_25_290943,target,0.25,aps_raw,0.5,714,138,0
sues,target_50_290943,target,0.5,distance,0.1,142,84,28
sues,target_50_290943,target,0.5,distance,0.25,357,218,45
sues,target_50_290943,target,0.5,distance,0.5,714,426,64
sues,target_50_290943,target,0.5,aps_raw,0.1,142,19,0
sues,target_50_290943,target,0.5,aps_raw,0.25,357,87,0
sues,target_50_290943,target,0.5,aps_raw,0.5,714,266,0
sues,control_25_290943,control,0.25,distance,0.1,142,9,3
sues,control_25_290943,control,0.25,distance,0.25,357,30,9
sues,control_25_290943,control,0.25,distance,0.5,714,80,14
sues,control_25_290943,control,0.25,aps_raw,0.1,142,6,0
sues,control_25_290943,control,0.25,aps_raw,0.25,357,26,0
sues,control_25_290943,control,0.25,aps_raw,0.5,714,62,0
sues,target_25_290944,target,0.25,distance,0.1,142,48,11
sues,target_25_290944,target,0.25,distance,0.25,357,123,25
sues,target_25_290944,target,0.25,distance,0.5,714,266,44
sues,target_25_290944,target,0.25,aps_raw,0.1,142,14,0
sues,target_25_290944,target,0.25,aps_raw,0.25,357,43,0
sues,target_25_290944,target,0.25,aps_raw,0.5,714,147,0
sues,target_50_290944,target,0.5,distance,0.1,142,95,26
sues,target_50_290944,target,0.5,distance,0.25,357,242,50
sues,target_50_290944,target,0.5,distance,0.5,714,460,69
sues,target_50_290944,target,0.5,aps_raw,0.1,142,11,0
sues,target_50_290944,target,0.5,aps_raw,0.25,357,63,0
sues,target_50_290944,target,0.5,aps_raw,0.5,714,253,0
sues,control_25_290944,control,0.25,distance,0.1,142,11,5
sues,control_25_290944,control,0.25,distance,0.25,357,35,10
sues,control_25_290944,control,0.25,distance,0.5,714,83,15
sues,control_25_290944,control,0.25,aps_raw,0.1,142,12,0
sues,control_25_290944,control,0.25,aps_raw,0.25,357,32,0
sues,control_25_290944,control,0.25,aps_raw,0.5,714,67,0
sues,target_25_290945,target,0.25,distance,0.1,142,61,11
sues,target_25_290945,target,0.25,distance,0.25,357,155,22
sues,target_25_290945,target,0.25,distance,0.5,714,315,36
sues,target_25_290945,target,0.25,aps_raw,0.1,142,10,0
sues,target_25_290945,target,0.25,aps_raw,0.25,357,58,0
sues,target_25_290945,target,0.25,aps_raw,0.5,714,159,0
sues,target_50_290945,target,0.5,distance,0.1,142,93,35
sues,target_50_290945,target,0.5,distance,0.25,357,231,52
sues,target_50_290945,target,0.5,distance,0.5,714,465,67
sues,target_50_290945,target,0.5,aps_raw,0.1,142,19,0
sues,target_50_290945,target,0.5,aps_raw,0.25,357,99,0
sues,target_50_290945,target,0.5,aps_raw,0.5,714,280,0
sues,control_25_290945,control,0.25,distance,0.1,142,12,5
sues,control_25_290945,control,0.25,distance,0.25,357,37,10
sues,control_25_290945,control,0.25,distance,0.5,714,78,17
sues,control_25_290945,control,0.25,aps_raw,0.1,142,6,0
sues,control_25_290945,control,0.25,aps_raw,0.25,357,24,0
sues,control_25_290945,control,0.25,aps_raw,0.5,714,70,0
sues,target_25_290946,target,0.25,distance,0.1,142,66,16
sues,target_25_290946,target,0.25,distance,0.25,357,145,27
sues,target_25_290946,target,0.25,distance,0.5,714,277,36
sues,target_25_290946,target,0.25,aps_raw,0.1,142,17,0
sues,target_25_290946,target,0.25,aps_raw,0.25,357,52,0
sues,target_25_290946,target,0.25,aps_raw,0.5,714,154,0
sues,target_50_290946,target,0.5,distance,0.1,142,109,37
sues,target_50_290946,target,0.5,distance,0.25,357,232,59
sues,target_50_290946,target,0.5,distance,0.5,714,409,72
sues,target_50_290946,target,0.5,aps_raw,0.1,142,22,0
sues,target_50_290946,target,0.5,aps_raw,0.25,357,96,0
sues,target_50_290946,target,0.5,aps_raw,0.5,714,269,0
sues,control_25_290946,control,0.25,distance,0.1,142,9,4
sues,control_25_290946,control,0.25,distance,0.25,357,32,9
sues,control_25_290946,control,0.25,distance,0.5,714,80,14
sues,control_25_290946,control,0.25,aps_raw,0.1,142,6,0
sues,control_25_290946,control,0.25,aps_raw,0.25,357,26,0
sues,control_25_290946,control,0.25,aps_raw,0.5,714,65,0
sues,target_25_290947,target,0.25,distance,0.1,142,49,15
sues,target_25_290947,target,0.25,distance,0.25,357,139,28
sues,target_25_290947,target,0.25,distance,0.5,714,297,42
sues,target_25_290947,target,0.25,aps_raw,0.1,142,8,0
sues,target_25_290947,target,0.25,aps_raw,0.25,357,26,0
sues,target_25_290947,target,0.25,aps_raw,0.5,714,110,0
sues,target_50_290947,target,0.5,distance,0.1,142,69,11
sues,target_50_290947,target,0.5,distance,0.25,357,196,33
sues,target_50_290947,target,0.5,distance,0.5,714,416,49
sues,target_50_290947,target,0.5,aps_raw,0.1,142,6,0
sues,target_50_290947,target,0.5,aps_raw,0.25,357,45,0
sues,target_50_290947,target,0.5,aps_raw,0.5,714,227,0
sues,control_25_290947,control,0.25,distance,0.1,142,9,2
sues,control_25_290947,control,0.25,distance,0.25,357,31,10
sues,control_25_290947,control,0.25,distance,0.5,714,83,15
sues,control_25_290947,control,0.25,aps_raw,0.1,142,6,0
sues,control_25_290947,control,0.25,aps_raw,0.25,357,26,0
sues,control_25_290947,control,0.25,aps_raw,0.5,714,62,0
