dataset,case_id,method,alpha,old_covered,new_covered,covered_truth_removed,surviving_coverage_losses,surviving_gains
university,full,distance,0.01,845,845,0,0,0
university,full,distance,0.05,798,798,0,0,0
university,full,distance,0.1,735,735,0,0,0
university,full,aps_raw,0.01,845,845,0,0,0
university,full,aps_raw,0.05,805,805,0,0,0
university,full,aps_raw,0.1,755,755,0,0,0
university,full,fixed_k,0.01,845,845,0,0,0
university,full,fixed_k,0.05,814,814,0,0,0
university,full,fixed_k,0.1,773,773,0,0,0
university,target_71_3407,distance,0.01,845,635,210,0,0
university,target_71_3407,distance,0.05,798,598,200,0,0
university,target_71_3407,distance,0.1,735,551,184,0,0
university,target_71_3407,aps_raw,0.01,845,635,210,0,0
university,target_71_3407,aps_raw,0.05,805,611,200,0,6
university,target_71_3407,aps_raw,0.1,755,577,188,0,10
university,target_71_3407,fixed_k,0.01,845,635,210,0,0
university,target_71_3407,fixed_k,0.05,814,614,201,0,1
university,target_71_3407,fixed_k,0.1,773,591,193,0,11
university,control_71_3407,distance,0.01,845,845,0,0,0
university,control_71_3407,distance,0.05,798,798,0,0,0
university,control_71_3407,distance,0.1,735,735,0,0,0
university,control_71_3407,aps_raw,0.01,845,845,0,0,0
university,control_71_3407,aps_raw,0.05,805,807,0,0,2
university,control_71_3407,aps_raw,0.1,755,759,0,0,4
university,control_71_3407,fixed_k,0.01,845,845,0,0,0
university,control_71_3407,fixed_k,0.05,814,816,0,0,2
university,control_71_3407,fixed_k,0.1,773,777,0,0,4
university,target_142_3407,distance,0.01,845,423,422,0,0
university,target_142_3407,distance,0.05,798,401,397,0,0
university,target_142_3407,distance,0.1,735,372,363,0,0
university,target_142_3407,aps_raw,0.01,845,424,422,0,1
university,target_142_3407,aps_raw,0.05,805,407,402,0,4
university,target_142_3407,aps_raw,0.1,755,384,381,0,10
university,target_142_3407,fixed_k,0.01,845,423,422,0,0
university,target_142_3407,fixed_k,0.05,814,410,405,0,1
university,target_142_3407,fixed_k,0.1,773,395,389,0,11
university,target_71_3408,distance,0.01,845,632,213,0,0
university,target_71_3408,distance,0.05,798,591,207,0,0
university,target_71_3408,distance,0.1,735,544,191,0,0
university,target_71_3408,aps_raw,0.01,845,632,213,0,0
university,target_71_3408,aps_raw,0.05,805,604,204,0,3
university,target_71_3408,aps_raw,0.1,755,565,199,0,9
university,target_71_3408,fixed_k,0.01,845,632,213,0,0
university,target_71_3408,fixed_k,0.05,814,607,209,0,2
university,target_71_3408,fixed_k,0.1,773,581,201,0,9
university,control_71_3408,distance,0.01,845,845,0,0,0
university,control_71_3408,distance,0.05,798,798,0,0,0
university,control_71_3408,distance,0.1,735,735,0,0,0
university,control_71_3408,aps_raw,0.01,845,845,0,0,0
university,control_71_3408,aps_raw,0.05,805,809,0,0,4
university,control_71_3408,aps_raw,0.1,755,764,0,0,9
university,control_71_3408,fixed_k,0.01,845,845,0,0,0
university,control_71_3408,fixed_k,0.05,814,818,0,0,4
university,control_71_3408,fixed_k,0.1,773,782,0,0,9
university,target_142_3408,distance,0.01,845,423,422,0,0
university,target_142_3408,distance,0.05,798,396,402,0,0
university,target_142_3408,distance,0.1,735,370,365,0,0
university,target_142_3408,aps_raw,0.01,845,423,422,0,0
university,target_142_3408,aps_raw,0.05,805,405,404,0,4
university,target_142_3408,aps_raw,0.1,755,384,384,0,13
university,target_142_3408,fixed_k,0.01,845,423,422,0,0
university,target_142_3408,fixed_k,0.05,814,408,409,0,3
university,target_142_3408,fixed_k,0.1,773,393,393,0,13
university,target_71_3409,distance,0.01,845,632,213,0,0
university,target_71_3409,distance,0.05,798,596,202,0,0
university,target_71_3409,distance,0.1,735,550,185,0,0
university,target_71_3409,aps_raw,0.01,845,632,213,0,0
university,target_71_3409,aps_raw,0.05,805,601,205,0,1
university,target_71_3409,aps_raw,0.1,755,565,195,0,5
university,target_71_3409,fixed_k,0.01,845,632,213,0,0
university,target_71_3409,fixed_k,0.05,814,609,206,0,1
university,target_71_3409,fixed_k,0.1,773,578,200,0,5
university,control_71_3409,distance,0.01,845,845,0,0,0
university,control_71_3409,distance,0.05,798,798,0,0,0
university,control_71_3409,distance,0.1,735,735,0,0,0
university,control_71_3409,aps_raw,0.01,845,845,0,0,0
university,control_71_3409,aps_raw,0.05,805,809,0,0,4
university,control_71_3409,aps_raw,0.1,755,765,0,0,10
university,control_71_3409,fixed_k,0.01,845,845,0,0,0
university,control_71_3409,fixed_k,0.05,814,818,0,0,4
university,control_71_3409,fixed_k,0.1,773,783,0,0,10
university,target_142_3409,distance,0.01,845,419,426,0,0
university,target_142_3409,distance,0.05,798,390,408,0,0
university,target_142_3409,distance,0.1,735,358,377,0,0
university,target_142_3409,aps_raw,0.01,845,420,426,0,1
university,target_142_3409,aps_raw,0.05,805,399,413,0,7
university,target_142_3409,aps_raw,0.1,755,371,392,0,8
university,target_142_3409,fixed_k,0.01,845,419,426,0,0
university,target_142_3409,fixed_k,0.05,814,406,416,0,8
university,target_142_3409,fixed_k,0.1,773,381,400,0,8
university,target_71_3410,distance,0.01,845,632,213,0,0
university,target_71_3410,distance,0.05,798,599,199,0,0
university,target_71_3410,distance,0.1,735,550,185,0,0
university,target_71_3410,aps_raw,0.01,845,632,213,0,0
university,target_71_3410,aps_raw,0.05,805,607,204,0,6
university,target_71_3410,aps_raw,0.1,755,570,191,0,6
university,target_71_3410,fixed_k,0.01,845,632,213,0,0
university,target_71_3410,fixed_k,0.05,814,613,204,0,3
university,target_71_3410,fixed_k,0.1,773,583,197,0,7
university,control_71_3410,distance,0.01,845,845,0,0,0
university,control_71_3410,distance,0.05,798,798,0,0,0
university,control_71_3410,distance,0.1,735,735,0,0,0
university,control_71_3410,aps_raw,0.01,845,845,0,0,0
university,control_71_3410,aps_raw,0.05,805,806,0,0,1
university,control_71_3410,aps_raw,0.1,755,759,0,0,4
university,control_71_3410,fixed_k,0.01,845,845,0,0,0
university,control_71_3410,fixed_k,0.05,814,815,0,0,1
university,control_71_3410,fixed_k,0.1,773,777,0,0,4
university,target_142_3410,distance,0.01,845,419,426,0,0
university,target_142_3410,distance,0.05,798,394,404,0,0
university,target_142_3410,distance,0.1,735,366,369,0,0
university,target_142_3410,aps_raw,0.01,845,419,426,0,0
university,target_142_3410,aps_raw,0.05,805,402,411,0,8
university,target_142_3410,aps_raw,0.1,755,379,384,0,8
university,target_142_3410,fixed_k,0.01,845,419,426,0,0
university,target_142_3410,fixed_k,0.05,814,407,412,0,5
university,target_142_3410,fixed_k,0.1,773,388,394,0,9
university,target_71_3411,distance,0.01,845,633,212,0,0
university,target_71_3411,distance,0.05,798,596,202,0,0
university,target_71_3411,distance,0.1,735,546,189,0,0
university,target_71_3411,aps_raw,0.01,845,633,212,0,0
university,target_71_3411,aps_raw,0.05,805,610,203,0,8
university,target_71_3411,aps_raw,0.1,755,570,192,0,7
university,target_71_3411,fixed_k,0.01,845,633,212,0,0
university,target_71_3411,fixed_k,0.05,814,611,205,0,2
university,target_71_3411,fixed_k,0.1,773,585,196,0,8
university,control_71_3411,distance,0.01,845,845,0,0,0
university,control_71_3411,distance,0.05,798,798,0,0,0
university,control_71_3411,distance,0.1,735,735,0,0,0
university,control_71_3411,aps_raw,0.01,845,845,0,0,0
university,control_71_3411,aps_raw,0.05,805,809,0,0,4
university,control_71_3411,aps_raw,0.1,755,763,0,0,8
university,control_71_3411,fixed_k,0.01,845,845,0,0,0
university,control_71_3411,fixed_k,0.05,814,818,0,0,4
university,control_71_3411,fixed_k,0.1,773,781,0,0,8
university,target_142_3411,distance,0.01,845,423,422,0,0
university,target_142_3411,distance,0.05,798,398,400,0,0
university,target_142_3411,distance,0.1,735,362,373,0,0
university,target_142_3411,aps_raw,0.01,845,423,422,0,0
university,target_142_3411,aps_raw,0.05,805,409,403,0,7
university,target_142_3411,aps_raw,0.1,755,385,376,0,6
university,target_142_3411,fixed_k,0.01,845,423,422,0,0
university,target_142_3411,fixed_k,0.05,814,410,408,0,4
university,target_142_3411,fixed_k,0.1,773,392,387,0,6
university,target_71_3412,distance,0.01,845,632,213,0,0
university,target_71_3412,distance,0.05,798,590,208,0,0
university,target_71_3412,distance,0.1,735,544,191,0,0
university,target_71_3412,aps_raw,0.01,845,632,213,0,0
university,target_71_3412,aps_raw,0.05,805,606,204,0,5
university,target_71_3412,aps_raw,0.1,755,567,195,0,7
university,target_71_3412,fixed_k,0.01,845,632,213,0,0
university,target_71_3412,fixed_k,0.05,814,610,209,0,5
university,target_71_3412,fixed_k,0.1,773,584,196,0,7
university,control_71_3412,distance,0.01,845,845,0,0,0
university,control_71_3412,distance,0.05,798,798,0,0,0
university,control_71_3412,distance,0.1,735,735,0,0,0
university,control_71_3412,aps_raw,0.01,845,845,0,0,0
university,control_71_3412,aps_raw,0.05,805,809,0,0,4
university,control_71_3412,aps_raw,0.1,755,764,0,0,9
university,control_71_3412,fixed_k,0.01,845,845,0,0,0
university,control_71_3412,fixed_k,0.05,814,818,0,0,4
university,control_71_3412,fixed_k,0.1,773,782,0,0,9
university,target_142_3412,distance,0.01,845,419,426,0,0
university,target_142_3412,distance,0.05,798,392,406,0,0
university,target_142_3412,distance,0.1,735,368,367,0,0
university,target_142_3412,aps_raw,0.01,845,419,426,0,0
university,target_142_3412,aps_raw,0.05,805,402,407,0,4
university,target_142_3412,aps_raw,0.1,755,382,383,0,10
university,target_142_3412,fixed_k,0.01,845,419,426,0,0
university,target_142_3412,fixed_k,0.05,814,405,412,0,3
university,target_142_3412,fixed_k,0.1,773,392,391,0,10
university,target_71_3413,distance,0.01,845,633,212,0,0
university,target_71_3413,distance,0.05,798,599,199,0,0
university,target_71_3413,distance,0.1,735,557,178,0,0
university,target_71_3413,aps_raw,0.01,845,633,212,0,0
university,target_71_3413,aps_raw,0.05,805,606,202,0,3
university,target_71_3413,aps_raw,0.1,755,575,189,0,9
university,target_71_3413,fixed_k,0.01,845,633,212,0,0
university,target_71_3413,fixed_k,0.05,814,615,202,0,3
university,target_71_3413,fixed_k,0.1,773,590,192,0,9
university,control_71_3413,distance,0.01,845,845,0,0,0
university,control_71_3413,distance,0.05,798,798,0,0,0
university,control_71_3413,distance,0.1,735,735,0,0,0
university,control_71_3413,aps_raw,0.01,845,845,0,0,0
university,control_71_3413,aps_raw,0.05,805,807,0,0,2
university,control_71_3413,aps_raw,0.1,755,763,0,0,8
university,control_71_3413,fixed_k,0.01,845,845,0,0,0
university,control_71_3413,fixed_k,0.05,814,816,0,0,2
university,control_71_3413,fixed_k,0.1,773,781,0,0,8
university,target_142_3413,distance,0.01,845,423,422,0,0
university,target_142_3413,distance,0.05,798,406,392,0,0
university,target_142_3413,distance,0.1,735,377,358,0,0
university,target_142_3413,aps_raw,0.01,845,424,422,0,1
university,target_142_3413,aps_raw,0.05,805,414,397,0,6
university,target_142_3413,aps_raw,0.1,755,398,368,0,11
university,target_142_3413,fixed_k,0.01,845,423,422,0,0
university,target_142_3413,fixed_k,0.05,814,417,401,0,4
university,target_142_3413,fixed_k,0.1,773,408,376,0,11
university,target_71_3414,distance,0.01,845,633,212,0,0
university,target_71_3414,distance,0.05,798,594,204,0,0
university,target_71_3414,distance,0.1,735,540,195,0,0
university,target_71_3414,aps_raw,0.01,845,633,212,0,0
university,target_71_3414,aps_raw,0.05,805,608,199,0,2
university,target_71_3414,aps_raw,0.1,755,570,191,0,6
university,target_71_3414,fixed_k,0.01,845,633,212,0,0
university,target_71_3414,fixed_k,0.05,814,610,205,0,1
university,target_71_3414,fixed_k,0.1,773,584,195,0,6
university,control_71_3414,distance,0.01,845,845,0,0,0
university,control_71_3414,distance,0.05,798,798,0,0,0
university,control_71_3414,distance,0.1,735,735,0,0,0
university,control_71_3414,aps_raw,0.01,845,845,0,0,0
university,control_71_3414,aps_raw,0.05,805,807,0,0,2
university,control_71_3414,aps_raw,0.1,755,761,0,0,6
university,control_71_3414,fixed_k,0.01,845,845,0,0,0
university,control_71_3414,fixed_k,0.05,814,816,0,0,2
university,control_71_3414,fixed_k,0.1,773,779,0,0,6
university,target_142_3414,distance,0.01,845,423,422,0,0
university,target_142_3414,distance,0.05,798,397,401,0,0
university,target_142_3414,distance,0.1,735,359,376,0,0
university,target_142_3414,aps_raw,0.01,845,423,422,0,0
university,target_142_3414,aps_raw,0.05,805,414,398,0,7
university,target_142_3414,aps_raw,0.1,755,387,381,0,13
university,target_142_3414,fixed_k,0.01,845,423,422,0,0
university,target_142_3414,fixed_k,0.05,814,414,404,0,4
university,target_142_3414,fixed_k,0.1,773,398,388,0,13
university,target_71_3415,distance,0.01,845,636,209,0,0
university,target_71_3415,distance,0.05,798,602,196,0,0
university,target_71_3415,distance,0.1,735,560,175,0,0
university,target_71_3415,aps_raw,0.01,845,636,209,0,0
university,target_71_3415,aps_raw,0.05,805,610,200,0,5
university,target_71_3415,aps_raw,0.1,755,575,183,0,3
university,target_71_3415,fixed_k,0.01,845,636,209,0,0
university,target_71_3415,fixed_k,0.05,814,617,202,0,5
university,target_71_3415,fixed_k,0.1,773,583,193,0,3
university,control_71_3415,distance,0.01,845,845,0,0,0
university,control_71_3415,distance,0.05,798,798,0,0,0
university,control_71_3415,distance,0.1,735,735,0,0,0
university,control_71_3415,aps_raw,0.01,845,845,0,0,0
university,control_71_3415,aps_raw,0.05,805,809,0,0,4
university,control_71_3415,aps_raw,0.1,755,765,0,0,10
university,control_71_3415,fixed_k,0.01,845,845,0,0,0
university,control_71_3415,fixed_k,0.05,814,818,0,0,4
university,control_71_3415,fixed_k,0.1,773,783,0,0,10
university,target_142_3415,distance,0.01,845,423,422,0,0
university,target_142_3415,distance,0.05,798,396,402,0,0
university,target_142_3415,distance,0.1,735,373,362,0,0
university,target_142_3415,aps_raw,0.01,845,423,422,0,0
university,target_142_3415,aps_raw,0.05,805,408,406,0,9
university,target_142_3415,aps_raw,0.1,755,385,380,0,10
university,target_142_3415,fixed_k,0.01,845,423,422,0,0
university,target_142_3415,fixed_k,0.05,814,411,410,0,7
university,target_142_3415,fixed_k,0.1,773,392,391,0,10
university,target_71_3416,distance,0.01,845,633,212,0,0
university,target_71_3416,distance,0.05,798,599,199,0,0
university,target_71_3416,distance,0.1,735,550,185,0,0
university,target_71_3416,aps_raw,0.01,845,633,212,0,0
university,target_71_3416,aps_raw,0.05,805,609,201,0,5
university,target_71_3416,aps_raw,0.1,755,570,190,0,5
university,target_71_3416,fixed_k,0.01,845,633,212,0,0
university,target_71_3416,fixed_k,0.05,814,616,201,0,3
university,target_71_3416,fixed_k,0.1,773,585,193,0,5
university,control_71_3416,distance,0.01,845,845,0,0,0
university,control_71_3416,distance,0.05,798,798,0,0,0
university,control_71_3416,distance,0.1,735,735,0,0,0
university,control_71_3416,aps_raw,0.01,845,845,0,0,0
university,control_71_3416,aps_raw,0.05,805,807,0,0,2
university,control_71_3416,aps_raw,0.1,755,763,0,0,8
university,control_71_3416,fixed_k,0.01,845,845,0,0,0
university,control_71_3416,fixed_k,0.05,814,816,0,0,2
university,control_71_3416,fixed_k,0.1,773,781,0,0,8
university,target_142_3416,distance,0.01,845,420,425,0,0
university,target_142_3416,distance,0.05,798,392,406,0,0
university,target_142_3416,distance,0.1,735,357,378,0,0
university,target_142_3416,aps_raw,0.01,845,420,425,0,0
university,target_142_3416,aps_raw,0.05,805,409,404,0,8
university,target_142_3416,aps_raw,0.1,755,384,380,0,9
university,target_142_3416,fixed_k,0.01,845,420,425,0,0
university,target_142_3416,fixed_k,0.05,814,409,412,0,7
university,target_142_3416,fixed_k,0.1,773,394,388,0,9
university,target_71_3417,distance,0.01,845,632,213,0,0
university,target_71_3417,distance,0.05,798,599,199,0,0
university,target_71_3417,distance,0.1,735,552,183,0,0
university,target_71_3417,aps_raw,0.01,845,632,213,0,0
university,target_71_3417,aps_raw,0.05,805,605,202,0,2
university,target_71_3417,aps_raw,0.1,755,570,187,0,2
university,target_71_3417,fixed_k,0.01,845,632,213,0,0
university,target_71_3417,fixed_k,0.05,814,611,204,0,1
university,target_71_3417,fixed_k,0.1,773,582,193,0,2
university,control_71_3417,distance,0.01,845,845,0,0,0
university,control_71_3417,distance,0.05,798,798,0,0,0
university,control_71_3417,distance,0.1,735,735,0,0,0
university,control_71_3417,aps_raw,0.01,845,845,0,0,0
university,control_71_3417,aps_raw,0.05,805,808,0,0,3
university,control_71_3417,aps_raw,0.1,755,761,0,0,6
university,control_71_3417,fixed_k,0.01,845,845,0,0,0
university,control_71_3417,fixed_k,0.05,814,817,0,0,3
university,control_71_3417,fixed_k,0.1,773,779,0,0,6
university,target_142_3417,distance,0.01,845,423,422,0,0
university,target_142_3417,distance,0.05,798,406,392,0,0
university,target_142_3417,distance,0.1,735,374,361,0,0
university,target_142_3417,aps_raw,0.01,845,423,422,0,0
university,target_142_3417,aps_raw,0.05,805,410,400,0,5
university,target_142_3417,aps_raw,0.1,755,385,375,0,5
university,target_142_3417,fixed_k,0.01,845,423,422,0,0
university,target_142_3417,fixed_k,0.05,814,416,402,0,4
university,target_142_3417,fixed_k,0.1,773,397,381,0,5
university,target_71_3418,distance,0.01,845,633,212,0,0
university,target_71_3418,distance,0.05,798,593,205,0,0
university,target_71_3418,distance,0.1,735,548,187,0,0
university,target_71_3418,aps_raw,0.01,845,633,212,0,0
university,target_71_3418,aps_raw,0.05,805,605,205,0,5
university,target_71_3418,aps_raw,0.1,755,565,194,0,4
university,target_71_3418,fixed_k,0.01,845,633,212,0,0
university,target_71_3418,fixed_k,0.05,814,610,208,0,4
university,target_71_3418,fixed_k,0.1,773,578,199,0,4
university,control_71_3418,distance,0.01,845,845,0,0,0
university,control_71_3418,distance,0.05,798,798,0,0,0
university,control_71_3418,distance,0.1,735,735,0,0,0
university,control_71_3418,aps_raw,0.01,845,845,0,0,0
university,control_71_3418,aps_raw,0.05,805,808,0,0,3
university,control_71_3418,aps_raw,0.1,755,764,0,0,9
university,control_71_3418,fixed_k,0.01,845,845,0,0,0
university,control_71_3418,fixed_k,0.05,814,817,0,0,3
university,control_71_3418,fixed_k,0.1,773,782,0,0,9
university,target_142_3418,distance,0.01,845,423,422,0,0
university,target_142_3418,distance,0.05,798,399,399,0,0
university,target_142_3418,distance,0.1,735,369,366,0,0
university,target_142_3418,aps_raw,0.01,845,423,422,0,0
university,target_142_3418,aps_raw,0.05,805,410,402,0,7
university,target_142_3418,aps_raw,0.1,755,388,374,0,7
university,target_142_3418,fixed_k,0.01,845,423,422,0,0
university,target_142_3418,fixed_k,0.05,814,410,408,0,4
university,target_142_3418,fixed_k,0.1,773,396,384,0,7
university,target_71_3419,distance,0.01,845,632,213,0,0
university,target_71_3419,distance,0.05,798,596,202,0,0
university,target_71_3419,distance,0.1,735,551,184,0,0
university,target_71_3419,aps_raw,0.01,845,632,213,0,0
university,target_71_3419,aps_raw,0.05,805,602,204,0,1
university,target_71_3419,aps_raw,0.1,755,564,192,0,1
university,target_71_3419,fixed_k,0.01,845,632,213,0,0
university,target_71_3419,fixed_k,0.05,814,608,207,0,1
university,target_71_3419,fixed_k,0.1,773,578,196,0,1
university,control_71_3419,distance,0.01,845,845,0,0,0
university,control_71_3419,distance,0.05,798,798,0,0,0
university,control_71_3419,distance,0.1,735,735,0,0,0
university,control_71_3419,aps_raw,0.01,845,845,0,0,0
university,control_71_3419,aps_raw,0.05,805,809,0,0,4
university,control_71_3419,aps_raw,0.1,755,764,0,0,9
university,control_71_3419,fixed_k,0.01,845,845,0,0,0
university,control_71_3419,fixed_k,0.05,814,818,0,0,4
university,control_71_3419,fixed_k,0.1,773,782,0,0,9
university,target_142_3419,distance,0.01,845,422,423,0,0
university,target_142_3419,distance,0.05,798,396,402,0,0
university,target_142_3419,distance,0.1,735,368,367,0,0
university,target_142_3419,aps_raw,0.01,845,422,423,0,0
university,target_142_3419,aps_raw,0.05,805,408,403,0,6
university,target_142_3419,aps_raw,0.1,755,377,380,0,2
university,target_142_3419,fixed_k,0.01,845,422,423,0,0
university,target_142_3419,fixed_k,0.05,814,408,411,0,5
university,target_142_3419,fixed_k,0.1,773,388,387,0,2
university,target_71_3420,distance,0.01,845,635,210,0,0
university,target_71_3420,distance,0.05,798,600,198,0,0
university,target_71_3420,distance,0.1,735,557,178,0,0
university,target_71_3420,aps_raw,0.01,845,635,210,0,0
university,target_71_3420,aps_raw,0.05,805,614,196,0,5
university,target_71_3420,aps_raw,0.1,755,575,186,0,6
university,target_71_3420,fixed_k,0.01,845,635,210,0,0
university,target_71_3420,fixed_k,0.05,814,617,201,0,4
university,target_71_3420,fixed_k,0.1,773,592,187,0,6
university,control_71_3420,distance,0.01,845,845,0,0,0
university,control_71_3420,distance,0.05,798,798,0,0,0
university,control_71_3420,distance,0.1,735,735,0,0,0
university,control_71_3420,aps_raw,0.01,845,845,0,0,0
university,control_71_3420,aps_raw,0.05,805,808,0,0,3
university,control_71_3420,aps_raw,0.1,755,764,0,0,9
university,control_71_3420,fixed_k,0.01,845,845,0,0,0
university,control_71_3420,fixed_k,0.05,814,817,0,0,3
university,control_71_3420,fixed_k,0.1,773,782,0,0,9
university,target_142_3420,distance,0.01,845,425,420,0,0
university,target_142_3420,distance,0.05,798,402,396,0,0
university,target_142_3420,distance,0.1,735,380,355,0,0
university,target_142_3420,aps_raw,0.01,845,425,420,0,0
university,target_142_3420,aps_raw,0.05,805,411,398,0,4
university,target_142_3420,aps_raw,0.1,755,385,373,0,3
university,target_142_3420,fixed_k,0.01,845,425,420,0,0
university,target_142_3420,fixed_k,0.05,814,411,406,0,3
university,target_142_3420,fixed_k,0.1,773,394,382,0,3
university,target_71_3421,distance,0.01,845,638,207,0,0
university,target_71_3421,distance,0.05,798,598,200,0,0
university,target_71_3421,distance,0.1,735,557,178,0,0
university,target_71_3421,aps_raw,0.01,845,638,207,0,0
university,target_71_3421,aps_raw,0.05,805,609,198,0,2
university,target_71_3421,aps_raw,0.1,755,574,186,0,5
university,target_71_3421,fixed_k,0.01,845,638,207,0,0
university,target_71_3421,fixed_k,0.05,814,614,202,0,2
university,target_71_3421,fixed_k,0.1,773,587,191,0,5
university,control_71_3421,distance,0.01,845,845,0,0,0
university,control_71_3421,distance,0.05,798,798,0,0,0
university,control_71_3421,distance,0.1,735,735,0,0,0
university,control_71_3421,aps_raw,0.01,845,845,0,0,0
university,control_71_3421,aps_raw,0.05,805,806,0,0,1
university,control_71_3421,aps_raw,0.1,755,758,0,0,3
university,control_71_3421,fixed_k,0.01,845,845,0,0,0
university,control_71_3421,fixed_k,0.05,814,815,0,0,1
university,control_71_3421,fixed_k,0.1,773,776,0,0,3
university,target_142_3421,distance,0.01,845,425,420,0,0
university,target_142_3421,distance,0.05,798,402,396,0,0
university,target_142_3421,distance,0.1,735,377,358,0,0
university,target_142_3421,aps_raw,0.01,845,425,420,0,0
university,target_142_3421,aps_raw,0.05,805,407,401,0,3
university,target_142_3421,aps_raw,0.1,755,381,380,0,6
university,target_142_3421,fixed_k,0.01,845,425,420,0,0
university,target_142_3421,fixed_k,0.05,814,412,405,0,3
university,target_142_3421,fixed_k,0.1,773,392,387,0,6
university,target_71_3422,distance,0.01,845,635,210,0,0
university,target_71_3422,distance,0.05,798,601,197,0,0
university,target_71_3422,distance,0.1,735,552,183,0,0
university,target_71_3422,aps_raw,0.01,845,635,210,0,0
university,target_71_3422,aps_raw,0.05,805,607,201,0,3
university,target_71_3422,aps_raw,0.1,755,571,189,0,5
university,target_71_3422,fixed_k,0.01,845,635,210,0,0
university,target_71_3422,fixed_k,0.05,814,614,201,0,1
university,target_71_3422,fixed_k,0.1,773,584,194,0,5
university,control_71_3422,distance,0.01,845,845,0,0,0
university,control_71_3422,distance,0.05,798,798,0,0,0
university,control_71_3422,distance,0.1,735,735,0,0,0
university,control_71_3422,aps_raw,0.01,845,845,0,0,0
university,control_71_3422,aps_raw,0.05,805,807,0,0,2
university,control_71_3422,aps_raw,0.1,755,761,0,0,6
university,control_71_3422,fixed_k,0.01,845,845,0,0,0
university,control_71_3422,fixed_k,0.05,814,816,0,0,2
university,control_71_3422,fixed_k,0.1,773,779,0,0,6
university,target_142_3422,distance,0.01,845,423,422,0,0
university,target_142_3422,distance,0.05,798,402,396,0,0
university,target_142_3422,distance,0.1,735,369,366,0,0
university,target_142_3422,aps_raw,0.01,845,423,422,0,0
university,target_142_3422,aps_raw,0.05,805,406,404,0,5
university,target_142_3422,aps_raw,0.1,755,385,377,0,7
university,target_142_3422,fixed_k,0.01,845,423,422,0,0
university,target_142_3422,fixed_k,0.05,814,413,407,0,6
university,target_142_3422,fixed_k,0.1,773,393,387,0,7
university,target_71_3423,distance,0.01,845,636,209,0,0
university,target_71_3423,distance,0.05,798,609,189,0,0
university,target_71_3423,distance,0.1,735,561,174,0,0
university,target_71_3423,aps_raw,0.01,845,636,209,0,0
university,target_71_3423,aps_raw,0.05,805,611,196,0,2
university,target_71_3423,aps_raw,0.1,755,584,180,0,9
university,target_71_3423,fixed_k,0.01,845,636,209,0,0
university,target_71_3423,fixed_k,0.05,814,618,196,0,0
university,target_71_3423,fixed_k,0.1,773,593,189,0,9
university,control_71_3423,distance,0.01,845,845,0,0,0
university,control_71_3423,distance,0.05,798,798,0,0,0
university,control_71_3423,distance,0.1,735,735,0,0,0
university,control_71_3423,aps_raw,0.01,845,845,0,0,0
university,control_71_3423,aps_raw,0.05,805,808,0,0,3
university,control_71_3423,aps_raw,0.1,755,762,0,0,7
university,control_71_3423,fixed_k,0.01,845,845,0,0,0
university,control_71_3423,fixed_k,0.05,814,817,0,0,3
university,control_71_3423,fixed_k,0.1,773,780,0,0,7
university,target_142_3423,distance,0.01,845,423,422,0,0
university,target_142_3423,distance,0.05,798,403,395,0,0
university,target_142_3423,distance,0.1,735,371,364,0,0
university,target_142_3423,aps_raw,0.01,845,423,422,0,0
university,target_142_3423,aps_raw,0.05,805,412,399,0,6
university,target_142_3423,aps_raw,0.1,755,394,372,0,11
university,target_142_3423,fixed_k,0.01,845,423,422,0,0
university,target_142_3423,fixed_k,0.05,814,416,402,0,4
university,target_142_3423,fixed_k,0.1,773,399,385,0,11
university,target_71_3424,distance,0.01,845,632,213,0,0
university,target_71_3424,distance,0.05,798,593,205,0,0
university,target_71_3424,distance,0.1,735,543,192,0,0
university,target_71_3424,aps_raw,0.01,845,632,213,0,0
university,target_71_3424,aps_raw,0.05,805,607,203,0,5
university,target_71_3424,aps_raw,0.1,755,573,190,0,8
university,target_71_3424,fixed_k,0.01,845,632,213,0,0
university,target_71_3424,fixed_k,0.05,814,611,207,0,4
university,target_71_3424,fixed_k,0.1,773,588,193,0,8
university,control_71_3424,distance,0.01,845,845,0,0,0
university,control_71_3424,distance,0.05,798,798,0,0,0
university,control_71_3424,distance,0.1,735,735,0,0,0
university,control_71_3424,aps_raw,0.01,845,845,0,0,0
university,control_71_3424,aps_raw,0.05,805,809,0,0,4
university,control_71_3424,aps_raw,0.1,755,764,0,0,9
university,control_71_3424,fixed_k,0.01,845,845,0,0,0
university,control_71_3424,fixed_k,0.05,814,818,0,0,4
university,control_71_3424,fixed_k,0.1,773,782,0,0,9
university,target_142_3424,distance,0.01,845,419,426,0,0
university,target_142_3424,distance,0.05,798,389,409,0,0
university,target_142_3424,distance,0.1,735,353,382,0,0
university,target_142_3424,aps_raw,0.01,845,419,426,0,0
university,target_142_3424,aps_raw,0.05,805,407,407,0,9
university,target_142_3424,aps_raw,0.1,755,384,381,0,10
university,target_142_3424,fixed_k,0.01,845,419,426,0,0
university,target_142_3424,fixed_k,0.05,814,407,411,0,4
university,target_142_3424,fixed_k,0.1,773,395,389,0,11
university,target_71_3425,distance,0.01,845,632,213,0,0
university,target_71_3425,distance,0.05,798,598,200,0,0
university,target_71_3425,distance,0.1,735,554,181,0,0
university,target_71_3425,aps_raw,0.01,845,632,213,0,0
university,target_71_3425,aps_raw,0.05,805,610,204,0,9
university,target_71_3425,aps_raw,0.1,755,570,193,0,8
university,target_71_3425,fixed_k,0.01,845,632,213,0,0
university,target_71_3425,fixed_k,0.05,814,614,205,0,5
university,target_71_3425,fixed_k,0.1,773,584,197,0,8
university,control_71_3425,distance,0.01,845,845,0,0,0
university,control_71_3425,distance,0.05,798,798,0,0,0
university,control_71_3425,distance,0.1,735,735,0,0,0
university,control_71_3425,aps_raw,0.01,845,845,0,0,0
university,control_71_3425,aps_raw,0.05,805,808,0,0,3
university,control_71_3425,aps_raw,0.1,755,764,0,0,9
university,control_71_3425,fixed_k,0.01,845,845,0,0,0
university,control_71_3425,fixed_k,0.05,814,817,0,0,3
university,control_71_3425,fixed_k,0.1,773,782,0,0,9
university,target_142_3425,distance,0.01,845,426,419,0,0
university,target_142_3425,distance,0.05,798,402,396,0,0
university,target_142_3425,distance,0.1,735,371,364,0,0
university,target_142_3425,aps_raw,0.01,845,426,419,0,0
university,target_142_3425,aps_raw,0.05,805,415,403,0,13
university,target_142_3425,aps_raw,0.1,755,388,383,0,16
university,target_142_3425,fixed_k,0.01,845,426,419,0,0
university,target_142_3425,fixed_k,0.05,814,415,404,0,5
university,target_142_3425,fixed_k,0.1,773,398,392,0,17
university,target_71_3426,distance,0.01,845,632,213,0,0
university,target_71_3426,distance,0.05,798,599,199,0,0
university,target_71_3426,distance,0.1,735,558,177,0,0
university,target_71_3426,aps_raw,0.01,845,632,213,0,0
university,target_71_3426,aps_raw,0.05,805,609,199,0,3
university,target_71_3426,aps_raw,0.1,755,585,179,0,9
university,target_71_3426,fixed_k,0.01,845,632,213,0,0
university,target_71_3426,fixed_k,0.05,814,613,203,0,2
university,target_71_3426,fixed_k,0.1,773,596,186,0,9
university,control_71_3426,distance,0.01,845,845,0,0,0
university,control_71_3426,distance,0.05,798,798,0,0,0
university,control_71_3426,distance,0.1,735,735,0,0,0
university,control_71_3426,aps_raw,0.01,845,845,0,0,0
university,control_71_3426,aps_raw,0.05,805,806,0,0,1
university,control_71_3426,aps_raw,0.1,755,758,0,0,3
university,control_71_3426,fixed_k,0.01,845,845,0,0,0
university,control_71_3426,fixed_k,0.05,814,815,0,0,1
university,control_71_3426,fixed_k,0.1,773,776,0,0,3
university,target_142_3426,distance,0.01,845,423,422,0,0
university,target_142_3426,distance,0.05,798,403,395,0,0
university,target_142_3426,distance,0.1,735,374,361,0,0
university,target_142_3426,aps_raw,0.01,845,424,422,0,1
university,target_142_3426,aps_raw,0.05,805,410,399,0,4
university,target_142_3426,aps_raw,0.1,755,391,371,0,7
university,target_142_3426,fixed_k,0.01,845,423,422,0,0
university,target_142_3426,fixed_k,0.05,814,414,404,0,4
university,target_142_3426,fixed_k,0.1,773,400,380,0,7
sues,full,distance,0.01,1427,1427,0,0,0
sues,full,distance,0.05,1395,1395,0,0,0
sues,full,distance,0.1,1344,1344,0,0,0
sues,full,aps_raw,0.01,1404,1404,0,0,0
sues,full,aps_raw,0.05,1349,1349,0,0,0
sues,full,aps_raw,0.1,1305,1305,0,0,0
sues,full,fixed_k,0.01,1403,1403,0,0,0
sues,full,fixed_k,0.05,1359,1359,0,0,0
sues,full,fixed_k,0.1,1326,1326,0,0,0
sues,target_25_290928,distance,0.01,1427,1067,360,0,0
sues,target_25_290928,distance,0.05,1395,1037,358,0,0
sues,target_25_290928,distance,0.1,1344,990,354,0,0
sues,target_25_290928,aps_raw,0.01,1404,1049,358,0,3
sues,target_25_290928,aps_raw,0.05,1349,1008,348,0,7
sues,target_25_290928,aps_raw,0.1,1305,977,341,0,13
sues,target_25_290928,fixed_k,0.01,1403,1048,358,0,3
sues,target_25_290928,fixed_k,0.05,1359,1015,351,0,7
sues,target_25_290928,fixed_k,0.1,1326,989,345,0,8
sues,target_50_290928,distance,0.01,1427,707,720,0,0
sues,target_50_290928,distance,0.05,1395,690,705,0,0
sues,target_50_290928,distance,0.1,1344,666,678,0,0
sues,target_50_290928,aps_raw,0.01,1404,701,706,0,3
sues,target_50_290928,aps_raw,0.05,1349,682,676,0,9
sues,target_50_290928,aps_raw,0.1,1305,664,655,0,14
sues,target_50_290928,fixed_k,0.01,1403,701,705,0,3
sues,target_50_290928,fixed_k,0.05,1359,684,682,0,7
sues,target_50_290928,fixed_k,0.1,1326,675,664,0,13
sues,control_25_290928,distance,0.01,1427,1427,0,0,0
sues,control_25_290928,distance,0.05,1395,1395,0,0,0
sues,control_25_290928,distance,0.1,1344,1344,0,0,0
sues,control_25_290928,aps_raw,0.01,1404,1410,0,0,6
sues,control_25_290928,aps_raw,0.05,1349,1360,0,0,11
sues,control_25_290928,aps_raw,0.1,1305,1320,0,0,15
sues,control_25_290928,fixed_k,0.01,1403,1408,0,0,5
sues,control_25_290928,fixed_k,0.05,1359,1369,0,0,10
sues,control_25_290928,fixed_k,0.1,1326,1342,0,0,16
sues,target_25_290929,distance,0.01,1427,1068,359,0,0
sues,target_25_290929,distance,0.05,1395,1046,349,0,0
sues,target_25_290929,distance,0.1,1344,1011,333,0,0
sues,target_25_290929,aps_raw,0.01,1404,1051,356,0,3
sues,target_25_290929,aps_raw,0.05,1349,1017,346,0,14
sues,target_25_290929,aps_raw,0.1,1305,982,329,0,6
sues,target_25_290929,fixed_k,0.01,1403,1050,356,0,3
sues,target_25_290929,fixed_k,0.05,1359,1023,347,0,11
sues,target_25_290929,fixed_k,0.1,1326,997,339,0,10
sues,target_50_290929,distance,0.01,1427,708,719,0,0
sues,target_50_290929,distance,0.05,1395,692,703,0,0
sues,target_50_290929,distance,0.1,1344,677,667,0,0
sues,target_50_290929,aps_raw,0.01,1404,704,704,0,4
sues,target_50_290929,aps_raw,0.05,1349,688,676,0,15
sues,target_50_290929,aps_raw,0.1,1305,667,655,0,17
sues,target_50_290929,fixed_k,0.01,1403,704,704,0,5
sues,target_50_290929,fixed_k,0.05,1359,688,682,0,11
sues,target_50_290929,fixed_k,0.1,1326,674,668,0,16
sues,control_25_290929,distance,0.01,1427,1427,0,0,0
sues,control_25_290929,distance,0.05,1395,1395,0,0,0
sues,control_25_290929,distance,0.1,1344,1344,0,0,0
sues,control_25_290929,aps_raw,0.01,1404,1409,0,0,5
sues,control_25_290929,aps_raw,0.05,1349,1364,0,0,15
sues,control_25_290929,aps_raw,0.1,1305,1318,0,0,13
sues,control_25_290929,fixed_k,0.01,1403,1407,0,0,4
sues,control_25_290929,fixed_k,0.05,1359,1372,0,0,13
sues,control_25_290929,fixed_k,0.1,1326,1340,0,0,14
sues,target_25_290930,distance,0.01,1427,1067,360,0,0
sues,target_25_290930,distance,0.05,1395,1040,355,0,0
sues,target_25_290930,distance,0.1,1344,997,347,0,0
sues,target_25_290930,aps_raw,0.01,1404,1049,357,0,2
sues,target_25_290930,aps_raw,0.05,1349,1009,349,0,9
sues,target_25_290930,aps_raw,0.1,1305,966,348,0,9
sues,target_25_290930,fixed_k,0.01,1403,1048,356,0,1
sues,target_25_290930,fixed_k,0.05,1359,1015,349,0,5
sues,target_25_290930,fixed_k,0.1,1326,986,348,0,8
sues,target_50_290930,distance,0.01,1427,707,720,0,0
sues,target_50_290930,distance,0.05,1395,688,707,0,0
sues,target_50_290930,distance,0.1,1344,655,689,0,0
sues,target_50_290930,aps_raw,0.01,1404,692,717,0,5
sues,target_50_290930,aps_raw,0.05,1349,664,692,0,7
sues,target_50_290930,aps_raw,0.1,1305,648,671,0,14
sues,target_50_290930,fixed_k,0.01,1403,691,716,0,4
sues,target_50_290930,fixed_k,0.05,1359,670,697,0,8
sues,target_50_290930,fixed_k,0.1,1326,656,680,0,10
sues,control_25_290930,distance,0.01,1427,1427,0,0,0
sues,control_25_290930,distance,0.05,1395,1395,0,0,0
sues,control_25_290930,distance,0.1,1344,1344,0,0,0
sues,control_25_290930,aps_raw,0.01,1404,1409,0,0,5
sues,control_25_290930,aps_raw,0.05,1349,1358,0,0,9
sues,control_25_290930,aps_raw,0.1,1305,1316,0,0,11
sues,control_25_290930,fixed_k,0.01,1403,1407,0,0,4
sues,control_25_290930,fixed_k,0.05,1359,1367,0,0,8
sues,control_25_290930,fixed_k,0.1,1326,1337,0,0,11
sues,target_25_290931,distance,0.01,1427,1068,359,0,0
sues,target_25_290931,distance,0.05,1395,1045,350,0,0
sues,target_25_290931,distance,0.1,1344,1004,340,0,0
sues,target_25_290931,aps_raw,0.01,1404,1055,352,0,3
sues,target_25_290931,aps_raw,0.05,1349,1019,340,0,10
sues,target_25_290931,aps_raw,0.1,1305,984,330,0,9
sues,target_25_290931,fixed_k,0.01,1403,1053,352,0,2
sues,target_25_290931,fixed_k,0.05,1359,1024,342,0,7
sues,target_25_290931,fixed_k,0.1,1326,1004,333,0,11
sues,target_50_290931,distance,0.01,1427,708,719,0,0
sues,target_50_290931,distance,0.05,1395,685,710,0,0
sues,target_50_290931,distance,0.1,1344,646,698,0,0
sues,target_50_290931,aps_raw,0.01,1404,700,712,0,8
sues,target_50_290931,aps_raw,0.05,1349,667,696,0,14
sues,target_50_290931,aps_raw,0.1,1305,647,680,0,22
sues,target_50_290931,fixed_k,0.01,1403,698,712,0,7
sues,target_50_290931,fixed_k,0.05,1359,670,699,0,10
sues,target_50_290931,fixed_k,0.1,1326,658,685,0,17
sues,control_25_290931,distance,0.01,1427,1427,0,0,0
sues,control_25_290931,distance,0.05,1395,1395,0,0,0
sues,control_25_290931,distance,0.1,1344,1344,0,0,0
sues,control_25_290931,aps_raw,0.01,1404,1408,0,0,4
sues,control_25_290931,aps_raw,0.05,1349,1364,0,0,15
sues,control_25_290931,aps_raw,0.1,1305,1321,0,0,16
sues,control_25_290931,fixed_k,0.01,1403,1407,0,0,4
sues,control_25_290931,fixed_k,0.05,1359,1370,0,0,11
sues,control_25_290931,fixed_k,0.1,1326,1342,0,0,16
sues,target_25_290932,distance,0.01,1427,1067,360,0,0
sues,target_25_290932,distance,0.05,1395,1047,348,0,0
sues,target_25_290932,distance,0.1,1344,1011,333,0,0
sues,target_25_290932,aps_raw,0.01,1404,1050,355,0,1
sues,target_25_290932,aps_raw,0.05,1349,1009,348,0,8
sues,target_25_290932,aps_raw,0.1,1305,966,342,0,3
sues,target_25_290932,fixed_k,0.01,1403,1050,355,0,2
sues,target_25_290932,fixed_k,0.05,1359,1017,348,0,6
sues,target_25_290932,fixed_k,0.1,1326,994,345,0,13
sues,target_50_290932,distance,0.01,1427,707,720,0,0
sues,target_50_290932,distance,0.05,1395,687,708,0,0
sues,target_50_290932,distance,0.1,1344,653,691,0,0
sues,target_50_290932,aps_raw,0.01,1404,696,715,0,7
sues,target_50_290932,aps_raw,0.05,1349,663,700,0,14
sues,target_50_290932,aps_raw,0.1,1305,634,684,0,13
sues,target_50_290932,fixed_k,0.01,1403,692,715,0,4
sues,target_50_290932,fixed_k,0.05,1359,666,703,0,10
sues,target_50_290932,fixed_k,0.1,1326,645,695,0,14
sues,control_25_290932,distance,0.01,1427,1427,0,0,0
sues,control_25_290932,distance,0.05,1395,1395,0,0,0
sues,control_25_290932,distance,0.1,1344,1344,0,0,0
sues,control_25_290932,aps_raw,0.01,1404,1409,0,0,5
sues,control_25_290932,aps_raw,0.05,1349,1364,0,0,15
sues,control_25_290932,aps_raw,0.1,1305,1322,0,0,17
sues,control_25_290932,fixed_k,0.01,1403,1408,0,0,5
sues,control_25_290932,fixed_k,0.05,1359,1372,0,0,13
sues,control_25_290932,fixed_k,0.1,1326,1344,0,0,18
sues,target_25_290933,distance,0.01,1427,1068,359,0,0
sues,target_25_290933,distance,0.05,1395,1048,347,0,0
sues,target_25_290933,distance,0.1,1344,1013,331,0,0
sues,target_25_290933,aps_raw,0.01,1404,1056,351,0,3
sues,target_25_290933,aps_raw,0.05,1349,1020,339,0,10
sues,target_25_290933,aps_raw,0.1,1305,987,323,0,5
sues,target_25_290933,fixed_k,0.01,1403,1054,351,0,2
sues,target_25_290933,fixed_k,0.05,1359,1028,341,0,10
sues,target_25_290933,fixed_k,0.1,1326,1001,329,0,4
sues,target_50_290933,distance,0.01,1427,708,719,0,0
sues,target_50_290933,distance,0.05,1395,692,703,0,0
sues,target_50_290933,distance,0.1,1344,669,675,0,0
sues,target_50_290933,aps_raw,0.01,1404,699,710,0,5
sues,target_50_290933,aps_raw,0.05,1349,676,690,0,17
sues,target_50_290933,aps_raw,0.1,1305,646,667,0,8
sues,target_50_290933,fixed_k,0.01,1403,698,710,0,5
sues,target_50_290933,fixed_k,0.05,1359,678,694,0,13
sues,target_50_290933,fixed_k,0.1,1326,656,679,0,9
sues,control_25_290933,distance,0.01,1427,1427,0,0,0
sues,control_25_290933,distance,0.05,1395,1395,0,0,0
sues,control_25_290933,distance,0.1,1344,1344,0,0,0
sues,control_25_290933,aps_raw,0.01,1404,1410,0,0,6
sues,control_25_290933,aps_raw,0.05,1349,1362,0,0,13
sues,control_25_290933,aps_raw,0.1,1305,1320,0,0,15
sues,control_25_290933,fixed_k,0.01,1403,1407,0,0,4
sues,control_25_290933,fixed_k,0.05,1359,1369,0,0,10
sues,control_25_290933,fixed_k,0.1,1326,1343,0,0,17
sues,target_25_290934,distance,0.01,1427,1068,359,0,0
sues,target_25_290934,distance,0.05,1395,1055,340,0,0
sues,target_25_290934,distance,0.1,1344,1027,317,0,0
sues,target_25_290934,aps_raw,0.01,1404,1059,349,0,4
sues,target_25_290934,aps_raw,0.05,1349,1034,330,0,15
sues,target_25_290934,aps_raw,0.1,1305,1011,311,0,17
sues,target_25_290934,fixed_k,0.01,1403,1059,349,0,5
sues,target_25_290934,fixed_k,0.05,1359,1037,332,0,10
sues,target_25_290934,fixed_k,0.1,1326,1019,314,0,7
sues,target_50_290934,distance,0.01,1427,708,719,0,0
sues,target_50_290934,distance,0.05,1395,698,697,0,0
sues,target_50_290934,distance,0.1,1344,681,663,0,0
sues,target_50_290934,aps_raw,0.01,1404,708,698,0,2
sues,target_50_290934,aps_raw,0.05,1349,692,671,0,14
sues,target_50_290934,aps_raw,0.1,1305,681,649,0,25
sues,target_50_290934,fixed_k,0.01,1403,706,698,0,1
sues,target_50_290934,fixed_k,0.05,1359,694,674,0,9
sues,target_50_290934,fixed_k,0.1,1326,687,653,0,14
sues,control_25_290934,distance,0.01,1427,1427,0,0,0
sues,control_25_290934,distance,0.05,1395,1395,0,0,0
sues,control_25_290934,distance,0.1,1344,1344,0,0,0
sues,control_25_290934,aps_raw,0.01,1404,1409,0,0,5
sues,control_25_290934,aps_raw,0.05,1349,1366,0,0,17
sues,control_25_290934,aps_raw,0.1,1305,1321,0,0,16
sues,control_25_290934,fixed_k,0.01,1403,1407,0,0,4
sues,control_25_290934,fixed_k,0.05,1359,1373,0,0,14
sues,control_25_290934,fixed_k,0.1,1326,1343,0,0,17
sues,target_25_290935,distance,0.01,1427,1067,360,0,0
sues,target_25_290935,distance,0.05,1395,1040,355,0,0
sues,target_25_290935,distance,0.1,1344,999,345,0,0
sues,target_25_290935,aps_raw,0.01,1404,1055,350,0,1
sues,target_25_290935,aps_raw,0.05,1349,1016,344,0,11
sues,target_25_290935,aps_raw,0.1,1305,986,331,0,12
sues,target_25_290935,fixed_k,0.01,1403,1055,350,0,2
sues,target_25_290935,fixed_k,0.05,1359,1019,345,0,5
sues,target_25_290935,fixed_k,0.1,1326,997,340,0,11
sues,target_50_290935,distance,0.01,1427,707,720,0,0
sues,target_50_290935,distance,0.05,1395,688,707,0,0
sues,target_50_290935,distance,0.1,1344,656,688,0,0
sues,target_50_290935,aps_raw,0.01,1404,700,708,0,4
sues,target_50_290935,aps_raw,0.05,1349,678,683,0,12
sues,target_50_290935,aps_raw,0.1,1305,656,656,0,7
sues,target_50_290935,fixed_k,0.01,1403,699,707,0,3
sues,target_50_290935,fixed_k,0.05,1359,682,688,0,11
sues,target_50_290935,fixed_k,0.1,1326,662,674,0,10
sues,control_25_290935,distance,0.01,1427,1427,0,0,0
sues,control_25_290935,distance,0.05,1395,1395,0,0,0
sues,control_25_290935,distance,0.1,1344,1344,0,0,0
sues,control_25_290935,aps_raw,0.01,1404,1408,0,0,4
sues,control_25_290935,aps_raw,0.05,1349,1363,0,0,14
sues,control_25_290935,aps_raw,0.1,1305,1321,0,0,16
sues,control_25_290935,fixed_k,0.01,1403,1407,0,0,4
sues,control_25_290935,fixed_k,0.05,1359,1370,0,0,11
sues,control_25_290935,fixed_k,0.1,1326,1343,0,0,17
sues,target_25_290936,distance,0.01,1427,1068,359,0,0
sues,target_25_290936,distance,0.05,1395,1049,346,0,0
sues,target_25_290936,distance,0.1,1344,1020,324,0,0
sues,target_25_290936,aps_raw,0.01,1404,1060,345,0,1
sues,target_25_290936,aps_raw,0.05,1349,1032,328,0,11
sues,target_25_290936,aps_raw,0.1,1305,991,321,0,7
sues,target_25_290936,fixed_k,0.01,1403,1060,344,0,1
sues,target_25_290936,fixed_k,0.05,1359,1035,331,0,7
sues,target_25_290936,fixed_k,0.1,1326,1012,325,0,11
sues,target_50_290936,distance,0.01,1427,708,719,0,0
sues,target_50_290936,distance,0.05,1395,694,701,0,0
sues,target_50_290936,distance,0.1,1344,675,669,0,0
sues,target_50_290936,aps_raw,0.01,1404,704,704,0,4
sues,target_50_290936,aps_raw,0.05,1349,688,675,0,14
sues,target_50_290936,aps_raw,0.1,1305,661,655,0,11
sues,target_50_290936,fixed_k,0.01,1403,704,703,0,4
sues,target_50_290936,fixed_k,0.05,1359,690,679,0,10
sues,target_50_290936,fixed_k,0.1,1326,673,663,0,10
sues,control_25_290936,distance,0.01,1427,1427,0,0,0
sues,control_25_290936,distance,0.05,1395,1395,0,0,0
sues,control_25_290936,distance,0.1,1344,1344,0,0,0
sues,control_25_290936,aps_raw,0.01,1404,1407,0,0,3
sues,control_25_290936,aps_raw,0.05,1349,1356,0,0,7
sues,control_25_290936,aps_raw,0.1,1305,1315,0,0,10
sues,control_25_290936,fixed_k,0.01,1403,1407,0,0,4
sues,control_25_290936,fixed_k,0.05,1359,1365,0,0,6
sues,control_25_290936,fixed_k,0.1,1326,1338,0,0,12
sues,target_25_290937,distance,0.01,1427,1068,359,0,0
sues,target_25_290937,distance,0.05,1395,1045,350,0,0
sues,target_25_290937,distance,0.1,1344,1016,328,0,0
sues,target_25_290937,aps_raw,0.01,1404,1058,347,0,1
sues,target_25_290937,aps_raw,0.05,1349,1019,337,0,7
sues,target_25_290937,aps_raw,0.1,1305,979,329,0,3
sues,target_25_290937,fixed_k,0.01,1403,1057,347,0,1
sues,target_25_290937,fixed_k,0.05,1359,1025,339,0,5
sues,target_25_290937,fixed_k,0.1,1326,993,335,0,2
sues,target_50_290937,distance,0.01,1427,708,719,0,0
sues,target_50_290937,distance,0.05,1395,694,701,0,0
sues,target_50_290937,distance,0.1,1344,674,670,0,0
sues,target_50_290937,aps_raw,0.01,1404,703,702,0,1
sues,target_50_290937,aps_raw,0.05,1349,677,688,0,16
sues,target_50_290937,aps_raw,0.1,1305,649,668,0,12
sues,target_50_290937,fixed_k,0.01,1403,702,702,0,1
sues,target_50_290937,fixed_k,0.05,1359,682,690,0,13
sues,target_50_290937,fixed_k,0.1,1326,662,681,0,17
sues,control_25_290937,distance,0.01,1427,1427,0,0,0
sues,control_25_290937,distance,0.05,1395,1395,0,0,0
sues,control_25_290937,distance,0.1,1344,1344,0,0,0
sues,control_25_290937,aps_raw,0.01,1404,1409,0,0,5
sues,control_25_290937,aps_raw,0.05,1349,1362,0,0,13
sues,control_25_290937,aps_raw,0.1,1305,1320,0,0,15
sues,control_25_290937,fixed_k,0.01,1403,1407,0,0,4
sues,control_25_290937,fixed_k,0.05,1359,1369,0,0,10
sues,control_25_290937,fixed_k,0.1,1326,1341,0,0,15
sues,target_25_290938,distance,0.01,1427,1067,360,0,0
sues,target_25_290938,distance,0.05,1395,1056,339,0,0
sues,target_25_290938,distance,0.1,1344,1027,317,0,0
sues,target_25_290938,aps_raw,0.01,1404,1055,351,0,2
sues,target_25_290938,aps_raw,0.05,1349,1020,334,0,5
sues,target_25_290938,aps_raw,0.1,1305,995,313,0,3
sues,target_25_290938,fixed_k,0.01,1403,1055,350,0,2
sues,target_25_290938,fixed_k,0.05,1359,1030,334,0,5
sues,target_25_290938,fixed_k,0.1,1326,1005,327,0,6
sues,target_50_290938,distance,0.01,1427,707,720,0,0
sues,target_50_290938,distance,0.05,1395,696,699,0,0
sues,target_50_290938,distance,0.1,1344,672,672,0,0
sues,target_50_290938,aps_raw,0.01,1404,698,711,0,5
sues,target_50_290938,aps_raw,0.05,1349,675,682,0,8
sues,target_50_290938,aps_raw,0.1,1305,654,660,0,9
sues,target_50_290938,fixed_k,0.01,1403,696,710,0,3
sues,target_50_290938,fixed_k,0.05,1359,680,687,0,8
sues,target_50_290938,fixed_k,0.1,1326,665,674,0,13
sues,control_25_290938,distance,0.01,1427,1427,0,0,0
sues,control_25_290938,distance,0.05,1395,1395,0,0,0
sues,control_25_290938,distance,0.1,1344,1344,0,0,0
sues,control_25_290938,aps_raw,0.01,1404,1408,0,0,4
sues,control_25_290938,aps_raw,0.05,1349,1366,0,0,17
sues,control_25_290938,aps_raw,0.1,1305,1322,0,0,17
sues,control_25_290938,fixed_k,0.01,1403,1407,0,0,4
sues,control_25_290938,fixed_k,0.05,1359,1372,0,0,13
sues,control_25_290938,fixed_k,0.1,1326,1344,0,0,18
sues,target_25_290939,distance,0.01,1427,1068,359,0,0
sues,target_25_290939,distance,0.05,1395,1048,347,0,0
sues,target_25_290939,distance,0.1,1344,1018,326,0,0
sues,target_25_290939,aps_raw,0.01,1404,1054,354,0,4
sues,target_25_290939,aps_raw,0.05,1349,1022,341,0,14
sues,target_25_290939,aps_raw,0.1,1305,997,327,0,19
sues,target_25_290939,fixed_k,0.01,1403,1054,354,0,5
sues,target_25_290939,fixed_k,0.05,1359,1026,343,0,10
sues,target_25_290939,fixed_k,0.1,1326,1007,329,0,10
sues,target_50_290939,distance,0.01,1427,708,719,0,0
sues,target_50_290939,distance,0.05,1395,688,707,0,0
sues,target_50_290939,distance,0.1,1344,664,680,0,0
sues,target_50_290939,aps_raw,0.01,1404,700,714,0,10
sues,target_50_290939,aps_raw,0.05,1349,681,678,0,10
sues,target_50_290939,aps_raw,0.1,1305,662,651,0,8
sues,target_50_290939,fixed_k,0.01,1403,697,714,0,8
sues,target_50_290939,fixed_k,0.05,1359,681,687,0,9
sues,target_50_290939,fixed_k,0.1,1326,671,664,0,9
sues,control_25_290939,distance,0.01,1427,1427,0,0,0
sues,control_25_290939,distance,0.05,1395,1395,0,0,0
sues,control_25_290939,distance,0.1,1344,1344,0,0,0
sues,control_25_290939,aps_raw,0.01,1404,1409,0,0,5
sues,control_25_290939,aps_raw,0.05,1349,1364,0,0,15
sues,control_25_290939,aps_raw,0.1,1305,1322,0,0,17
sues,control_25_290939,fixed_k,0.01,1403,1408,0,0,5
sues,control_25_290939,fixed_k,0.05,1359,1372,0,0,13
sues,control_25_290939,fixed_k,0.1,1326,1343,0,0,17
sues,target_25_290940,distance,0.01,1427,1067,360,0,0
sues,target_25_290940,distance,0.05,1395,1048,347,0,0
sues,target_25_290940,distance,0.1,1344,1014,330,0,0
sues,target_25_290940,aps_raw,0.01,1404,1053,354,0,3
sues,target_25_290940,aps_raw,0.05,1349,1025,328,0,4
sues,target_25_290940,aps_raw,0.1,1305,1005,317,0,17
sues,target_25_290940,fixed_k,0.01,1403,1052,353,0,2
sues,target_25_290940,fixed_k,0.05,1359,1031,332,0,4
sues,target_25_290940,fixed_k,0.1,1326,1012,320,0,6
sues,target_50_290940,distance,0.01,1427,708,719,0,0
sues,target_50_290940,distance,0.05,1395,696,699,0,0
sues,target_50_290940,distance,0.1,1344,678,666,0,0
sues,target_50_290940,aps_raw,0.01,1404,702,711,0,9
sues,target_50_290940,aps_raw,0.05,1349,682,677,0,10
sues,target_50_290940,aps_raw,0.1,1305,671,652,0,18
sues,target_50_290940,fixed_k,0.01,1403,701,710,0,8
sues,target_50_290940,fixed_k,0.05,1359,687,683,0,11
sues,target_50_290940,fixed_k,0.1,1326,673,663,0,10
sues,control_25_290940,distance,0.01,1427,1427,0,0,0
sues,control_25_290940,distance,0.05,1395,1395,0,0,0
sues,control_25_290940,distance,0.1,1344,1344,0,0,0
sues,control_25_290940,aps_raw,0.01,1404,1407,0,0,3
sues,control_25_290940,aps_raw,0.05,1349,1362,0,0,13
sues,control_25_290940,aps_raw,0.1,1305,1313,0,0,8
sues,control_25_290940,fixed_k,0.01,1403,1406,0,0,3
sues,control_25_290940,fixed_k,0.05,1359,1366,0,0,7
sues,control_25_290940,fixed_k,0.1,1326,1337,0,0,11
sues,target_25_290941,distance,0.01,1427,1067,360,0,0
sues,target_25_290941,distance,0.05,1395,1042,353,0,0
sues,target_25_290941,distance,0.1,1344,1002,342,0,0
sues,target_25_290941,aps_raw,0.01,1404,1051,357,0,4
sues,target_25_290941,aps_raw,0.05,1349,1007,349,0,7
sues,target_25_290941,aps_raw,0.1,1305,978,336,0,9
sues,target_25_290941,fixed_k,0.01,1403,1051,357,0,5
sues,target_25_290941,fixed_k,0.05,1359,1015,349,0,5
sues,target_25_290941,fixed_k,0.1,1326,994,344,0,12
sues,target_50_290941,distance,0.01,1427,707,720,0,0
sues,target_50_290941,distance,0.05,1395,689,706,0,0
sues,target_50_290941,distance,0.1,1344,663,681,0,0
sues,target_50_290941,aps_raw,0.01,1404,700,707,0,3
sues,target_50_290941,aps_raw,0.05,1349,681,676,0,8
sues,target_50_290941,aps_raw,0.1,1305,661,652,0,8
sues,target_50_290941,fixed_k,0.01,1403,698,707,0,2
sues,target_50_290941,fixed_k,0.05,1359,685,682,0,8
sues,target_50_290941,fixed_k,0.1,1326,670,669,0,13
sues,control_25_290941,distance,0.01,1427,1427,0,0,0
sues,control_25_290941,distance,0.05,1395,1395,0,0,0
sues,control_25_290941,distance,0.1,1344,1344,0,0,0
sues,control_25_290941,aps_raw,0.01,1404,1406,0,0,2
sues,control_25_290941,aps_raw,0.05,1349,1365,0,0,16
sues,control_25_290941,aps_raw,0.1,1305,1312,0,0,7
sues,control_25_290941,fixed_k,0.01,1403,1406,0,0,3
sues,control_25_290941,fixed_k,0.05,1359,1371,0,0,12
sues,control_25_290941,fixed_k,0.1,1326,1336,0,0,10
sues,target_25_290942,distance,0.01,1427,1067,360,0,0
sues,target_25_290942,distance,0.05,1395,1042,353,0,0
sues,target_25_290942,distance,0.1,1344,1001,343,0,0
sues,target_25_290942,aps_raw,0.01,1404,1048,358,0,2
sues,target_25_290942,aps_raw,0.05,1349,1007,343,0,1
sues,target_25_290942,aps_raw,0.1,1305,979,337,0,11
sues,target_25_290942,fixed_k,0.01,1403,1047,357,0,1
sues,target_25_290942,fixed_k,0.05,1359,1015,346,0,2
sues,target_25_290942,fixed_k,0.1,1326,993,339,0,6
sues,target_50_290942,distance,0.01,1427,707,720,0,0
sues,target_50_290942,distance,0.05,1395,693,702,0,0
sues,target_50_290942,distance,0.1,1344,665,679,0,0
sues,target_50_290942,aps_raw,0.01,1404,705,702,0,3
sues,target_50_290942,aps_raw,0.05,1349,684,674,0,9
sues,target_50_290942,aps_raw,0.1,1305,666,649,0,10
sues,target_50_290942,fixed_k,0.01,1403,703,701,0,1
sues,target_50_290942,fixed_k,0.05,1359,687,679,0,7
sues,target_50_290942,fixed_k,0.1,1326,672,660,0,6
sues,control_25_290942,distance,0.01,1427,1427,0,0,0
sues,control_25_290942,distance,0.05,1395,1395,0,0,0
sues,control_25_290942,distance,0.1,1344,1344,0,0,0
sues,control_25_290942,aps_raw,0.01,1404,1408,0,0,4
sues,control_25_290942,aps_raw,0.05,1349,1366,0,0,17
sues,control_25_290942,aps_raw,0.1,1305,1312,0,0,7
sues,control_25_290942,fixed_k,0.01,1403,1406,0,0,3
sues,control_25_290942,fixed_k,0.05,1359,1371,0,0,12
sues,control_25_290942,fixed_k,0.1,1326,1336,0,0,10
sues,target_25_290943,distance,0.01,1427,1067,360,0,0
sues,target_25_290943,distance,0.05,1395,1035,360,0,0
sues,target_25_290943,distance,0.1,1344,992,352,0,0
sues,target_25_290943,aps_raw,0.01,1404,1046,360,0,2
sues,target_25_290943,aps_raw,0.05,1349,1009,346,0,6
sues,target_25_290943,aps_raw,0.1,1305,980,327,0,2
sues,target_25_290943,fixed_k,0.01,1403,1046,360,0,3
sues,target_25_290943,fixed_k,0.05,1359,1015,351,0,7
sues,target_25_290943,fixed_k,0.1,1326,989,342,0,5
sues,target_50_290943,distance,0.01,1427,708,719,0,0
sues,target_50_290943,distance,0.05,1395,687,708,0,0
sues,target_50_290943,distance,0.1,1344,664,680,0,0
sues,target_50_290943,aps_raw,0.01,1404,703,707,0,6
sues,target_50_290943,aps_raw,0.05,1349,681,678,0,10
sues,target_50_290943,aps_raw,0.1,1305,663,650,0,8
sues,target_50_290943,fixed_k,0.01,1403,700,707,0,4
sues,target_50_290943,fixed_k,0.05,1359,683,687,0,11
sues,target_50_290943,fixed_k,0.1,1326,670,667,0,11
sues,control_25_290943,distance,0.01,1427,1427,0,0,0
sues,control_25_290943,distance,0.05,1395,1395,0,0,0
sues,control_25_290943,distance,0.1,1344,1344,0,0,0
sues,control_25_290943,aps_raw,0.01,1404,1408,0,0,4
sues,control_25_290943,aps_raw,0.05,1349,1364,0,0,15
sues,control_25_290943,aps_raw,0.1,1305,1318,0,0,13
sues,control_25_290943,fixed_k,0.01,1403,1407,0,0,4
sues,control_25_290943,fixed_k,0.05,1359,1372,0,0,13
sues,control_25_290943,fixed_k,0.1,1326,1340,0,0,14
sues,target_25_290944,distance,0.01,1427,1067,360,0,0
sues,target_25_290944,distance,0.05,1395,1036,359,0,0
sues,target_25_290944,distance,0.1,1344,992,352,0,0
sues,target_25_290944,aps_raw,0.01,1404,1046,360,0,2
sues,target_25_290944,aps_raw,0.05,1349,1013,341,0,5
sues,target_25_290944,aps_raw,0.1,1305,989,334,0,18
sues,target_25_290944,fixed_k,0.01,1403,1045,360,0,2
sues,target_25_290944,fixed_k,0.05,1359,1016,347,0,4
sues,target_25_290944,fixed_k,0.1,1326,993,338,0,5
sues,target_50_290944,distance,0.01,1427,707,720,0,0
sues,target_50_290944,distance,0.05,1395,680,715,0,0
sues,target_50_290944,distance,0.1,1344,646,698,0,0
sues,target_50_290944,aps_raw,0.01,1404,688,720,0,4
sues,target_50_290944,aps_raw,0.05,1349,662,696,0,9
sues,target_50_290944,aps_raw,0.1,1305,647,682,0,24
sues,target_50_290944,fixed_k,0.01,1403,686,720,0,3
sues,target_50_290944,fixed_k,0.05,1359,664,703,0,8
sues,target_50_290944,fixed_k,0.1,1326,653,688,0,15
sues,control_25_290944,distance,0.01,1427,1427,0,0,0
sues,control_25_290944,distance,0.05,1395,1395,0,0,0
sues,control_25_290944,distance,0.1,1344,1344,0,0,0
sues,control_25_290944,aps_raw,0.01,1404,1408,0,0,4
sues,control_25_290944,aps_raw,0.05,1349,1365,0,0,16
sues,control_25_290944,aps_raw,0.1,1305,1314,0,0,9
sues,control_25_290944,fixed_k,0.01,1403,1407,0,0,4
sues,control_25_290944,fixed_k,0.05,1359,1371,0,0,12
sues,control_25_290944,fixed_k,0.1,1326,1338,0,0,12
sues,target_25_290945,distance,0.01,1427,1067,360,0,0
sues,target_25_290945,distance,0.05,1395,1038,357,0,0
sues,target_25_290945,distance,0.1,1344,991,353,0,0
sues,target_25_290945,aps_raw,0.01,1404,1047,359,0,2
sues,target_25_290945,aps_raw,0.05,1349,1005,356,0,12
sues,target_25_290945,aps_raw,0.1,1305,967,344,0,6
sues,target_25_290945,fixed_k,0.01,1403,1047,359,0,3
sues,target_25_290945,fixed_k,0.05,1359,1010,357,0,8
sues,target_25_290945,fixed_k,0.1,1326,988,350,0,12
sues,target_50_290945,distance,0.01,1427,708,719,0,0
sues,target_50_290945,distance,0.05,1395,692,703,0,0
sues,target_50_290945,distance,0.1,1344,663,681,0,0
sues,target_50_290945,aps_raw,0.01,1404,698,714,0,8
sues,target_50_290945,aps_raw,0.05,1349,677,687,0,15
sues,target_50_290945,aps_raw,0.1,1305,650,667,0,12
sues,target_50_290945,fixed_k,0.01,1403,695,713,0,5
sues,target_50_290945,fixed_k,0.05,1359,678,693,0,12
sues,target_50_290945,fixed_k,0.1,1326,663,677,0,14
sues,control_25_290945,distance,0.01,1427,1427,0,0,0
sues,control_25_290945,distance,0.05,1395,1395,0,0,0
sues,control_25_290945,distance,0.1,1344,1344,0,0,0
sues,control_25_290945,aps_raw,0.01,1404,1408,0,0,4
sues,control_25_290945,aps_raw,0.05,1349,1361,0,0,12
sues,control_25_290945,aps_raw,0.1,1305,1317,0,0,12
sues,control_25_290945,fixed_k,0.01,1403,1406,0,0,3
sues,control_25_290945,fixed_k,0.05,1359,1369,0,0,10
sues,control_25_290945,fixed_k,0.1,1326,1339,0,0,13
sues,target_25_290946,distance,0.01,1427,1068,359,0,0
sues,target_25_290946,distance,0.05,1395,1046,349,0,0
sues,target_25_290946,distance,0.1,1344,1010,334,0,0
sues,target_25_290946,aps_raw,0.01,1404,1053,351,0,0
sues,target_25_290946,aps_raw,0.05,1349,1025,334,0,10
sues,target_25_290946,aps_raw,0.1,1305,987,324,0,6
sues,target_25_290946,fixed_k,0.01,1403,1053,351,0,1
sues,target_25_290946,fixed_k,0.05,1359,1028,338,0,7
sues,target_25_290946,fixed_k,0.1,1326,1009,324,0,7
sues,target_50_290946,distance,0.01,1427,708,719,0,0
sues,target_50_290946,distance,0.05,1395,699,696,0,0
sues,target_50_290946,distance,0.1,1344,684,660,0,0
sues,target_50_290946,aps_raw,0.01,1404,708,697,0,1
sues,target_50_290946,aps_raw,0.05,1349,696,662,0,9
sues,target_50_290946,aps_raw,0.1,1305,671,642,0,8
sues,target_50_290946,fixed_k,0.01,1403,708,696,0,1
sues,target_50_290946,fixed_k,0.05,1359,697,667,0,5
sues,target_50_290946,fixed_k,0.1,1326,688,646,0,8
sues,control_25_290946,distance,0.01,1427,1427,0,0,0
sues,control_25_290946,distance,0.05,1395,1395,0,0,0
sues,control_25_290946,distance,0.1,1344,1344,0,0,0
sues,control_25_290946,aps_raw,0.01,1404,1410,0,0,6
sues,control_25_290946,aps_raw,0.05,1349,1364,0,0,15
sues,control_25_290946,aps_raw,0.1,1305,1319,0,0,14
sues,control_25_290946,fixed_k,0.01,1403,1408,0,0,5
sues,control_25_290946,fixed_k,0.05,1359,1371,0,0,12
sues,control_25_290946,fixed_k,0.1,1326,1341,0,0,15
sues,target_25_290947,distance,0.01,1427,1068,359,0,0
sues,target_25_290947,distance,0.05,1395,1050,345,0,0
sues,target_25_290947,distance,0.1,1344,1013,331,0,0
sues,target_25_290947,aps_raw,0.01,1404,1057,349,0,2
sues,target_25_290947,aps_raw,0.05,1349,1026,328,0,5
sues,target_25_290947,aps_raw,0.1,1305,1003,314,0,12
sues,target_25_290947,fixed_k,0.01,1403,1056,349,0,2
sues,target_25_290947,fixed_k,0.05,1359,1032,330,0,3
sues,target_25_290947,fixed_k,0.1,1326,1012,319,0,5
sues,target_50_290947,distance,0.01,1427,708,719,0,0
sues,target_50_290947,distance,0.05,1395,696,699,0,0
sues,target_50_290947,distance,0.1,1344,673,671,0,0
sues,target_50_290947,aps_raw,0.01,1404,708,698,0,2
sues,target_50_290947,aps_raw,0.05,1349,698,661,0,10
sues,target_50_290947,aps_raw,0.1,1305,684,631,0,10
sues,target_50_290947,fixed_k,0.01,1403,707,698,0,2
sues,target_50_290947,fixed_k,0.05,1359,699,667,0,7
sues,target_50_290947,fixed_k,0.1,1326,687,644,0,5
sues,control_25_290947,distance,0.01,1427,1427,0,0,0
sues,control_25_290947,distance,0.05,1395,1395,0,0,0
sues,control_25_290947,distance,0.1,1344,1344,0,0,0
sues,control_25_290947,aps_raw,0.01,1404,1409,0,0,5
sues,control_25_290947,aps_raw,0.05,1349,1365,0,0,16
sues,control_25_290947,aps_raw,0.1,1305,1320,0,0,15
sues,control_25_290947,fixed_k,0.01,1403,1407,0,0,4
sues,control_25_290947,fixed_k,0.05,1359,1372,0,0,13
sues,control_25_290947,fixed_k,0.1,1326,1342,0,0,16
