encoder,frames,method,queries,full_correct,full_recall1,answered,errors,risk,created_errors
sample4geo,3,current_su,1428,1196,0.8375350140056023,714.0,43.1,0.060364145658263306,21.5
sample4geo,3,current_su_guard,1428,1196,0.8375350140056023,714.0,23.95,0.03354341736694678,0.0
sample4geo,3,old_su_guard,1428,1196,0.8375350140056023,714.0,21.8,0.030532212885154064,0.0
sample4geo,9,current_su,4284,3518,0.8211951447245565,2142.0,147.25,0.06874416433239963,67.95
sample4geo,9,current_su_guard,4284,3518,0.8211951447245565,2142.0,90.95,0.04246031746031746,0.0
sample4geo,9,old_su_guard,4284,3518,0.8211951447245565,2142.0,83.2,0.0388422035480859,0.0
dinov2,3,current_su,1428,544,0.38095238095238093,714.0,381.8,0.534733893557423,52.6
dinov2,3,current_su_guard,1428,544,0.38095238095238093,714.0,364.55,0.5105742296918767,0.0
dinov2,3,old_su_guard,1428,544,0.38095238095238093,714.0,363.35,0.5088935574229693,0.0
dinov2,9,current_su,4284,1616,0.3772175536881419,2142.0,1159.5,0.5413165266106442,159.7
dinov2,9,current_su_guard,4284,1616,0.3772175536881419,2142.0,1112.95,0.5195845004668534,0.0
dinov2,9,old_su_guard,4284,1616,0.3772175536881419,2142.0,1107.05,0.5168300653594771,0.0
