dataset,base,test,identity_a,identity_b,baseline_errors,test_errors,weight
university,current_su,current_su_guard,0001,0049,1,0,1
university,current_su,current_su_guard,0031,0034,8,0,8
university,current_su,current_su_guard,0058,0114,5,0,5
university,current_su,current_su_guard,0073,0093,1,0,1
university,current_su,current_su_guard,0076,0102,15,0,15
university,current_su,current_su_guard,0076,0122,6,0,6
university,current_su,current_su_guard,0089,0094,1,0,1
university,current_su,current_su_guard,0090,0756,1,0,1
university,current_su,current_su_guard,0105,0136,60,50,10
university,current_su,current_su_guard,0108,0115,12,0,12
university,current_su,current_su_guard,0124,0125,6,5,1
university,current_su,current_su_guard,0124,0138,5,0,5
university,current_su,current_su_guard,0131,0140,2,2,0
university,current_su,current_su_guard,0132,0139,4,5,-1
university,current_su,current_su_guard,0132,0140,8,10,-2
university,current_su,current_su_guard,0270,0279,1,0,1
university,current_su,current_su_guard,0282,0288,3,0,3
university,current_su,current_su_guard,0295,0296,15,0,15
university,current_su,current_su_guard,0334,0340,1,0,1
university,current_su,current_su_guard,0342,0350,11,0,11
university,current_su,current_su_guard,0345,0350,3,0,3
university,current_su,current_su_guard,0510,0515,36,28,8
university,current_su,current_su_guard,0511,0519,1,0,1
university,current_su,current_su_guard,0511,0520,9,0,9
university,current_su,current_su_guard,0519,0520,4,6,-2
university,current_su,current_su_guard,0520,0526,2,3,-1
university,current_su,current_su_guard,0523,0527,7,6,1
university,current_su,current_su_guard,0552,0566,2,0,2
university,current_su,current_su_guard,0553,0563,1,0,1
university,current_su,current_su_guard,0553,0565,1,2,-1
university,current_su,current_su_guard,0564,0776,9,0,9
university,current_su,current_su_guard,0570,0791,4,0,4
university,current_su,current_su_guard,0582,0587,15,14,1
university,current_su,current_su_guard,0583,0592,1,0,1
university,current_su,current_su_guard,0583,0593,1,0,1
university,current_su,current_su_guard,0588,0594,6,0,6
university,current_su,current_su_guard,0592,0593,11,0,11
university,current_su,current_su_guard,0597,0625,13,13,0
university,current_su,current_su_guard,0761,0768,57,48,9
university,current_su,current_su_guard,0785,0804,3,0,3
university,current_su,current_su_guard,0795,0798,0,1,-1
university,current_su,current_su_guard,0802,0804,6,0,6
university,current_su_guard,old_su_guard,0105,0136,50,50,0
university,current_su_guard,old_su_guard,0124,0125,5,0,5
university,current_su_guard,old_su_guard,0131,0140,2,0,2
university,current_su_guard,old_su_guard,0132,0139,5,0,5
university,current_su_guard,old_su_guard,0132,0140,10,0,10
university,current_su_guard,old_su_guard,0510,0515,28,28,0
university,current_su_guard,old_su_guard,0519,0520,6,0,6
university,current_su_guard,old_su_guard,0520,0526,3,0,3
university,current_su_guard,old_su_guard,0523,0527,6,0,6
university,current_su_guard,old_su_guard,0553,0565,2,0,2
university,current_su_guard,old_su_guard,0582,0587,14,14,0
university,current_su_guard,old_su_guard,0597,0625,13,0,13
university,current_su_guard,old_su_guard,0761,0768,48,48,0
university,current_su_guard,old_su_guard,0795,0798,1,0,1
university,current_su,current_cosine,0001,0049,1,0,1
university,current_su,current_cosine,0031,0034,8,4,4
university,current_su,current_cosine,0047,0050,0,6,-6
university,current_su,current_cosine,0058,0114,5,5,0
university,current_su,current_cosine,0073,0093,1,1,0
university,current_su,current_cosine,0076,0102,15,15,0
university,current_su,current_cosine,0076,0122,6,1,5
university,current_su,current_cosine,0089,0094,1,0,1
university,current_su,current_cosine,0090,0756,1,0,1
university,current_su,current_cosine,0105,0136,60,60,0
university,current_su,current_cosine,0108,0115,12,2,10
university,current_su,current_cosine,0124,0125,6,0,6
university,current_su,current_cosine,0124,0138,5,0,5
university,current_su,current_cosine,0127,0128,0,40,-40
university,current_su,current_cosine,0129,0140,0,7,-7
university,current_su,current_cosine,0131,0140,2,20,-18
university,current_su,current_cosine,0132,0139,4,15,-11
university,current_su,current_cosine,0132,0140,8,20,-12
university,current_su,current_cosine,0139,0140,0,33,-33
university,current_su,current_cosine,0270,0279,1,0,1
university,current_su,current_cosine,0282,0288,3,0,3
university,current_su,current_cosine,0295,0296,15,15,0
university,current_su,current_cosine,0300,0670,0,4,-4
university,current_su,current_cosine,0334,0340,1,0,1
university,current_su,current_cosine,0342,0350,11,6,5
university,current_su,current_cosine,0345,0350,3,0,3
university,current_su,current_cosine,0510,0515,36,28,8
university,current_su,current_cosine,0511,0519,1,2,-1
university,current_su,current_cosine,0511,0520,9,6,3
university,current_su,current_cosine,0519,0520,4,14,-10
university,current_su,current_cosine,0520,0526,2,0,2
university,current_su,current_cosine,0523,0527,7,0,7
university,current_su,current_cosine,0529,0554,0,12,-12
university,current_su,current_cosine,0529,0568,0,5,-5
university,current_su,current_cosine,0533,0565,0,2,-2
university,current_su,current_cosine,0535,0568,0,5,-5
university,current_su,current_cosine,0552,0566,2,13,-11
university,current_su,current_cosine,0552,0829,0,9,-9
university,current_su,current_cosine,0553,0563,1,3,-2
university,current_su,current_cosine,0553,0565,1,21,-20
university,current_su,current_cosine,0554,0561,0,1,-1
university,current_su,current_cosine,0564,0776,9,7,2
university,current_su,current_cosine,0568,0812,0,5,-5
university,current_su,current_cosine,0570,0791,4,0,4
university,current_su,current_cosine,0582,0587,15,0,15
university,current_su,current_cosine,0583,0592,1,1,0
university,current_su,current_cosine,0583,0593,1,0,1
university,current_su,current_cosine,0588,0594,6,7,-1
university,current_su,current_cosine,0592,0593,11,9,2
university,current_su,current_cosine,0597,0625,13,0,13
university,current_su,current_cosine,0761,0768,57,57,0
university,current_su,current_cosine,0765,1636,0,1,-1
university,current_su,current_cosine,0785,0804,3,0,3
university,current_su,current_cosine,0802,0804,6,0,6
university,current_cosine,current_loftr,0001,0007,0,5,-5
university,current_cosine,current_loftr,0001,0049,0,5,-5
university,current_cosine,current_loftr,0003,0025,0,4,-4
university,current_cosine,current_loftr,0006,0008,0,4,-4
university,current_cosine,current_loftr,0026,0028,0,10,-10
university,current_cosine,current_loftr,0027,0041,0,7,-7
university,current_cosine,current_loftr,0029,0035,0,1,-1
university,current_cosine,current_loftr,0031,0034,4,15,-11
university,current_cosine,current_loftr,0033,0041,0,5,-5
university,current_cosine,current_loftr,0034,0035,0,1,-1
university,current_cosine,current_loftr,0035,0052,0,5,-5
university,current_cosine,current_loftr,0039,0053,0,6,-6
university,current_cosine,current_loftr,0043,0044,0,2,-2
university,current_cosine,current_loftr,0047,0050,6,18,-12
university,current_cosine,current_loftr,0058,0114,5,0,5
university,current_cosine,current_loftr,0072,0096,0,2,-2
university,current_cosine,current_loftr,0073,0093,1,0,1
university,current_cosine,current_loftr,0074,0085,0,4,-4
university,current_cosine,current_loftr,0076,0102,15,1,14
university,current_cosine,current_loftr,0076,0122,1,0,1
university,current_cosine,current_loftr,0077,0093,0,4,-4
university,current_cosine,current_loftr,0087,0094,0,4,-4
university,current_cosine,current_loftr,0103,0241,0,5,-5
university,current_cosine,current_loftr,0105,0136,60,40,20
university,current_cosine,current_loftr,0108,0115,2,10,-8
university,current_cosine,current_loftr,0127,0128,40,20,20
university,current_cosine,current_loftr,0129,0140,7,0,7
university,current_cosine,current_loftr,0131,0140,20,19,1
university,current_cosine,current_loftr,0132,0139,15,0,15
university,current_cosine,current_loftr,0132,0140,20,17,3
university,current_cosine,current_loftr,0139,0140,33,28,5
university,current_cosine,current_loftr,0270,0279,0,15,-15
university,current_cosine,current_loftr,0270,0292,0,3,-3
university,current_cosine,current_loftr,0270,0309,0,6,-6
university,current_cosine,current_loftr,0274,0279,0,1,-1
university,current_cosine,current_loftr,0276,0292,0,6,-6
university,current_cosine,current_loftr,0282,0288,0,14,-14
university,current_cosine,current_loftr,0294,0302,0,12,-12
university,current_cosine,current_loftr,0295,0296,15,15,0
university,current_cosine,current_loftr,0299,0302,0,11,-11
university,current_cosine,current_loftr,0300,0670,4,0,4
university,current_cosine,current_loftr,0309,0736,0,1,-1
university,current_cosine,current_loftr,0342,0350,6,0,6
university,current_cosine,current_loftr,0345,0350,0,5,-5
university,current_cosine,current_loftr,0510,0515,28,38,-10
university,current_cosine,current_loftr,0511,0519,2,0,2
university,current_cosine,current_loftr,0511,0520,6,0,6
university,current_cosine,current_loftr,0518,0523,0,12,-12
university,current_cosine,current_loftr,0519,0520,14,0,14
university,current_cosine,current_loftr,0520,0526,0,5,-5
university,current_cosine,current_loftr,0521,0525,0,16,-16
university,current_cosine,current_loftr,0523,0527,0,10,-10
university,current_cosine,current_loftr,0529,0554,12,0,12
university,current_cosine,current_loftr,0529,0568,5,0,5
university,current_cosine,current_loftr,0533,0565,2,0,2
university,current_cosine,current_loftr,0534,0574,0,12,-12
university,current_cosine,current_loftr,0535,0568,5,1,4
university,current_cosine,current_loftr,0537,0541,0,3,-3
university,current_cosine,current_loftr,0540,0572,0,6,-6
university,current_cosine,current_loftr,0552,0566,13,0,13
university,current_cosine,current_loftr,0552,0829,9,5,4
university,current_cosine,current_loftr,0553,0563,3,0,3
university,current_cosine,current_loftr,0553,0565,21,3,18
university,current_cosine,current_loftr,0554,0561,1,5,-4
university,current_cosine,current_loftr,0560,0567,0,4,-4
university,current_cosine,current_loftr,0564,0776,7,3,4
university,current_cosine,current_loftr,0568,0812,5,0,5
university,current_cosine,current_loftr,0581,0589,0,3,-3
university,current_cosine,current_loftr,0582,0587,0,10,-10
university,current_cosine,current_loftr,0583,0591,0,18,-18
university,current_cosine,current_loftr,0583,0592,1,1,0
university,current_cosine,current_loftr,0583,0593,0,2,-2
university,current_cosine,current_loftr,0588,0594,7,14,-7
university,current_cosine,current_loftr,0592,0593,9,10,-1
university,current_cosine,current_loftr,0596,0600,0,7,-7
university,current_cosine,current_loftr,0597,0617,0,1,-1
university,current_cosine,current_loftr,0597,0625,0,19,-19
university,current_cosine,current_loftr,0598,0600,0,12,-12
university,current_cosine,current_loftr,0603,0622,0,3,-3
university,current_cosine,current_loftr,0609,0610,0,4,-4
university,current_cosine,current_loftr,0614,0628,0,1,-1
university,current_cosine,current_loftr,0617,0619,0,4,-4
university,current_cosine,current_loftr,0617,0630,0,1,-1
university,current_cosine,current_loftr,0625,0630,0,1,-1
university,current_cosine,current_loftr,0755,0759,0,1,-1
university,current_cosine,current_loftr,0761,0768,57,38,19
university,current_cosine,current_loftr,0765,1636,1,0,1
university,current_cosine,current_loftr,0783,0784,0,6,-6
university,current_cosine,current_loftr,0785,0804,0,4,-4
university,current_cosine,current_loftr,0802,0804,0,6,-6
university,current_su,current_loftr,0001,0007,0,5,-5
university,current_su,current_loftr,0001,0049,1,5,-4
university,current_su,current_loftr,0003,0025,0,4,-4
university,current_su,current_loftr,0006,0008,0,4,-4
university,current_su,current_loftr,0026,0028,0,10,-10
university,current_su,current_loftr,0027,0041,0,7,-7
university,current_su,current_loftr,0029,0035,0,1,-1
university,current_su,current_loftr,0031,0034,8,15,-7
university,current_su,current_loftr,0033,0041,0,5,-5
university,current_su,current_loftr,0034,0035,0,1,-1
university,current_su,current_loftr,0035,0052,0,5,-5
university,current_su,current_loftr,0039,0053,0,6,-6
university,current_su,current_loftr,0043,0044,0,2,-2
university,current_su,current_loftr,0047,0050,0,18,-18
university,current_su,current_loftr,0058,0114,5,0,5
university,current_su,current_loftr,0072,0096,0,2,-2
university,current_su,current_loftr,0073,0093,1,0,1
university,current_su,current_loftr,0074,0085,0,4,-4
university,current_su,current_loftr,0076,0102,15,1,14
university,current_su,current_loftr,0076,0122,6,0,6
university,current_su,current_loftr,0077,0093,0,4,-4
university,current_su,current_loftr,0087,0094,0,4,-4
university,current_su,current_loftr,0089,0094,1,0,1
university,current_su,current_loftr,0090,0756,1,0,1
university,current_su,current_loftr,0103,0241,0,5,-5
university,current_su,current_loftr,0105,0136,60,40,20
university,current_su,current_loftr,0108,0115,12,10,2
university,current_su,current_loftr,0124,0125,6,0,6
university,current_su,current_loftr,0124,0138,5,0,5
university,current_su,current_loftr,0127,0128,0,20,-20
university,current_su,current_loftr,0131,0140,2,19,-17
university,current_su,current_loftr,0132,0139,4,0,4
university,current_su,current_loftr,0132,0140,8,17,-9
university,current_su,current_loftr,0139,0140,0,28,-28
university,current_su,current_loftr,0270,0279,1,15,-14
university,current_su,current_loftr,0270,0292,0,3,-3
university,current_su,current_loftr,0270,0309,0,6,-6
university,current_su,current_loftr,0274,0279,0,1,-1
university,current_su,current_loftr,0276,0292,0,6,-6
university,current_su,current_loftr,0282,0288,3,14,-11
university,current_su,current_loftr,0294,0302,0,12,-12
university,current_su,current_loftr,0295,0296,15,15,0
university,current_su,current_loftr,0299,0302,0,11,-11
university,current_su,current_loftr,0309,0736,0,1,-1
university,current_su,current_loftr,0334,0340,1,0,1
university,current_su,current_loftr,0342,0350,11,0,11
university,current_su,current_loftr,0345,0350,3,5,-2
university,current_su,current_loftr,0510,0515,36,38,-2
university,current_su,current_loftr,0511,0519,1,0,1
university,current_su,current_loftr,0511,0520,9,0,9
university,current_su,current_loftr,0518,0523,0,12,-12
university,current_su,current_loftr,0519,0520,4,0,4
university,current_su,current_loftr,0520,0526,2,5,-3
university,current_su,current_loftr,0521,0525,0,16,-16
university,current_su,current_loftr,0523,0527,7,10,-3
university,current_su,current_loftr,0534,0574,0,12,-12
university,current_su,current_loftr,0535,0568,0,1,-1
university,current_su,current_loftr,0537,0541,0,3,-3
university,current_su,current_loftr,0540,0572,0,6,-6
university,current_su,current_loftr,0552,0566,2,0,2
university,current_su,current_loftr,0552,0829,0,5,-5
university,current_su,current_loftr,0553,0563,1,0,1
university,current_su,current_loftr,0553,0565,1,3,-2
university,current_su,current_loftr,0554,0561,0,5,-5
university,current_su,current_loftr,0560,0567,0,4,-4
university,current_su,current_loftr,0564,0776,9,3,6
university,current_su,current_loftr,0570,0791,4,0,4
university,current_su,current_loftr,0581,0589,0,3,-3
university,current_su,current_loftr,0582,0587,15,10,5
university,current_su,current_loftr,0583,0591,0,18,-18
university,current_su,current_loftr,0583,0592,1,1,0
university,current_su,current_loftr,0583,0593,1,2,-1
university,current_su,current_loftr,0588,0594,6,14,-8
university,current_su,current_loftr,0592,0593,11,10,1
university,current_su,current_loftr,0596,0600,0,7,-7
university,current_su,current_loftr,0597,0617,0,1,-1
university,current_su,current_loftr,0597,0625,13,19,-6
university,current_su,current_loftr,0598,0600,0,12,-12
university,current_su,current_loftr,0603,0622,0,3,-3
university,current_su,current_loftr,0609,0610,0,4,-4
university,current_su,current_loftr,0614,0628,0,1,-1
university,current_su,current_loftr,0617,0619,0,4,-4
university,current_su,current_loftr,0617,0630,0,1,-1
university,current_su,current_loftr,0625,0630,0,1,-1
university,current_su,current_loftr,0755,0759,0,1,-1
university,current_su,current_loftr,0761,0768,57,38,19
university,current_su,current_loftr,0783,0784,0,6,-6
university,current_su,current_loftr,0785,0804,3,4,-1
university,current_su,current_loftr,0802,0804,6,6,0
university,current_loftr,current_loftr_guard,0001,0007,5,0,5
university,current_loftr,current_loftr_guard,0001,0049,5,0,5
university,current_loftr,current_loftr_guard,0003,0025,4,0,4
university,current_loftr,current_loftr_guard,0006,0008,4,0,4
university,current_loftr,current_loftr_guard,0026,0028,10,0,10
university,current_loftr,current_loftr_guard,0027,0041,7,0,7
university,current_loftr,current_loftr_guard,0029,0035,1,0,1
university,current_loftr,current_loftr_guard,0031,0034,15,0,15
university,current_loftr,current_loftr_guard,0033,0041,5,0,5
university,current_loftr,current_loftr_guard,0034,0035,1,0,1
university,current_loftr,current_loftr_guard,0035,0052,5,0,5
university,current_loftr,current_loftr_guard,0039,0053,6,0,6
university,current_loftr,current_loftr_guard,0043,0044,2,0,2
university,current_loftr,current_loftr_guard,0047,0050,18,0,18
university,current_loftr,current_loftr_guard,0072,0096,2,0,2
university,current_loftr,current_loftr_guard,0074,0085,4,0,4
university,current_loftr,current_loftr_guard,0076,0102,1,0,1
university,current_loftr,current_loftr_guard,0077,0093,4,0,4
university,current_loftr,current_loftr_guard,0079,0964,0,1,-1
university,current_loftr,current_loftr_guard,0087,0094,4,0,4
university,current_loftr,current_loftr_guard,0103,0241,5,0,5
university,current_loftr,current_loftr_guard,0105,0136,40,32,8
university,current_loftr,current_loftr_guard,0108,0115,10,0,10
university,current_loftr,current_loftr_guard,0127,0128,20,20,0
university,current_loftr,current_loftr_guard,0127,0129,0,3,-3
university,current_loftr,current_loftr_guard,0131,0140,19,20,-1
university,current_loftr,current_loftr_guard,0132,0140,17,20,-3
university,current_loftr,current_loftr_guard,0139,0140,28,20,8
university,current_loftr,current_loftr_guard,0270,0279,15,0,15
university,current_loftr,current_loftr_guard,0270,0292,3,0,3
university,current_loftr,current_loftr_guard,0270,0309,6,0,6
university,current_loftr,current_loftr_guard,0274,0279,1,0,1
university,current_loftr,current_loftr_guard,0276,0292,6,0,6
university,current_loftr,current_loftr_guard,0282,0288,14,0,14
university,current_loftr,current_loftr_guard,0294,0302,12,0,12
university,current_loftr,current_loftr_guard,0295,0296,15,0,15
university,current_loftr,current_loftr_guard,0299,0302,11,0,11
university,current_loftr,current_loftr_guard,0309,0736,1,0,1
university,current_loftr,current_loftr_guard,0345,0350,5,0,5
university,current_loftr,current_loftr_guard,0510,0515,38,28,10
university,current_loftr,current_loftr_guard,0518,0523,12,0,12
university,current_loftr,current_loftr_guard,0520,0526,5,0,5
university,current_loftr,current_loftr_guard,0521,0525,16,0,16
university,current_loftr,current_loftr_guard,0523,0527,10,0,10
university,current_loftr,current_loftr_guard,0534,0574,12,0,12
university,current_loftr,current_loftr_guard,0535,0568,1,0,1
university,current_loftr,current_loftr_guard,0537,0541,3,0,3
university,current_loftr,current_loftr_guard,0540,0572,6,0,6
university,current_loftr,current_loftr_guard,0552,0829,5,0,5
university,current_loftr,current_loftr_guard,0553,0565,3,17,-14
university,current_loftr,current_loftr_guard,0554,0561,5,0,5
university,current_loftr,current_loftr_guard,0560,0567,4,0,4
university,current_loftr,current_loftr_guard,0564,0776,3,0,3
university,current_loftr,current_loftr_guard,0581,0589,3,0,3
university,current_loftr,current_loftr_guard,0582,0587,10,0,10
university,current_loftr,current_loftr_guard,0583,0591,18,0,18
university,current_loftr,current_loftr_guard,0583,0592,1,0,1
university,current_loftr,current_loftr_guard,0583,0593,2,0,2
university,current_loftr,current_loftr_guard,0588,0594,14,0,14
university,current_loftr,current_loftr_guard,0592,0593,10,0,10
university,current_loftr,current_loftr_guard,0596,0600,7,0,7
university,current_loftr,current_loftr_guard,0597,0617,1,0,1
university,current_loftr,current_loftr_guard,0597,0625,19,17,2
university,current_loftr,current_loftr_guard,0598,0600,12,0,12
university,current_loftr,current_loftr_guard,0603,0622,3,0,3
university,current_loftr,current_loftr_guard,0609,0610,4,0,4
university,current_loftr,current_loftr_guard,0610,0619,0,9,-9
university,current_loftr,current_loftr_guard,0614,0628,1,16,-15
university,current_loftr,current_loftr_guard,0617,0619,4,0,4
university,current_loftr,current_loftr_guard,0617,0630,1,0,1
university,current_loftr,current_loftr_guard,0625,0630,1,0,1
university,current_loftr,current_loftr_guard,0755,0759,1,0,1
university,current_loftr,current_loftr_guard,0761,0768,38,32,6
university,current_loftr,current_loftr_guard,0783,0784,6,0,6
university,current_loftr,current_loftr_guard,0785,0804,4,0,4
university,current_loftr,current_loftr_guard,0802,0804,6,0,6
sues,current_su,current_su_guard,0001,0018,4,0,4
sues,current_su,current_su_guard,0002,0137,0,2,-2
sues,current_su,current_su_guard,0003,0136,6,0,6
sues,current_su,current_su_guard,0004,0016,5,0,5
sues,current_su,current_su_guard,0004,0096,15,0,15
sues,current_su,current_su_guard,0004,0123,17,0,17
sues,current_su,current_su_guard,0005,0136,0,1,-1
sues,current_su,current_su_guard,0010,0092,4,12,-8
sues,current_su,current_su_guard,0013,0195,22,0,22
sues,current_su,current_su_guard,0014,0134,4,0,4
sues,current_su,current_su_guard,0015,0108,2,0,2
sues,current_su,current_su_guard,0015,0118,64,0,64
sues,current_su,current_su_guard,0016,0123,8,0,8
sues,current_su,current_su_guard,0018,0094,4,4,0
sues,current_su,current_su_guard,0020,0171,1,0,1
sues,current_su,current_su_guard,0022,0045,21,0,21
sues,current_su,current_su_guard,0025,0090,14,15,-1
sues,current_su,current_su_guard,0029,0055,6,0,6
sues,current_su,current_su_guard,0030,0111,7,0,7
sues,current_su,current_su_guard,0031,0162,0,4,-4
sues,current_su,current_su_guard,0033,0087,40,43,-3
sues,current_su,current_su_guard,0034,0136,1,0,1
sues,current_su,current_su_guard,0037,0040,22,23,-1
sues,current_su,current_su_guard,0039,0056,28,27,1
sues,current_su,current_su_guard,0040,0167,2,0,2
sues,current_su,current_su_guard,0043,0065,3,4,-1
sues,current_su,current_su_guard,0049,0200,4,0,4
sues,current_su,current_su_guard,0050,0077,2,2,0
sues,current_su,current_su_guard,0056,0081,2,5,-3
sues,current_su,current_su_guard,0056,0127,48,14,34
sues,current_su,current_su_guard,0057,0138,12,0,12
sues,current_su,current_su_guard,0067,0069,24,15,9
sues,current_su,current_su_guard,0068,0104,1,2,-1
sues,current_su,current_su_guard,0069,0104,24,26,-2
sues,current_su,current_su_guard,0070,0082,4,0,4
sues,current_su,current_su_guard,0070,0141,1,0,1
sues,current_su,current_su_guard,0070,0184,2,0,2
sues,current_su,current_su_guard,0070,0186,1,0,1
sues,current_su,current_su_guard,0073,0136,3,0,3
sues,current_su,current_su_guard,0077,0153,19,15,4
sues,current_su,current_su_guard,0080,0081,8,9,-1
sues,current_su,current_su_guard,0082,0085,1,0,1
sues,current_su,current_su_guard,0082,0180,40,45,-5
sues,current_su,current_su_guard,0082,0186,75,68,7
sues,current_su,current_su_guard,0085,0152,1,0,1
sues,current_su,current_su_guard,0089,0167,1,3,-2
sues,current_su,current_su_guard,0090,0136,1,1,0
sues,current_su,current_su_guard,0091,0099,32,25,7
sues,current_su,current_su_guard,0091,0128,36,16,20
sues,current_su,current_su_guard,0092,0155,88,80,8
sues,current_su,current_su_guard,0092,0198,10,0,10
sues,current_su,current_su_guard,0093,0094,1,1,0
sues,current_su,current_su_guard,0106,0123,11,0,11
sues,current_su,current_su_guard,0111,0158,0,1,-1
sues,current_su,current_su_guard,0113,0174,0,1,-1
sues,current_su,current_su_guard,0125,0154,4,0,4
sues,current_su,current_su_guard,0129,0167,2,0,2
sues,current_su,current_su_guard,0134,0154,6,0,6
sues,current_su,current_su_guard,0136,0137,5,0,5
sues,current_su,current_su_guard,0137,0174,0,1,-1
sues,current_su,current_su_guard,0138,0139,7,4,3
sues,current_su,current_su_guard,0141,0178,14,0,14
sues,current_su,current_su_guard,0141,0184,15,0,15
sues,current_su,current_su_guard,0146,0161,3,0,3
sues,current_su,current_su_guard,0147,0178,1,0,1
sues,current_su,current_su_guard,0147,0191,1,0,1
sues,current_su,current_su_guard,0151,0180,1,1,0
sues,current_su,current_su_guard,0165,0166,21,0,21
sues,current_su,current_su_guard,0178,0180,1,2,-1
sues,current_su,current_su_guard,0178,0184,8,0,8
sues,current_su,current_su_guard,0178,0191,15,7,8
sues,current_su,current_su_guard,0181,0196,4,0,4
sues,current_su,current_su_guard,0191,0193,2,0,2
sues,current_su_guard,old_su_guard,0002,0137,2,1,1
sues,current_su_guard,old_su_guard,0005,0136,1,4,-3
sues,current_su_guard,old_su_guard,0010,0092,12,13,-1
sues,current_su_guard,old_su_guard,0018,0094,4,6,-2
sues,current_su_guard,old_su_guard,0025,0090,15,14,1
sues,current_su_guard,old_su_guard,0031,0162,4,4,0
sues,current_su_guard,old_su_guard,0033,0087,43,43,0
sues,current_su_guard,old_su_guard,0037,0040,23,13,10
sues,current_su_guard,old_su_guard,0039,0056,27,30,-3
sues,current_su_guard,old_su_guard,0043,0065,4,1,3
sues,current_su_guard,old_su_guard,0050,0077,2,0,2
sues,current_su_guard,old_su_guard,0056,0081,5,1,4
sues,current_su_guard,old_su_guard,0056,0127,14,15,-1
sues,current_su_guard,old_su_guard,0067,0069,15,15,0
sues,current_su_guard,old_su_guard,0068,0104,2,0,2
sues,current_su_guard,old_su_guard,0069,0104,26,24,2
sues,current_su_guard,old_su_guard,0077,0153,15,15,0
sues,current_su_guard,old_su_guard,0080,0081,9,1,8
sues,current_su_guard,old_su_guard,0082,0180,45,45,0
sues,current_su_guard,old_su_guard,0082,0186,68,65,3
sues,current_su_guard,old_su_guard,0089,0167,3,0,3
sues,current_su_guard,old_su_guard,0090,0136,1,0,1
sues,current_su_guard,old_su_guard,0091,0099,25,28,-3
sues,current_su_guard,old_su_guard,0091,0128,16,16,0
sues,current_su_guard,old_su_guard,0092,0155,80,80,0
sues,current_su_guard,old_su_guard,0093,0094,1,0,1
sues,current_su_guard,old_su_guard,0111,0158,1,0,1
sues,current_su_guard,old_su_guard,0113,0174,1,0,1
sues,current_su_guard,old_su_guard,0137,0174,1,0,1
sues,current_su_guard,old_su_guard,0138,0139,4,0,4
sues,current_su_guard,old_su_guard,0151,0180,1,0,1
sues,current_su_guard,old_su_guard,0178,0180,2,0,2
sues,current_su_guard,old_su_guard,0178,0191,7,2,5
sues,current_su,current_cosine,0001,0018,4,0,4
sues,current_su,current_cosine,0003,0136,6,6,0
sues,current_su,current_cosine,0004,0016,5,0,5
sues,current_su,current_cosine,0004,0096,15,0,15
sues,current_su,current_cosine,0004,0123,17,0,17
sues,current_su,current_cosine,0005,0136,0,32,-32
sues,current_su,current_cosine,0010,0092,4,0,4
sues,current_su,current_cosine,0013,0195,22,4,18
sues,current_su,current_cosine,0014,0134,4,0,4
sues,current_su,current_cosine,0015,0108,2,0,2
sues,current_su,current_cosine,0015,0118,64,45,19
sues,current_su,current_cosine,0016,0123,8,0,8
sues,current_su,current_cosine,0018,0094,4,2,2
sues,current_su,current_cosine,0020,0171,1,3,-2
sues,current_su,current_cosine,0021,0054,0,173,-173
sues,current_su,current_cosine,0021,0081,0,13,-13
sues,current_su,current_cosine,0022,0045,21,0,21
sues,current_su,current_cosine,0025,0090,14,21,-7
sues,current_su,current_cosine,0026,0115,0,15,-15
sues,current_su,current_cosine,0026,0161,0,31,-31
sues,current_su,current_cosine,0026,0162,0,9,-9
sues,current_su,current_cosine,0029,0055,6,25,-19
sues,current_su,current_cosine,0029,0167,0,15,-15
sues,current_su,current_cosine,0030,0111,7,0,7
sues,current_su,current_cosine,0033,0087,40,113,-73
sues,current_su,current_cosine,0033,0136,0,71,-71
sues,current_su,current_cosine,0033,0171,0,13,-13
sues,current_su,current_cosine,0034,0084,0,55,-55
sues,current_su,current_cosine,0034,0116,0,5,-5
sues,current_su,current_cosine,0034,0136,1,12,-11
sues,current_su,current_cosine,0037,0040,22,23,-1
sues,current_su,current_cosine,0037,0167,0,16,-16
sues,current_su,current_cosine,0039,0054,0,30,-30
sues,current_su,current_cosine,0039,0056,28,110,-82
sues,current_su,current_cosine,0040,0167,2,0,2
sues,current_su,current_cosine,0043,0065,3,0,3
sues,current_su,current_cosine,0049,0200,4,8,-4
sues,current_su,current_cosine,0050,0077,2,37,-35
sues,current_su,current_cosine,0053,0171,0,12,-12
sues,current_su,current_cosine,0056,0073,0,24,-24
sues,current_su,current_cosine,0056,0081,2,109,-107
sues,current_su,current_cosine,0056,0127,48,64,-16
sues,current_su,current_cosine,0056,0137,0,2,-2
sues,current_su,current_cosine,0057,0138,12,5,7
sues,current_su,current_cosine,0067,0069,24,27,-3
sues,current_su,current_cosine,0068,0104,1,0,1
sues,current_su,current_cosine,0069,0104,24,30,-6
sues,current_su,current_cosine,0069,0136,0,20,-20
sues,current_su,current_cosine,0070,0082,4,6,-2
sues,current_su,current_cosine,0070,0141,1,5,-4
sues,current_su,current_cosine,0070,0180,0,8,-8
sues,current_su,current_cosine,0070,0184,2,2,0
sues,current_su,current_cosine,0070,0186,1,6,-5
sues,current_su,current_cosine,0073,0136,3,24,-21
sues,current_su,current_cosine,0073,0137,0,1,-1
sues,current_su,current_cosine,0077,0153,19,30,-11
sues,current_su,current_cosine,0079,0149,0,4,-4
sues,current_su,current_cosine,0080,0081,8,16,-8
sues,current_su,current_cosine,0081,0162,0,18,-18
sues,current_su,current_cosine,0082,0085,1,0,1
sues,current_su,current_cosine,0082,0159,0,4,-4
sues,current_su,current_cosine,0082,0180,40,56,-16
sues,current_su,current_cosine,0082,0186,75,94,-19
sues,current_su,current_cosine,0084,0086,0,74,-74
sues,current_su,current_cosine,0085,0152,1,0,1
sues,current_su,current_cosine,0086,0087,0,4,-4
sues,current_su,current_cosine,0086,0146,0,36,-36
sues,current_su,current_cosine,0089,0167,1,23,-22
sues,current_su,current_cosine,0089,0195,0,6,-6
sues,current_su,current_cosine,0090,0136,1,20,-19
sues,current_su,current_cosine,0091,0099,32,0,32
sues,current_su,current_cosine,0091,0128,36,0,36
sues,current_su,current_cosine,0092,0155,88,0,88
sues,current_su,current_cosine,0092,0198,10,0,10
sues,current_su,current_cosine,0093,0094,1,0,1
sues,current_su,current_cosine,0097,0183,0,5,-5
sues,current_su,current_cosine,0103,0193,0,2,-2
sues,current_su,current_cosine,0105,0184,0,1,-1
sues,current_su,current_cosine,0106,0123,11,0,11
sues,current_su,current_cosine,0113,0167,0,1,-1
sues,current_su,current_cosine,0113,0174,0,14,-14
sues,current_su,current_cosine,0116,0189,0,8,-8
sues,current_su,current_cosine,0119,0136,0,2,-2
sues,current_su,current_cosine,0125,0154,4,0,4
sues,current_su,current_cosine,0129,0167,2,17,-15
sues,current_su,current_cosine,0134,0154,6,10,-4
sues,current_su,current_cosine,0136,0137,5,24,-19
sues,current_su,current_cosine,0136,0171,0,20,-20
sues,current_su,current_cosine,0137,0174,0,8,-8
sues,current_su,current_cosine,0138,0139,7,0,7
sues,current_su,current_cosine,0141,0178,14,0,14
sues,current_su,current_cosine,0141,0184,15,31,-16
sues,current_su,current_cosine,0146,0153,0,18,-18
sues,current_su,current_cosine,0146,0161,3,33,-30
sues,current_su,current_cosine,0146,0186,0,1,-1
sues,current_su,current_cosine,0147,0178,1,0,1
sues,current_su,current_cosine,0147,0191,1,0,1
sues,current_su,current_cosine,0151,0180,1,16,-15
sues,current_su,current_cosine,0165,0166,21,4,17
sues,current_su,current_cosine,0167,0182,0,8,-8
sues,current_su,current_cosine,0178,0180,1,5,-4
sues,current_su,current_cosine,0178,0184,8,0,8
sues,current_su,current_cosine,0178,0191,15,0,15
sues,current_su,current_cosine,0181,0196,4,0,4
sues,current_su,current_cosine,0191,0193,2,0,2
sues,current_cosine,current_loftr,0001,0018,0,4,-4
sues,current_cosine,current_loftr,0001,0092,0,20,-20
sues,current_cosine,current_loftr,0001,0194,0,1,-1
sues,current_cosine,current_loftr,0001,0195,0,2,-2
sues,current_cosine,current_loftr,0002,0044,0,4,-4
sues,current_cosine,current_loftr,0002,0100,0,1,-1
sues,current_cosine,current_loftr,0002,0137,0,17,-17
sues,current_cosine,current_loftr,0003,0136,6,0,6
sues,current_cosine,current_loftr,0003,0137,0,3,-3
sues,current_cosine,current_loftr,0003,0171,0,51,-51
sues,current_cosine,current_loftr,0004,0016,0,43,-43
sues,current_cosine,current_loftr,0004,0096,0,11,-11
sues,current_cosine,current_loftr,0004,0123,0,12,-12
sues,current_cosine,current_loftr,0004,0163,0,1,-1
sues,current_cosine,current_loftr,0005,0014,0,16,-16
sues,current_cosine,current_loftr,0005,0094,0,1,-1
sues,current_cosine,current_loftr,0005,0136,32,20,12
sues,current_cosine,current_loftr,0005,0187,0,4,-4
sues,current_cosine,current_loftr,0006,0034,0,1,-1
sues,current_cosine,current_loftr,0006,0081,0,1,-1
sues,current_cosine,current_loftr,0006,0094,0,1,-1
sues,current_cosine,current_loftr,0006,0095,0,4,-4
sues,current_cosine,current_loftr,0006,0107,0,10,-10
sues,current_cosine,current_loftr,0006,0154,0,4,-4
sues,current_cosine,current_loftr,0007,0064,0,8,-8
sues,current_cosine,current_loftr,0007,0175,0,1,-1
sues,current_cosine,current_loftr,0008,0066,0,3,-3
sues,current_cosine,current_loftr,0009,0079,0,5,-5
sues,current_cosine,current_loftr,0010,0092,0,20,-20
sues,current_cosine,current_loftr,0010,0154,0,2,-2
sues,current_cosine,current_loftr,0011,0126,0,3,-3
sues,current_cosine,current_loftr,0011,0140,0,3,-3
sues,current_cosine,current_loftr,0013,0195,4,8,-4
sues,current_cosine,current_loftr,0014,0094,0,1,-1
sues,current_cosine,current_loftr,0014,0134,0,7,-7
sues,current_cosine,current_loftr,0015,0118,45,23,22
sues,current_cosine,current_loftr,0016,0123,0,10,-10
sues,current_cosine,current_loftr,0017,0055,0,4,-4
sues,current_cosine,current_loftr,0017,0057,0,4,-4
sues,current_cosine,current_loftr,0017,0147,0,2,-2
sues,current_cosine,current_loftr,0018,0094,2,25,-23
sues,current_cosine,current_loftr,0020,0027,0,4,-4
sues,current_cosine,current_loftr,0020,0045,0,2,-2
sues,current_cosine,current_loftr,0020,0137,0,1,-1
sues,current_cosine,current_loftr,0020,0171,3,23,-20
sues,current_cosine,current_loftr,0021,0024,0,2,-2
sues,current_cosine,current_loftr,0021,0054,173,39,134
sues,current_cosine,current_loftr,0021,0081,13,0,13
sues,current_cosine,current_loftr,0023,0067,0,1,-1
sues,current_cosine,current_loftr,0023,0104,0,1,-1
sues,current_cosine,current_loftr,0024,0128,0,2,-2
sues,current_cosine,current_loftr,0025,0060,0,33,-33
sues,current_cosine,current_loftr,0025,0090,21,48,-27
sues,current_cosine,current_loftr,0025,0162,0,1,-1
sues,current_cosine,current_loftr,0026,0060,0,1,-1
sues,current_cosine,current_loftr,0026,0115,15,5,10
sues,current_cosine,current_loftr,0026,0151,0,1,-1
sues,current_cosine,current_loftr,0026,0161,31,19,12
sues,current_cosine,current_loftr,0026,0162,9,0,9
sues,current_cosine,current_loftr,0027,0173,0,12,-12
sues,current_cosine,current_loftr,0028,0048,0,2,-2
sues,current_cosine,current_loftr,0028,0142,0,2,-2
sues,current_cosine,current_loftr,0028,0156,0,6,-6
sues,current_cosine,current_loftr,0029,0032,0,1,-1
sues,current_cosine,current_loftr,0029,0040,0,2,-2
sues,current_cosine,current_loftr,0029,0041,0,1,-1
sues,current_cosine,current_loftr,0029,0055,25,7,18
sues,current_cosine,current_loftr,0029,0142,0,6,-6
sues,current_cosine,current_loftr,0029,0167,15,7,8
sues,current_cosine,current_loftr,0029,0185,0,5,-5
sues,current_cosine,current_loftr,0030,0045,0,2,-2
sues,current_cosine,current_loftr,0030,0064,0,1,-1
sues,current_cosine,current_loftr,0030,0111,0,5,-5
sues,current_cosine,current_loftr,0030,0163,0,1,-1
sues,current_cosine,current_loftr,0031,0090,0,19,-19
sues,current_cosine,current_loftr,0031,0136,0,8,-8
sues,current_cosine,current_loftr,0031,0157,0,1,-1
sues,current_cosine,current_loftr,0031,0162,0,45,-45
sues,current_cosine,current_loftr,0032,0040,0,4,-4
sues,current_cosine,current_loftr,0032,0113,0,4,-4
sues,current_cosine,current_loftr,0032,0136,0,4,-4
sues,current_cosine,current_loftr,0032,0145,0,3,-3
sues,current_cosine,current_loftr,0033,0084,0,1,-1
sues,current_cosine,current_loftr,0033,0087,113,78,35
sues,current_cosine,current_loftr,0033,0136,71,35,36
sues,current_cosine,current_loftr,0033,0171,13,13,0
sues,current_cosine,current_loftr,0034,0035,0,6,-6
sues,current_cosine,current_loftr,0034,0060,0,10,-10
sues,current_cosine,current_loftr,0034,0084,55,83,-28
sues,current_cosine,current_loftr,0034,0088,0,21,-21
sues,current_cosine,current_loftr,0034,0116,5,7,-2
sues,current_cosine,current_loftr,0034,0120,0,1,-1
sues,current_cosine,current_loftr,0034,0136,12,0,12
sues,current_cosine,current_loftr,0034,0149,0,3,-3
sues,current_cosine,current_loftr,0034,0157,0,6,-6
sues,current_cosine,current_loftr,0034,0162,0,6,-6
sues,current_cosine,current_loftr,0034,0171,0,11,-11
sues,current_cosine,current_loftr,0035,0116,0,1,-1
sues,current_cosine,current_loftr,0036,0103,0,18,-18
sues,current_cosine,current_loftr,0036,0111,0,2,-2
sues,current_cosine,current_loftr,0036,0170,0,1,-1
sues,current_cosine,current_loftr,0037,0040,23,37,-14
sues,current_cosine,current_loftr,0037,0167,16,0,16
sues,current_cosine,current_loftr,0039,0054,30,0,30
sues,current_cosine,current_loftr,0039,0056,110,19,91
sues,current_cosine,current_loftr,0039,0127,0,5,-5
sues,current_cosine,current_loftr,0039,0136,0,27,-27
sues,current_cosine,current_loftr,0040,0113,0,1,-1
sues,current_cosine,current_loftr,0040,0142,0,2,-2
sues,current_cosine,current_loftr,0040,0145,0,5,-5
sues,current_cosine,current_loftr,0040,0157,0,19,-19
sues,current_cosine,current_loftr,0040,0167,0,21,-21
sues,current_cosine,current_loftr,0040,0185,0,1,-1
sues,current_cosine,current_loftr,0041,0113,0,1,-1
sues,current_cosine,current_loftr,0041,0129,0,7,-7
sues,current_cosine,current_loftr,0041,0142,0,4,-4
sues,current_cosine,current_loftr,0042,0157,0,4,-4
sues,current_cosine,current_loftr,0043,0056,0,2,-2
sues,current_cosine,current_loftr,0043,0065,0,15,-15
sues,current_cosine,current_loftr,0043,0067,0,1,-1
sues,current_cosine,current_loftr,0044,0100,0,18,-18
sues,current_cosine,current_loftr,0044,0156,0,7,-7
sues,current_cosine,current_loftr,0044,0188,0,1,-1
sues,current_cosine,current_loftr,0044,0192,0,3,-3
sues,current_cosine,current_loftr,0045,0129,0,2,-2
sues,current_cosine,current_loftr,0047,0129,0,2,-2
sues,current_cosine,current_loftr,0048,0169,0,19,-19
sues,current_cosine,current_loftr,0049,0196,0,3,-3
sues,current_cosine,current_loftr,0049,0200,8,4,4
sues,current_cosine,current_loftr,0050,0060,0,1,-1
sues,current_cosine,current_loftr,0050,0077,37,21,16
sues,current_cosine,current_loftr,0050,0100,0,1,-1
sues,current_cosine,current_loftr,0050,0120,0,3,-3
sues,current_cosine,current_loftr,0051,0162,0,6,-6
sues,current_cosine,current_loftr,0052,0094,0,5,-5
sues,current_cosine,current_loftr,0053,0166,0,2,-2
sues,current_cosine,current_loftr,0053,0171,12,19,-7
sues,current_cosine,current_loftr,0053,0200,0,2,-2
sues,current_cosine,current_loftr,0054,0103,0,2,-2
sues,current_cosine,current_loftr,0055,0195,0,2,-2
sues,current_cosine,current_loftr,0056,0072,0,28,-28
sues,current_cosine,current_loftr,0056,0073,24,24,0
sues,current_cosine,current_loftr,0056,0081,109,87,22
sues,current_cosine,current_loftr,0056,0087,0,1,-1
sues,current_cosine,current_loftr,0056,0088,0,17,-17
sues,current_cosine,current_loftr,0056,0127,64,54,10
sues,current_cosine,current_loftr,0056,0137,2,2,0
sues,current_cosine,current_loftr,0056,0157,0,2,-2
sues,current_cosine,current_loftr,0056,0187,0,4,-4
sues,current_cosine,current_loftr,0057,0138,5,42,-37
sues,current_cosine,current_loftr,0060,0081,0,33,-33
sues,current_cosine,current_loftr,0060,0106,0,4,-4
sues,current_cosine,current_loftr,0060,0120,0,11,-11
sues,current_cosine,current_loftr,0063,0067,0,7,-7
sues,current_cosine,current_loftr,0063,0157,0,1,-1
sues,current_cosine,current_loftr,0064,0131,0,8,-8
sues,current_cosine,current_loftr,0064,0142,0,1,-1
sues,current_cosine,current_loftr,0066,0083,0,8,-8
sues,current_cosine,current_loftr,0066,0099,0,6,-6
sues,current_cosine,current_loftr,0066,0168,0,4,-4
sues,current_cosine,current_loftr,0066,0179,0,17,-17
sues,current_cosine,current_loftr,0067,0069,27,33,-6
sues,current_cosine,current_loftr,0067,0127,0,29,-29
sues,current_cosine,current_loftr,0068,0104,0,7,-7
sues,current_cosine,current_loftr,0069,0104,30,53,-23
sues,current_cosine,current_loftr,0069,0136,20,0,20
sues,current_cosine,current_loftr,0070,0075,0,2,-2
sues,current_cosine,current_loftr,0070,0082,6,8,-2
sues,current_cosine,current_loftr,0070,0141,5,20,-15
sues,current_cosine,current_loftr,0070,0180,8,4,4
sues,current_cosine,current_loftr,0070,0184,2,9,-7
sues,current_cosine,current_loftr,0070,0186,6,5,1
sues,current_cosine,current_loftr,0070,0200,0,1,-1
sues,current_cosine,current_loftr,0073,0074,0,3,-3
sues,current_cosine,current_loftr,0073,0136,24,2,22
sues,current_cosine,current_loftr,0073,0137,1,5,-4
sues,current_cosine,current_loftr,0074,0080,0,5,-5
sues,current_cosine,current_loftr,0074,0103,0,6,-6
sues,current_cosine,current_loftr,0075,0184,0,4,-4
sues,current_cosine,current_loftr,0076,0095,0,9,-9
sues,current_cosine,current_loftr,0076,0154,0,3,-3
sues,current_cosine,current_loftr,0077,0153,30,15,15
sues,current_cosine,current_loftr,0079,0080,0,2,-2
sues,current_cosine,current_loftr,0079,0116,0,1,-1
sues,current_cosine,current_loftr,0079,0149,4,0,4
sues,current_cosine,current_loftr,0079,0179,0,6,-6
sues,current_cosine,current_loftr,0080,0081,16,39,-23
sues,current_cosine,current_loftr,0080,0197,0,7,-7
sues,current_cosine,current_loftr,0081,0146,0,1,-1
sues,current_cosine,current_loftr,0081,0162,18,18,0
sues,current_cosine,current_loftr,0082,0085,0,21,-21
sues,current_cosine,current_loftr,0082,0151,0,1,-1
sues,current_cosine,current_loftr,0082,0159,4,28,-24
sues,current_cosine,current_loftr,0082,0180,56,0,56
sues,current_cosine,current_loftr,0082,0186,94,36,58
sues,current_cosine,current_loftr,0082,0197,0,6,-6
sues,current_cosine,current_loftr,0083,0199,0,1,-1
sues,current_cosine,current_loftr,0084,0086,74,65,9
sues,current_cosine,current_loftr,0084,0120,0,3,-3
sues,current_cosine,current_loftr,0084,0136,0,8,-8
sues,current_cosine,current_loftr,0084,0146,0,2,-2
sues,current_cosine,current_loftr,0084,0162,0,10,-10
sues,current_cosine,current_loftr,0085,0161,0,1,-1
sues,current_cosine,current_loftr,0085,0183,0,1,-1
sues,current_cosine,current_loftr,0085,0186,0,4,-4
sues,current_cosine,current_loftr,0086,0087,4,4,0
sues,current_cosine,current_loftr,0086,0146,36,5,31
sues,current_cosine,current_loftr,0087,0088,0,1,-1
sues,current_cosine,current_loftr,0087,0136,0,1,-1
sues,current_cosine,current_loftr,0087,0146,0,4,-4
sues,current_cosine,current_loftr,0088,0152,0,52,-52
sues,current_cosine,current_loftr,0089,0152,0,2,-2
sues,current_cosine,current_loftr,0089,0167,23,0,23
sues,current_cosine,current_loftr,0089,0195,6,22,-16
sues,current_cosine,current_loftr,0090,0097,0,2,-2
sues,current_cosine,current_loftr,0090,0103,0,6,-6
sues,current_cosine,current_loftr,0090,0119,0,14,-14
sues,current_cosine,current_loftr,0090,0136,20,0,20
sues,current_cosine,current_loftr,0090,0170,0,20,-20
sues,current_cosine,current_loftr,0091,0101,0,6,-6
sues,current_cosine,current_loftr,0091,0111,0,1,-1
sues,current_cosine,current_loftr,0091,0128,0,22,-22
sues,current_cosine,current_loftr,0092,0132,0,20,-20
sues,current_cosine,current_loftr,0092,0134,0,4,-4
sues,current_cosine,current_loftr,0092,0155,0,41,-41
sues,current_cosine,current_loftr,0092,0156,0,7,-7
sues,current_cosine,current_loftr,0092,0198,0,10,-10
sues,current_cosine,current_loftr,0096,0123,0,1,-1
sues,current_cosine,current_loftr,0097,0183,5,5,0
sues,current_cosine,current_loftr,0097,0195,0,1,-1
sues,current_cosine,current_loftr,0099,0101,0,1,-1
sues,current_cosine,current_loftr,0099,0132,0,14,-14
sues,current_cosine,current_loftr,0099,0156,0,5,-5
sues,current_cosine,current_loftr,0099,0168,0,5,-5
sues,current_cosine,current_loftr,0100,0102,0,1,-1
sues,current_cosine,current_loftr,0100,0106,0,5,-5
sues,current_cosine,current_loftr,0100,0159,0,15,-15
sues,current_cosine,current_loftr,0101,0106,0,17,-17
sues,current_cosine,current_loftr,0101,0171,0,2,-2
sues,current_cosine,current_loftr,0102,0146,0,4,-4
sues,current_cosine,current_loftr,0103,0119,0,3,-3
sues,current_cosine,current_loftr,0103,0193,2,0,2
sues,current_cosine,current_loftr,0104,0150,0,4,-4
sues,current_cosine,current_loftr,0105,0184,1,17,-16
sues,current_cosine,current_loftr,0106,0123,0,21,-21
sues,current_cosine,current_loftr,0106,0126,0,7,-7
sues,current_cosine,current_loftr,0106,0128,0,12,-12
sues,current_cosine,current_loftr,0107,0174,0,1,-1
sues,current_cosine,current_loftr,0107,0187,0,20,-20
sues,current_cosine,current_loftr,0108,0116,0,3,-3
sues,current_cosine,current_loftr,0109,0156,0,1,-1
sues,current_cosine,current_loftr,0111,0132,0,3,-3
sues,current_cosine,current_loftr,0111,0158,0,46,-46
sues,current_cosine,current_loftr,0112,0118,0,1,-1
sues,current_cosine,current_loftr,0113,0167,1,1,0
sues,current_cosine,current_loftr,0113,0174,14,9,5
sues,current_cosine,current_loftr,0113,0187,0,2,-2
sues,current_cosine,current_loftr,0116,0148,0,6,-6
sues,current_cosine,current_loftr,0116,0157,0,1,-1
sues,current_cosine,current_loftr,0116,0167,0,1,-1
sues,current_cosine,current_loftr,0116,0173,0,16,-16
sues,current_cosine,current_loftr,0116,0189,8,2,6
sues,current_cosine,current_loftr,0118,0120,0,13,-13
sues,current_cosine,current_loftr,0118,0162,0,4,-4
sues,current_cosine,current_loftr,0119,0136,2,0,2
sues,current_cosine,current_loftr,0125,0154,0,8,-8
sues,current_cosine,current_loftr,0125,0163,0,24,-24
sues,current_cosine,current_loftr,0126,0149,0,2,-2
sues,current_cosine,current_loftr,0127,0145,0,6,-6
sues,current_cosine,current_loftr,0129,0167,17,0,17
sues,current_cosine,current_loftr,0129,0173,0,2,-2
sues,current_cosine,current_loftr,0129,0182,0,2,-2
sues,current_cosine,current_loftr,0134,0154,10,5,5
sues,current_cosine,current_loftr,0134,0156,0,1,-1
sues,current_cosine,current_loftr,0136,0137,24,6,18
sues,current_cosine,current_loftr,0136,0171,20,0,20
sues,current_cosine,current_loftr,0137,0174,8,0,8
sues,current_cosine,current_loftr,0138,0139,0,3,-3
sues,current_cosine,current_loftr,0138,0142,0,5,-5
sues,current_cosine,current_loftr,0141,0178,0,20,-20
sues,current_cosine,current_loftr,0141,0184,31,37,-6
sues,current_cosine,current_loftr,0142,0184,0,11,-11
sues,current_cosine,current_loftr,0146,0153,18,18,0
sues,current_cosine,current_loftr,0146,0161,33,21,12
sues,current_cosine,current_loftr,0146,0186,1,4,-3
sues,current_cosine,current_loftr,0147,0151,0,5,-5
sues,current_cosine,current_loftr,0147,0178,0,1,-1
sues,current_cosine,current_loftr,0147,0191,0,3,-3
sues,current_cosine,current_loftr,0148,0149,0,2,-2
sues,current_cosine,current_loftr,0148,0195,0,45,-45
sues,current_cosine,current_loftr,0151,0159,0,1,-1
sues,current_cosine,current_loftr,0151,0180,16,31,-15
sues,current_cosine,current_loftr,0152,0199,0,2,-2
sues,current_cosine,current_loftr,0155,0156,0,9,-9
sues,current_cosine,current_loftr,0155,0163,0,1,-1
sues,current_cosine,current_loftr,0157,0171,0,9,-9
sues,current_cosine,current_loftr,0157,0191,0,2,-2
sues,current_cosine,current_loftr,0159,0172,0,92,-92
sues,current_cosine,current_loftr,0159,0186,0,2,-2
sues,current_cosine,current_loftr,0165,0166,4,11,-7
sues,current_cosine,current_loftr,0167,0182,8,17,-9
sues,current_cosine,current_loftr,0168,0170,0,31,-31
sues,current_cosine,current_loftr,0173,0174,0,2,-2
sues,current_cosine,current_loftr,0176,0196,0,2,-2
sues,current_cosine,current_loftr,0178,0180,5,0,5
sues,current_cosine,current_loftr,0178,0184,0,7,-7
sues,current_cosine,current_loftr,0178,0191,0,35,-35
sues,current_cosine,current_loftr,0181,0196,0,3,-3
sues,current_cosine,current_loftr,0186,0191,0,2,-2
sues,current_cosine,current_loftr,0191,0193,0,18,-18
sues,current_cosine,current_loftr,0192,0194,0,1,-1
sues,current_su,current_loftr,0001,0018,4,4,0
sues,current_su,current_loftr,0001,0092,0,20,-20
sues,current_su,current_loftr,0001,0194,0,1,-1
sues,current_su,current_loftr,0001,0195,0,2,-2
sues,current_su,current_loftr,0002,0044,0,4,-4
sues,current_su,current_loftr,0002,0100,0,1,-1
sues,current_su,current_loftr,0002,0137,0,17,-17
sues,current_su,current_loftr,0003,0136,6,0,6
sues,current_su,current_loftr,0003,0137,0,3,-3
sues,current_su,current_loftr,0003,0171,0,51,-51
sues,current_su,current_loftr,0004,0016,5,43,-38
sues,current_su,current_loftr,0004,0096,15,11,4
sues,current_su,current_loftr,0004,0123,17,12,5
sues,current_su,current_loftr,0004,0163,0,1,-1
sues,current_su,current_loftr,0005,0014,0,16,-16
sues,current_su,current_loftr,0005,0094,0,1,-1
sues,current_su,current_loftr,0005,0136,0,20,-20
sues,current_su,current_loftr,0005,0187,0,4,-4
sues,current_su,current_loftr,0006,0034,0,1,-1
sues,current_su,current_loftr,0006,0081,0,1,-1
sues,current_su,current_loftr,0006,0094,0,1,-1
sues,current_su,current_loftr,0006,0095,0,4,-4
sues,current_su,current_loftr,0006,0107,0,10,-10
sues,current_su,current_loftr,0006,0154,0,4,-4
sues,current_su,current_loftr,0007,0064,0,8,-8
sues,current_su,current_loftr,0007,0175,0,1,-1
sues,current_su,current_loftr,0008,0066,0,3,-3
sues,current_su,current_loftr,0009,0079,0,5,-5
sues,current_su,current_loftr,0010,0092,4,20,-16
sues,current_su,current_loftr,0010,0154,0,2,-2
sues,current_su,current_loftr,0011,0126,0,3,-3
sues,current_su,current_loftr,0011,0140,0,3,-3
sues,current_su,current_loftr,0013,0195,22,8,14
sues,current_su,current_loftr,0014,0094,0,1,-1
sues,current_su,current_loftr,0014,0134,4,7,-3
sues,current_su,current_loftr,0015,0108,2,0,2
sues,current_su,current_loftr,0015,0118,64,23,41
sues,current_su,current_loftr,0016,0123,8,10,-2
sues,current_su,current_loftr,0017,0055,0,4,-4
sues,current_su,current_loftr,0017,0057,0,4,-4
sues,current_su,current_loftr,0017,0147,0,2,-2
sues,current_su,current_loftr,0018,0094,4,25,-21
sues,current_su,current_loftr,0020,0027,0,4,-4
sues,current_su,current_loftr,0020,0045,0,2,-2
sues,current_su,current_loftr,0020,0137,0,1,-1
sues,current_su,current_loftr,0020,0171,1,23,-22
sues,current_su,current_loftr,0021,0024,0,2,-2
sues,current_su,current_loftr,0021,0054,0,39,-39
sues,current_su,current_loftr,0022,0045,21,0,21
sues,current_su,current_loftr,0023,0067,0,1,-1
sues,current_su,current_loftr,0023,0104,0,1,-1
sues,current_su,current_loftr,0024,0128,0,2,-2
sues,current_su,current_loftr,0025,0060,0,33,-33
sues,current_su,current_loftr,0025,0090,14,48,-34
sues,current_su,current_loftr,0025,0162,0,1,-1
sues,current_su,current_loftr,0026,0060,0,1,-1
sues,current_su,current_loftr,0026,0115,0,5,-5
sues,current_su,current_loftr,0026,0151,0,1,-1
sues,current_su,current_loftr,0026,0161,0,19,-19
sues,current_su,current_loftr,0027,0173,0,12,-12
sues,current_su,current_loftr,0028,0048,0,2,-2
sues,current_su,current_loftr,0028,0142,0,2,-2
sues,current_su,current_loftr,0028,0156,0,6,-6
sues,current_su,current_loftr,0029,0032,0,1,-1
sues,current_su,current_loftr,0029,0040,0,2,-2
sues,current_su,current_loftr,0029,0041,0,1,-1
sues,current_su,current_loftr,0029,0055,6,7,-1
sues,current_su,current_loftr,0029,0142,0,6,-6
sues,current_su,current_loftr,0029,0167,0,7,-7
sues,current_su,current_loftr,0029,0185,0,5,-5
sues,current_su,current_loftr,0030,0045,0,2,-2
sues,current_su,current_loftr,0030,0064,0,1,-1
sues,current_su,current_loftr,0030,0111,7,5,2
sues,current_su,current_loftr,0030,0163,0,1,-1
sues,current_su,current_loftr,0031,0090,0,19,-19
sues,current_su,current_loftr,0031,0136,0,8,-8
sues,current_su,current_loftr,0031,0157,0,1,-1
sues,current_su,current_loftr,0031,0162,0,45,-45
sues,current_su,current_loftr,0032,0040,0,4,-4
sues,current_su,current_loftr,0032,0113,0,4,-4
sues,current_su,current_loftr,0032,0136,0,4,-4
sues,current_su,current_loftr,0032,0145,0,3,-3
sues,current_su,current_loftr,0033,0084,0,1,-1
sues,current_su,current_loftr,0033,0087,40,78,-38
sues,current_su,current_loftr,0033,0136,0,35,-35
sues,current_su,current_loftr,0033,0171,0,13,-13
sues,current_su,current_loftr,0034,0035,0,6,-6
sues,current_su,current_loftr,0034,0060,0,10,-10
sues,current_su,current_loftr,0034,0084,0,83,-83
sues,current_su,current_loftr,0034,0088,0,21,-21
sues,current_su,current_loftr,0034,0116,0,7,-7
sues,current_su,current_loftr,0034,0120,0,1,-1
sues,current_su,current_loftr,0034,0136,1,0,1
sues,current_su,current_loftr,0034,0149,0,3,-3
sues,current_su,current_loftr,0034,0157,0,6,-6
sues,current_su,current_loftr,0034,0162,0,6,-6
sues,current_su,current_loftr,0034,0171,0,11,-11
sues,current_su,current_loftr,0035,0116,0,1,-1
sues,current_su,current_loftr,0036,0103,0,18,-18
sues,current_su,current_loftr,0036,0111,0,2,-2
sues,current_su,current_loftr,0036,0170,0,1,-1
sues,current_su,current_loftr,0037,0040,22,37,-15
sues,current_su,current_loftr,0039,0056,28,19,9
sues,current_su,current_loftr,0039,0127,0,5,-5
sues,current_su,current_loftr,0039,0136,0,27,-27
sues,current_su,current_loftr,0040,0113,0,1,-1
sues,current_su,current_loftr,0040,0142,0,2,-2
sues,current_su,current_loftr,0040,0145,0,5,-5
sues,current_su,current_loftr,0040,0157,0,19,-19
sues,current_su,current_loftr,0040,0167,2,21,-19
sues,current_su,current_loftr,0040,0185,0,1,-1
sues,current_su,current_loftr,0041,0113,0,1,-1
sues,current_su,current_loftr,0041,0129,0,7,-7
sues,current_su,current_loftr,0041,0142,0,4,-4
sues,current_su,current_loftr,0042,0157,0,4,-4
sues,current_su,current_loftr,0043,0056,0,2,-2
sues,current_su,current_loftr,0043,0065,3,15,-12
sues,current_su,current_loftr,0043,0067,0,1,-1
sues,current_su,current_loftr,0044,0100,0,18,-18
sues,current_su,current_loftr,0044,0156,0,7,-7
sues,current_su,current_loftr,0044,0188,0,1,-1
sues,current_su,current_loftr,0044,0192,0,3,-3
sues,current_su,current_loftr,0045,0129,0,2,-2
sues,current_su,current_loftr,0047,0129,0,2,-2
sues,current_su,current_loftr,0048,0169,0,19,-19
sues,current_su,current_loftr,0049,0196,0,3,-3
sues,current_su,current_loftr,0049,0200,4,4,0
sues,current_su,current_loftr,0050,0060,0,1,-1
sues,current_su,current_loftr,0050,0077,2,21,-19
sues,current_su,current_loftr,0050,0100,0,1,-1
sues,current_su,current_loftr,0050,0120,0,3,-3
sues,current_su,current_loftr,0051,0162,0,6,-6
sues,current_su,current_loftr,0052,0094,0,5,-5
sues,current_su,current_loftr,0053,0166,0,2,-2
sues,current_su,current_loftr,0053,0171,0,19,-19
sues,current_su,current_loftr,0053,0200,0,2,-2
sues,current_su,current_loftr,0054,0103,0,2,-2
sues,current_su,current_loftr,0055,0195,0,2,-2
sues,current_su,current_loftr,0056,0072,0,28,-28
sues,current_su,current_loftr,0056,0073,0,24,-24
sues,current_su,current_loftr,0056,0081,2,87,-85
sues,current_su,current_loftr,0056,0087,0,1,-1
sues,current_su,current_loftr,0056,0088,0,17,-17
sues,current_su,current_loftr,0056,0127,48,54,-6
sues,current_su,current_loftr,0056,0137,0,2,-2
sues,current_su,current_loftr,0056,0157,0,2,-2
sues,current_su,current_loftr,0056,0187,0,4,-4
sues,current_su,current_loftr,0057,0138,12,42,-30
sues,current_su,current_loftr,0060,0081,0,33,-33
sues,current_su,current_loftr,0060,0106,0,4,-4
sues,current_su,current_loftr,0060,0120,0,11,-11
sues,current_su,current_loftr,0063,0067,0,7,-7
sues,current_su,current_loftr,0063,0157,0,1,-1
sues,current_su,current_loftr,0064,0131,0,8,-8
sues,current_su,current_loftr,0064,0142,0,1,-1
sues,current_su,current_loftr,0066,0083,0,8,-8
sues,current_su,current_loftr,0066,0099,0,6,-6
sues,current_su,current_loftr,0066,0168,0,4,-4
sues,current_su,current_loftr,0066,0179,0,17,-17
sues,current_su,current_loftr,0067,0069,24,33,-9
sues,current_su,current_loftr,0067,0127,0,29,-29
sues,current_su,current_loftr,0068,0104,1,7,-6
sues,current_su,current_loftr,0069,0104,24,53,-29
sues,current_su,current_loftr,0070,0075,0,2,-2
sues,current_su,current_loftr,0070,0082,4,8,-4
sues,current_su,current_loftr,0070,0141,1,20,-19
sues,current_su,current_loftr,0070,0180,0,4,-4
sues,current_su,current_loftr,0070,0184,2,9,-7
sues,current_su,current_loftr,0070,0186,1,5,-4
sues,current_su,current_loftr,0070,0200,0,1,-1
sues,current_su,current_loftr,0073,0074,0,3,-3
sues,current_su,current_loftr,0073,0136,3,2,1
sues,current_su,current_loftr,0073,0137,0,5,-5
sues,current_su,current_loftr,0074,0080,0,5,-5
sues,current_su,current_loftr,0074,0103,0,6,-6
sues,current_su,current_loftr,0075,0184,0,4,-4
sues,current_su,current_loftr,0076,0095,0,9,-9
sues,current_su,current_loftr,0076,0154,0,3,-3
sues,current_su,current_loftr,0077,0153,19,15,4
sues,current_su,current_loftr,0079,0080,0,2,-2
sues,current_su,current_loftr,0079,0116,0,1,-1
sues,current_su,current_loftr,0079,0179,0,6,-6
sues,current_su,current_loftr,0080,0081,8,39,-31
sues,current_su,current_loftr,0080,0197,0,7,-7
sues,current_su,current_loftr,0081,0146,0,1,-1
sues,current_su,current_loftr,0081,0162,0,18,-18
sues,current_su,current_loftr,0082,0085,1,21,-20
sues,current_su,current_loftr,0082,0151,0,1,-1
sues,current_su,current_loftr,0082,0159,0,28,-28
sues,current_su,current_loftr,0082,0180,40,0,40
sues,current_su,current_loftr,0082,0186,75,36,39
sues,current_su,current_loftr,0082,0197,0,6,-6
sues,current_su,current_loftr,0083,0199,0,1,-1
sues,current_su,current_loftr,0084,0086,0,65,-65
sues,current_su,current_loftr,0084,0120,0,3,-3
sues,current_su,current_loftr,0084,0136,0,8,-8
sues,current_su,current_loftr,0084,0146,0,2,-2
sues,current_su,current_loftr,0084,0162,0,10,-10
sues,current_su,current_loftr,0085,0152,1,0,1
sues,current_su,current_loftr,0085,0161,0,1,-1
sues,current_su,current_loftr,0085,0183,0,1,-1
sues,current_su,current_loftr,0085,0186,0,4,-4
sues,current_su,current_loftr,0086,0087,0,4,-4
sues,current_su,current_loftr,0086,0146,0,5,-5
sues,current_su,current_loftr,0087,0088,0,1,-1
sues,current_su,current_loftr,0087,0136,0,1,-1
sues,current_su,current_loftr,0087,0146,0,4,-4
sues,current_su,current_loftr,0088,0152,0,52,-52
sues,current_su,current_loftr,0089,0152,0,2,-2
sues,current_su,current_loftr,0089,0167,1,0,1
sues,current_su,current_loftr,0089,0195,0,22,-22
sues,current_su,current_loftr,0090,0097,0,2,-2
sues,current_su,current_loftr,0090,0103,0,6,-6
sues,current_su,current_loftr,0090,0119,0,14,-14
sues,current_su,current_loftr,0090,0136,1,0,1
sues,current_su,current_loftr,0090,0170,0,20,-20
sues,current_su,current_loftr,0091,0099,32,0,32
sues,current_su,current_loftr,0091,0101,0,6,-6
sues,current_su,current_loftr,0091,0111,0,1,-1
sues,current_su,current_loftr,0091,0128,36,22,14
sues,current_su,current_loftr,0092,0132,0,20,-20
sues,current_su,current_loftr,0092,0134,0,4,-4
sues,current_su,current_loftr,0092,0155,88,41,47
sues,current_su,current_loftr,0092,0156,0,7,-7
sues,current_su,current_loftr,0092,0198,10,10,0
sues,current_su,current_loftr,0093,0094,1,0,1
sues,current_su,current_loftr,0096,0123,0,1,-1
sues,current_su,current_loftr,0097,0183,0,5,-5
sues,current_su,current_loftr,0097,0195,0,1,-1
sues,current_su,current_loftr,0099,0101,0,1,-1
sues,current_su,current_loftr,0099,0132,0,14,-14
sues,current_su,current_loftr,0099,0156,0,5,-5
sues,current_su,current_loftr,0099,0168,0,5,-5
sues,current_su,current_loftr,0100,0102,0,1,-1
sues,current_su,current_loftr,0100,0106,0,5,-5
sues,current_su,current_loftr,0100,0159,0,15,-15
sues,current_su,current_loftr,0101,0106,0,17,-17
sues,current_su,current_loftr,0101,0171,0,2,-2
sues,current_su,current_loftr,0102,0146,0,4,-4
sues,current_su,current_loftr,0103,0119,0,3,-3
sues,current_su,current_loftr,0104,0150,0,4,-4
sues,current_su,current_loftr,0105,0184,0,17,-17
sues,current_su,current_loftr,0106,0123,11,21,-10
sues,current_su,current_loftr,0106,0126,0,7,-7
sues,current_su,current_loftr,0106,0128,0,12,-12
sues,current_su,current_loftr,0107,0174,0,1,-1
sues,current_su,current_loftr,0107,0187,0,20,-20
sues,current_su,current_loftr,0108,0116,0,3,-3
sues,current_su,current_loftr,0109,0156,0,1,-1
sues,current_su,current_loftr,0111,0132,0,3,-3
sues,current_su,current_loftr,0111,0158,0,46,-46
sues,current_su,current_loftr,0112,0118,0,1,-1
sues,current_su,current_loftr,0113,0167,0,1,-1
sues,current_su,current_loftr,0113,0174,0,9,-9
sues,current_su,current_loftr,0113,0187,0,2,-2
sues,current_su,current_loftr,0116,0148,0,6,-6
sues,current_su,current_loftr,0116,0157,0,1,-1
sues,current_su,current_loftr,0116,0167,0,1,-1
sues,current_su,current_loftr,0116,0173,0,16,-16
sues,current_su,current_loftr,0116,0189,0,2,-2
sues,current_su,current_loftr,0118,0120,0,13,-13
sues,current_su,current_loftr,0118,0162,0,4,-4
sues,current_su,current_loftr,0125,0154,4,8,-4
sues,current_su,current_loftr,0125,0163,0,24,-24
sues,current_su,current_loftr,0126,0149,0,2,-2
sues,current_su,current_loftr,0127,0145,0,6,-6
sues,current_su,current_loftr,0129,0167,2,0,2
sues,current_su,current_loftr,0129,0173,0,2,-2
sues,current_su,current_loftr,0129,0182,0,2,-2
sues,current_su,current_loftr,0134,0154,6,5,1
sues,current_su,current_loftr,0134,0156,0,1,-1
sues,current_su,current_loftr,0136,0137,5,6,-1
sues,current_su,current_loftr,0138,0139,7,3,4
sues,current_su,current_loftr,0138,0142,0,5,-5
sues,current_su,current_loftr,0141,0178,14,20,-6
sues,current_su,current_loftr,0141,0184,15,37,-22
sues,current_su,current_loftr,0142,0184,0,11,-11
sues,current_su,current_loftr,0146,0153,0,18,-18
sues,current_su,current_loftr,0146,0161,3,21,-18
sues,current_su,current_loftr,0146,0186,0,4,-4
sues,current_su,current_loftr,0147,0151,0,5,-5
sues,current_su,current_loftr,0147,0178,1,1,0
sues,current_su,current_loftr,0147,0191,1,3,-2
sues,current_su,current_loftr,0148,0149,0,2,-2
sues,current_su,current_loftr,0148,0195,0,45,-45
sues,current_su,current_loftr,0151,0159,0,1,-1
sues,current_su,current_loftr,0151,0180,1,31,-30
sues,current_su,current_loftr,0152,0199,0,2,-2
sues,current_su,current_loftr,0155,0156,0,9,-9
sues,current_su,current_loftr,0155,0163,0,1,-1
sues,current_su,current_loftr,0157,0171,0,9,-9
sues,current_su,current_loftr,0157,0191,0,2,-2
sues,current_su,current_loftr,0159,0172,0,92,-92
sues,current_su,current_loftr,0159,0186,0,2,-2
sues,current_su,current_loftr,0165,0166,21,11,10
sues,current_su,current_loftr,0167,0182,0,17,-17
sues,current_su,current_loftr,0168,0170,0,31,-31
sues,current_su,current_loftr,0173,0174,0,2,-2
sues,current_su,current_loftr,0176,0196,0,2,-2
sues,current_su,current_loftr,0178,0180,1,0,1
sues,current_su,current_loftr,0178,0184,8,7,1
sues,current_su,current_loftr,0178,0191,15,35,-20
sues,current_su,current_loftr,0181,0196,4,3,1
sues,current_su,current_loftr,0186,0191,0,2,-2
sues,current_su,current_loftr,0191,0193,2,18,-16
sues,current_su,current_loftr,0192,0194,0,1,-1
sues,current_loftr,current_loftr_guard,0001,0018,4,0,4
sues,current_loftr,current_loftr_guard,0001,0092,20,20,0
sues,current_loftr,current_loftr_guard,0001,0194,1,0,1
sues,current_loftr,current_loftr_guard,0001,0195,2,0,2
sues,current_loftr,current_loftr_guard,0002,0044,4,0,4
sues,current_loftr,current_loftr_guard,0002,0100,1,0,1
sues,current_loftr,current_loftr_guard,0002,0137,17,19,-2
sues,current_loftr,current_loftr_guard,0003,0137,3,0,3
sues,current_loftr,current_loftr_guard,0003,0171,51,30,21
sues,current_loftr,current_loftr_guard,0004,0016,43,0,43
sues,current_loftr,current_loftr_guard,0004,0096,11,0,11
sues,current_loftr,current_loftr_guard,0004,0123,12,0,12
sues,current_loftr,current_loftr_guard,0004,0163,1,0,1
sues,current_loftr,current_loftr_guard,0005,0014,16,16,0
sues,current_loftr,current_loftr_guard,0005,0094,1,0,1
sues,current_loftr,current_loftr_guard,0005,0136,20,20,0
sues,current_loftr,current_loftr_guard,0005,0187,4,0,4
sues,current_loftr,current_loftr_guard,0006,0034,1,0,1
sues,current_loftr,current_loftr_guard,0006,0081,1,0,1
sues,current_loftr,current_loftr_guard,0006,0094,1,0,1
sues,current_loftr,current_loftr_guard,0006,0095,4,0,4
sues,current_loftr,current_loftr_guard,0006,0107,10,0,10
sues,current_loftr,current_loftr_guard,0006,0154,4,0,4
sues,current_loftr,current_loftr_guard,0007,0064,8,0,8
sues,current_loftr,current_loftr_guard,0007,0175,1,0,1
sues,current_loftr,current_loftr_guard,0008,0066,3,0,3
sues,current_loftr,current_loftr_guard,0009,0079,5,0,5
sues,current_loftr,current_loftr_guard,0010,0092,20,20,0
sues,current_loftr,current_loftr_guard,0010,0154,2,0,2
sues,current_loftr,current_loftr_guard,0011,0126,3,0,3
sues,current_loftr,current_loftr_guard,0011,0140,3,0,3
sues,current_loftr,current_loftr_guard,0013,0195,8,0,8
sues,current_loftr,current_loftr_guard,0014,0094,1,0,1
sues,current_loftr,current_loftr_guard,0014,0134,7,0,7
sues,current_loftr,current_loftr_guard,0015,0118,23,0,23
sues,current_loftr,current_loftr_guard,0016,0123,10,0,10
sues,current_loftr,current_loftr_guard,0017,0055,4,0,4
sues,current_loftr,current_loftr_guard,0017,0057,4,0,4
sues,current_loftr,current_loftr_guard,0017,0147,2,0,2
sues,current_loftr,current_loftr_guard,0018,0094,25,12,13
sues,current_loftr,current_loftr_guard,0020,0027,4,0,4
sues,current_loftr,current_loftr_guard,0020,0045,2,0,2
sues,current_loftr,current_loftr_guard,0020,0137,1,0,1
sues,current_loftr,current_loftr_guard,0020,0171,23,0,23
sues,current_loftr,current_loftr_guard,0021,0024,2,0,2
sues,current_loftr,current_loftr_guard,0021,0054,39,78,-39
sues,current_loftr,current_loftr_guard,0023,0067,1,0,1
sues,current_loftr,current_loftr_guard,0023,0104,1,0,1
sues,current_loftr,current_loftr_guard,0024,0128,2,0,2
sues,current_loftr,current_loftr_guard,0025,0060,33,33,0
sues,current_loftr,current_loftr_guard,0025,0090,48,45,3
sues,current_loftr,current_loftr_guard,0025,0162,1,0,1
sues,current_loftr,current_loftr_guard,0026,0060,1,0,1
sues,current_loftr,current_loftr_guard,0026,0115,5,0,5
sues,current_loftr,current_loftr_guard,0026,0151,1,0,1
sues,current_loftr,current_loftr_guard,0026,0161,19,0,19
sues,current_loftr,current_loftr_guard,0027,0173,12,0,12
sues,current_loftr,current_loftr_guard,0028,0048,2,0,2
sues,current_loftr,current_loftr_guard,0028,0142,2,0,2
sues,current_loftr,current_loftr_guard,0028,0156,6,0,6
sues,current_loftr,current_loftr_guard,0029,0032,1,0,1
sues,current_loftr,current_loftr_guard,0029,0040,2,0,2
sues,current_loftr,current_loftr_guard,0029,0041,1,0,1
sues,current_loftr,current_loftr_guard,0029,0055,7,0,7
sues,current_loftr,current_loftr_guard,0029,0142,6,0,6
sues,current_loftr,current_loftr_guard,0029,0167,7,0,7
sues,current_loftr,current_loftr_guard,0029,0185,5,0,5
sues,current_loftr,current_loftr_guard,0030,0045,2,0,2
sues,current_loftr,current_loftr_guard,0030,0064,1,0,1
sues,current_loftr,current_loftr_guard,0030,0111,5,0,5
sues,current_loftr,current_loftr_guard,0030,0163,1,0,1
sues,current_loftr,current_loftr_guard,0031,0090,19,17,2
sues,current_loftr,current_loftr_guard,0031,0136,8,20,-12
sues,current_loftr,current_loftr_guard,0031,0157,1,0,1
sues,current_loftr,current_loftr_guard,0031,0162,45,47,-2
sues,current_loftr,current_loftr_guard,0032,0040,4,0,4
sues,current_loftr,current_loftr_guard,0032,0113,4,0,4
sues,current_loftr,current_loftr_guard,0032,0136,4,0,4
sues,current_loftr,current_loftr_guard,0032,0145,3,0,3
sues,current_loftr,current_loftr_guard,0033,0084,1,0,1
sues,current_loftr,current_loftr_guard,0033,0087,78,103,-25
sues,current_loftr,current_loftr_guard,0033,0136,35,0,35
sues,current_loftr,current_loftr_guard,0033,0171,13,13,0
sues,current_loftr,current_loftr_guard,0034,0035,6,0,6
sues,current_loftr,current_loftr_guard,0034,0060,10,0,10
sues,current_loftr,current_loftr_guard,0034,0084,83,89,-6
sues,current_loftr,current_loftr_guard,0034,0088,21,14,7
sues,current_loftr,current_loftr_guard,0034,0116,7,0,7
sues,current_loftr,current_loftr_guard,0034,0120,1,0,1
sues,current_loftr,current_loftr_guard,0034,0149,3,0,3
sues,current_loftr,current_loftr_guard,0034,0157,6,0,6
sues,current_loftr,current_loftr_guard,0034,0162,6,0,6
sues,current_loftr,current_loftr_guard,0034,0171,11,0,11
sues,current_loftr,current_loftr_guard,0035,0116,1,0,1
sues,current_loftr,current_loftr_guard,0036,0103,18,0,18
sues,current_loftr,current_loftr_guard,0036,0111,2,0,2
sues,current_loftr,current_loftr_guard,0036,0170,1,0,1
sues,current_loftr,current_loftr_guard,0037,0040,37,46,-9
sues,current_loftr,current_loftr_guard,0039,0054,0,19,-19
sues,current_loftr,current_loftr_guard,0039,0056,19,51,-32
sues,current_loftr,current_loftr_guard,0039,0127,5,0,5
sues,current_loftr,current_loftr_guard,0039,0136,27,20,7
sues,current_loftr,current_loftr_guard,0040,0113,1,0,1
sues,current_loftr,current_loftr_guard,0040,0142,2,0,2
sues,current_loftr,current_loftr_guard,0040,0145,5,0,5
sues,current_loftr,current_loftr_guard,0040,0157,19,19,0
sues,current_loftr,current_loftr_guard,0040,0167,21,0,21
sues,current_loftr,current_loftr_guard,0040,0185,1,0,1
sues,current_loftr,current_loftr_guard,0041,0113,1,0,1
sues,current_loftr,current_loftr_guard,0041,0129,7,0,7
sues,current_loftr,current_loftr_guard,0041,0142,4,0,4
sues,current_loftr,current_loftr_guard,0042,0157,4,0,4
sues,current_loftr,current_loftr_guard,0043,0056,2,0,2
sues,current_loftr,current_loftr_guard,0043,0065,15,24,-9
sues,current_loftr,current_loftr_guard,0043,0067,1,0,1
sues,current_loftr,current_loftr_guard,0044,0100,18,0,18
sues,current_loftr,current_loftr_guard,0044,0156,7,0,7
sues,current_loftr,current_loftr_guard,0044,0188,1,0,1
sues,current_loftr,current_loftr_guard,0044,0192,3,0,3
sues,current_loftr,current_loftr_guard,0045,0129,2,0,2
sues,current_loftr,current_loftr_guard,0047,0129,2,0,2
sues,current_loftr,current_loftr_guard,0048,0169,19,0,19
sues,current_loftr,current_loftr_guard,0049,0196,3,0,3
sues,current_loftr,current_loftr_guard,0049,0200,4,0,4
sues,current_loftr,current_loftr_guard,0050,0060,1,0,1
sues,current_loftr,current_loftr_guard,0050,0077,21,40,-19
sues,current_loftr,current_loftr_guard,0050,0100,1,0,1
sues,current_loftr,current_loftr_guard,0050,0120,3,0,3
sues,current_loftr,current_loftr_guard,0051,0162,6,0,6
sues,current_loftr,current_loftr_guard,0052,0094,5,0,5
sues,current_loftr,current_loftr_guard,0053,0166,2,0,2
sues,current_loftr,current_loftr_guard,0053,0171,19,0,19
sues,current_loftr,current_loftr_guard,0053,0200,2,0,2
sues,current_loftr,current_loftr_guard,0054,0103,2,0,2
sues,current_loftr,current_loftr_guard,0055,0195,2,0,2
sues,current_loftr,current_loftr_guard,0056,0072,28,0,28
sues,current_loftr,current_loftr_guard,0056,0073,24,0,24
sues,current_loftr,current_loftr_guard,0056,0081,87,88,-1
sues,current_loftr,current_loftr_guard,0056,0087,1,0,1
sues,current_loftr,current_loftr_guard,0056,0088,17,47,-30
sues,current_loftr,current_loftr_guard,0056,0127,54,15,39
sues,current_loftr,current_loftr_guard,0056,0137,2,0,2
sues,current_loftr,current_loftr_guard,0056,0157,2,0,2
sues,current_loftr,current_loftr_guard,0056,0187,4,0,4
sues,current_loftr,current_loftr_guard,0057,0138,42,0,42
sues,current_loftr,current_loftr_guard,0060,0081,33,0,33
sues,current_loftr,current_loftr_guard,0060,0106,4,0,4
sues,current_loftr,current_loftr_guard,0060,0120,11,11,0
sues,current_loftr,current_loftr_guard,0063,0067,7,0,7
sues,current_loftr,current_loftr_guard,0063,0157,1,0,1
sues,current_loftr,current_loftr_guard,0064,0131,8,0,8
sues,current_loftr,current_loftr_guard,0064,0142,1,0,1
sues,current_loftr,current_loftr_guard,0066,0083,8,0,8
sues,current_loftr,current_loftr_guard,0066,0099,6,0,6
sues,current_loftr,current_loftr_guard,0066,0168,4,0,4
sues,current_loftr,current_loftr_guard,0066,0179,17,17,0
sues,current_loftr,current_loftr_guard,0067,0069,33,15,18
sues,current_loftr,current_loftr_guard,0067,0127,29,0,29
sues,current_loftr,current_loftr_guard,0068,0104,7,1,6
sues,current_loftr,current_loftr_guard,0069,0104,53,30,23
sues,current_loftr,current_loftr_guard,0070,0075,2,0,2
sues,current_loftr,current_loftr_guard,0070,0082,8,0,8
sues,current_loftr,current_loftr_guard,0070,0141,20,0,20
sues,current_loftr,current_loftr_guard,0070,0180,4,0,4
sues,current_loftr,current_loftr_guard,0070,0184,9,0,9
sues,current_loftr,current_loftr_guard,0070,0186,5,0,5
sues,current_loftr,current_loftr_guard,0070,0200,1,0,1
sues,current_loftr,current_loftr_guard,0073,0074,3,0,3
sues,current_loftr,current_loftr_guard,0073,0136,2,0,2
sues,current_loftr,current_loftr_guard,0073,0137,5,0,5
sues,current_loftr,current_loftr_guard,0074,0080,5,0,5
sues,current_loftr,current_loftr_guard,0074,0103,6,0,6
sues,current_loftr,current_loftr_guard,0075,0184,4,0,4
sues,current_loftr,current_loftr_guard,0076,0091,0,14,-14
sues,current_loftr,current_loftr_guard,0076,0095,9,20,-11
sues,current_loftr,current_loftr_guard,0076,0154,3,0,3
sues,current_loftr,current_loftr_guard,0077,0153,15,15,0
sues,current_loftr,current_loftr_guard,0079,0080,2,0,2
sues,current_loftr,current_loftr_guard,0079,0116,1,0,1
sues,current_loftr,current_loftr_guard,0079,0179,6,0,6
sues,current_loftr,current_loftr_guard,0080,0081,39,32,7
sues,current_loftr,current_loftr_guard,0080,0197,7,0,7
sues,current_loftr,current_loftr_guard,0081,0146,1,0,1
sues,current_loftr,current_loftr_guard,0081,0162,18,15,3
sues,current_loftr,current_loftr_guard,0082,0085,21,0,21
sues,current_loftr,current_loftr_guard,0082,0151,1,0,1
sues,current_loftr,current_loftr_guard,0082,0159,28,0,28
sues,current_loftr,current_loftr_guard,0082,0186,36,26,10
sues,current_loftr,current_loftr_guard,0082,0197,6,0,6
sues,current_loftr,current_loftr_guard,0083,0199,1,0,1
sues,current_loftr,current_loftr_guard,0084,0086,65,0,65
sues,current_loftr,current_loftr_guard,0084,0120,3,0,3
sues,current_loftr,current_loftr_guard,0084,0136,8,0,8
sues,current_loftr,current_loftr_guard,0084,0146,2,0,2
sues,current_loftr,current_loftr_guard,0084,0162,10,0,10
sues,current_loftr,current_loftr_guard,0085,0161,1,0,1
sues,current_loftr,current_loftr_guard,0085,0180,0,2,-2
sues,current_loftr,current_loftr_guard,0085,0183,1,0,1
sues,current_loftr,current_loftr_guard,0085,0186,4,0,4
sues,current_loftr,current_loftr_guard,0086,0087,4,0,4
sues,current_loftr,current_loftr_guard,0086,0146,5,11,-6
sues,current_loftr,current_loftr_guard,0087,0088,1,0,1
sues,current_loftr,current_loftr_guard,0087,0136,1,0,1
sues,current_loftr,current_loftr_guard,0087,0146,4,0,4
sues,current_loftr,current_loftr_guard,0088,0152,52,52,0
sues,current_loftr,current_loftr_guard,0089,0152,2,0,2
sues,current_loftr,current_loftr_guard,0089,0195,22,20,2
sues,current_loftr,current_loftr_guard,0090,0097,2,0,2
sues,current_loftr,current_loftr_guard,0090,0103,6,0,6
sues,current_loftr,current_loftr_guard,0090,0119,14,16,-2
sues,current_loftr,current_loftr_guard,0090,0170,20,20,0
sues,current_loftr,current_loftr_guard,0091,0099,0,5,-5
sues,current_loftr,current_loftr_guard,0091,0101,6,0,6
sues,current_loftr,current_loftr_guard,0091,0111,1,0,1
sues,current_loftr,current_loftr_guard,0091,0128,22,16,6
sues,current_loftr,current_loftr_guard,0092,0132,20,20,0
sues,current_loftr,current_loftr_guard,0092,0134,4,0,4
sues,current_loftr,current_loftr_guard,0092,0155,41,40,1
sues,current_loftr,current_loftr_guard,0092,0156,7,0,7
sues,current_loftr,current_loftr_guard,0092,0198,10,0,10
sues,current_loftr,current_loftr_guard,0096,0123,1,0,1
sues,current_loftr,current_loftr_guard,0097,0183,5,0,5
sues,current_loftr,current_loftr_guard,0097,0195,1,0,1
sues,current_loftr,current_loftr_guard,0099,0101,1,0,1
sues,current_loftr,current_loftr_guard,0099,0132,14,14,0
sues,current_loftr,current_loftr_guard,0099,0156,5,0,5
sues,current_loftr,current_loftr_guard,0099,0159,0,14,-14
sues,current_loftr,current_loftr_guard,0099,0168,5,0,5
sues,current_loftr,current_loftr_guard,0100,0102,1,0,1
sues,current_loftr,current_loftr_guard,0100,0106,5,0,5
sues,current_loftr,current_loftr_guard,0100,0159,15,15,0
sues,current_loftr,current_loftr_guard,0101,0106,17,0,17
sues,current_loftr,current_loftr_guard,0101,0171,2,0,2
sues,current_loftr,current_loftr_guard,0102,0146,4,0,4
sues,current_loftr,current_loftr_guard,0103,0119,3,0,3
sues,current_loftr,current_loftr_guard,0104,0150,4,0,4
sues,current_loftr,current_loftr_guard,0105,0184,17,0,17
sues,current_loftr,current_loftr_guard,0106,0123,21,0,21
sues,current_loftr,current_loftr_guard,0106,0126,7,0,7
sues,current_loftr,current_loftr_guard,0106,0128,12,0,12
sues,current_loftr,current_loftr_guard,0107,0174,1,0,1
sues,current_loftr,current_loftr_guard,0107,0187,20,20,0
sues,current_loftr,current_loftr_guard,0108,0116,3,0,3
sues,current_loftr,current_loftr_guard,0109,0156,1,0,1
sues,current_loftr,current_loftr_guard,0111,0132,3,0,3
sues,current_loftr,current_loftr_guard,0111,0158,46,40,6
sues,current_loftr,current_loftr_guard,0112,0118,1,0,1
sues,current_loftr,current_loftr_guard,0113,0167,1,0,1
sues,current_loftr,current_loftr_guard,0113,0174,9,0,9
sues,current_loftr,current_loftr_guard,0113,0187,2,0,2
sues,current_loftr,current_loftr_guard,0116,0148,6,0,6
sues,current_loftr,current_loftr_guard,0116,0157,1,0,1
sues,current_loftr,current_loftr_guard,0116,0167,1,0,1
sues,current_loftr,current_loftr_guard,0116,0173,16,0,16
sues,current_loftr,current_loftr_guard,0116,0189,2,0,2
sues,current_loftr,current_loftr_guard,0118,0120,13,0,13
sues,current_loftr,current_loftr_guard,0118,0162,4,0,4
sues,current_loftr,current_loftr_guard,0120,0146,0,2,-2
sues,current_loftr,current_loftr_guard,0125,0154,8,0,8
sues,current_loftr,current_loftr_guard,0125,0163,24,0,24
sues,current_loftr,current_loftr_guard,0126,0149,2,0,2
sues,current_loftr,current_loftr_guard,0127,0145,6,0,6
sues,current_loftr,current_loftr_guard,0129,0173,2,0,2
sues,current_loftr,current_loftr_guard,0129,0182,2,0,2
sues,current_loftr,current_loftr_guard,0134,0154,5,0,5
sues,current_loftr,current_loftr_guard,0134,0156,1,0,1
sues,current_loftr,current_loftr_guard,0136,0137,6,0,6
sues,current_loftr,current_loftr_guard,0138,0139,3,25,-22
sues,current_loftr,current_loftr_guard,0138,0142,5,0,5
sues,current_loftr,current_loftr_guard,0141,0178,20,0,20
sues,current_loftr,current_loftr_guard,0141,0184,37,0,37
sues,current_loftr,current_loftr_guard,0142,0184,11,0,11
sues,current_loftr,current_loftr_guard,0146,0153,18,0,18
sues,current_loftr,current_loftr_guard,0146,0161,21,0,21
sues,current_loftr,current_loftr_guard,0146,0186,4,0,4
sues,current_loftr,current_loftr_guard,0147,0151,5,0,5
sues,current_loftr,current_loftr_guard,0147,0178,1,0,1
sues,current_loftr,current_loftr_guard,0147,0191,3,0,3
sues,current_loftr,current_loftr_guard,0148,0149,2,0,2
sues,current_loftr,current_loftr_guard,0148,0195,45,40,5
sues,current_loftr,current_loftr_guard,0151,0159,1,0,1
sues,current_loftr,current_loftr_guard,0151,0180,31,37,-6
sues,current_loftr,current_loftr_guard,0152,0199,2,0,2
sues,current_loftr,current_loftr_guard,0155,0156,9,0,9
sues,current_loftr,current_loftr_guard,0155,0163,1,0,1
sues,current_loftr,current_loftr_guard,0156,0169,0,13,-13
sues,current_loftr,current_loftr_guard,0157,0171,9,0,9
sues,current_loftr,current_loftr_guard,0157,0191,2,0,2
sues,current_loftr,current_loftr_guard,0159,0172,92,100,-8
sues,current_loftr,current_loftr_guard,0159,0186,2,0,2
sues,current_loftr,current_loftr_guard,0165,0166,11,0,11
sues,current_loftr,current_loftr_guard,0167,0182,17,17,0
sues,current_loftr,current_loftr_guard,0168,0170,31,0,31
sues,current_loftr,current_loftr_guard,0173,0174,2,0,2
sues,current_loftr,current_loftr_guard,0176,0196,2,0,2
sues,current_loftr,current_loftr_guard,0178,0184,7,0,7
sues,current_loftr,current_loftr_guard,0178,0191,35,20,15
sues,current_loftr,current_loftr_guard,0181,0196,3,0,3
sues,current_loftr,current_loftr_guard,0186,0191,2,0,2
sues,current_loftr,current_loftr_guard,0191,0193,18,0,18
sues,current_loftr,current_loftr_guard,0192,0194,1,0,1
