dataset,arm,fraction,regime,base,test,jointly_feasible,mean_error_reduction,minimum_reduction,maximum_reduction,positive_masks,negative_masks,zero_masks
university,target,0.25,budget10,current_su,current_loftr,20,-2.8,-7,1,2,18,0
university,target,0.25,budget10,current_cosine,current_loftr,20,-1.75,-5,1,3,14,3
university,target,0.25,budget10,current_su_guard,current_loftr_guard,20,-0.1,-1,1,6,8,6
university,target,0.25,budget10,current_cosine_guard,current_loftr_guard,20,0.8,0,1,16,0,4
university,target,0.25,budget10,current_loftr,current_loftr_guard,20,3.3,0,8,17,0,3
university,target,0.25,budget25,current_su,current_loftr,20,-2.2,-6,2,4,13,3
university,target,0.25,budget25,current_cosine,current_loftr,20,-3.7,-8,1,1,18,1
university,target,0.25,budget25,current_su_guard,current_loftr_guard,20,3.25,1,5,20,0,0
university,target,0.25,budget25,current_cosine_guard,current_loftr_guard,20,2.0,0,3,19,0,1
university,target,0.25,budget25,current_loftr,current_loftr_guard,20,7.1,3,12,20,0,0
university,target,0.25,budget50,current_su,current_loftr,20,-13.1,-21,-1,0,20,0
university,target,0.25,budget50,current_cosine,current_loftr,20,-7.9,-17,4,1,19,0
university,target,0.25,budget50,current_su_guard,current_loftr_guard,20,-2.1,-5,2,1,14,5
university,target,0.25,budget50,current_cosine_guard,current_loftr_guard,20,3.55,1,6,20,0,0
university,target,0.25,budget50,current_loftr,current_loftr_guard,20,19.25,11,26,20,0,0
university,control,0.25,budget10,current_su,current_loftr,20,-1.1,-2,-1,0,20,0
university,control,0.25,budget10,current_cosine,current_loftr,20,0.0,0,0,0,0,20
university,control,0.25,budget10,current_su_guard,current_loftr_guard,20,-1.1,-2,-1,0,20,0
university,control,0.25,budget10,current_cosine_guard,current_loftr_guard,20,0.0,0,0,0,0,20
university,control,0.25,budget10,current_loftr,current_loftr_guard,20,0.0,0,0,0,0,20
university,control,0.25,budget25,current_su,current_loftr,20,3.3,3,4,20,0,0
university,control,0.25,budget25,current_cosine,current_loftr,20,1.0,1,1,20,0,0
university,control,0.25,budget25,current_su_guard,current_loftr_guard,20,3.3,3,4,20,0,0
university,control,0.25,budget25,current_cosine_guard,current_loftr_guard,20,1.0,1,1,20,0,0
university,control,0.25,budget25,current_loftr,current_loftr_guard,20,0.0,0,0,0,0,20
university,control,0.25,budget50,current_su,current_loftr,20,3.9,3,4,20,0,0
university,control,0.25,budget50,current_cosine,current_loftr,20,7.3,7,8,20,0,0
university,control,0.25,budget50,current_su_guard,current_loftr_guard,20,3.9,3,4,20,0,0
university,control,0.25,budget50,current_cosine_guard,current_loftr_guard,20,6.6,6,8,20,0,0
university,control,0.25,budget50,current_loftr,current_loftr_guard,20,0.0,0,0,0,0,20
university,target,0.5,budget10,current_su,current_loftr,20,-4.85,-8,-1,0,20,0
university,target,0.5,budget10,current_cosine,current_loftr,20,-4.95,-9,1,1,19,0
university,target,0.5,budget10,current_su_guard,current_loftr_guard,20,0.7,-1,2,14,2,4
university,target,0.5,budget10,current_cosine_guard,current_loftr_guard,20,0.55,0,1,11,0,9
university,target,0.5,budget10,current_loftr,current_loftr_guard,20,7.15,4,14,20,0,0
university,target,0.5,budget25,current_su,current_loftr,20,-10.75,-18,-4,0,20,0
university,target,0.5,budget25,current_cosine,current_loftr,20,-9.85,-19,0,0,19,1
university,target,0.5,budget25,current_su_guard,current_loftr_guard,20,3.45,0,8,19,0,1
university,target,0.5,budget25,current_cosine_guard,current_loftr_guard,20,5.05,2,7,20,0,0
university,target,0.5,budget25,current_loftr,current_loftr_guard,20,19.0,14,31,20,0,0
university,target,0.5,budget50,current_su,current_loftr,20,-40.7,-52,-28,0,20,0
university,target,0.5,budget50,current_cosine,current_loftr,20,-41.75,-49,-30,0,20,0
university,target,0.5,budget50,current_su_guard,current_loftr_guard,19,-2.3157894736842106,-6,1,1,17,1
university,target,0.5,budget50,current_cosine_guard,current_loftr_guard,19,-2.4210526315789473,-6,0,0,17,2
university,target,0.5,budget50,current_loftr,current_loftr_guard,19,68.42105263157895,61,82,19,0,0
sues,target,0.25,budget10,current_su,current_loftr,20,0.95,-1,5,6,2,12
sues,target,0.25,budget10,current_cosine,current_loftr,20,0.25,-1,1,6,1,13
sues,target,0.25,budget10,current_su_guard,current_loftr_guard,20,0.15,0,2,2,0,18
sues,target,0.25,budget10,current_cosine_guard,current_loftr_guard,20,0.4,0,1,8,0,12
sues,target,0.25,budget10,current_loftr,current_loftr_guard,20,0.15,0,1,3,0,17
sues,target,0.25,budget25,current_su,current_loftr,20,-14.85,-26,5,1,19,0
sues,target,0.25,budget25,current_cosine,current_loftr,20,-6.65,-22,7,4,15,1
sues,target,0.25,budget25,current_su_guard,current_loftr_guard,20,-8.9,-14,-3,0,20,0
sues,target,0.25,budget25,current_cosine_guard,current_loftr_guard,20,0.7,-10,8,13,7,0
sues,target,0.25,budget25,current_loftr,current_loftr_guard,20,8.7,-1,17,18,1,1
sues,target,0.25,budget50,current_su,current_loftr,20,-114.75,-132,-91,0,20,0
sues,target,0.25,budget50,current_cosine,current_loftr,20,-65.6,-97,-35,0,20,0
sues,target,0.25,budget50,current_su_guard,current_loftr_guard,20,-62.05,-71,-53,0,20,0
sues,target,0.25,budget50,current_cosine_guard,current_loftr_guard,20,-22.8,-36,-11,0,20,0
sues,target,0.25,budget50,current_loftr,current_loftr_guard,20,71.85,57,85,20,0,0
sues,control,0.25,budget10,current_su,current_loftr,20,0.0,0,0,0,0,20
sues,control,0.25,budget10,current_cosine,current_loftr,20,0.0,0,0,0,0,20
sues,control,0.25,budget10,current_su_guard,current_loftr_guard,20,0.0,0,0,0,0,20
sues,control,0.25,budget10,current_cosine_guard,current_loftr_guard,20,0.0,0,0,0,0,20
sues,control,0.25,budget10,current_loftr,current_loftr_guard,20,0.0,0,0,0,0,20
sues,control,0.25,budget25,current_su,current_loftr,20,0.7,0,2,7,0,13
sues,control,0.25,budget25,current_cosine,current_loftr,20,8.0,8,8,20,0,0
sues,control,0.25,budget25,current_su_guard,current_loftr_guard,20,0.7,0,2,7,0,13
sues,control,0.25,budget25,current_cosine_guard,current_loftr_guard,20,8.0,8,8,20,0,0
sues,control,0.25,budget25,current_loftr,current_loftr_guard,20,0.0,0,0,0,0,20
sues,control,0.25,budget50,current_su,current_loftr,20,-52.0,-55,-49,0,20,0
sues,control,0.25,budget50,current_cosine,current_loftr,20,-18.7,-25,-12,0,20,0
sues,control,0.25,budget50,current_su_guard,current_loftr_guard,20,-50.0,-53,-47,0,20,0
sues,control,0.25,budget50,current_cosine_guard,current_loftr_guard,20,-18.15,-25,-12,0,20,0
sues,control,0.25,budget50,current_loftr,current_loftr_guard,20,1.95,-1,4,16,2,2
sues,target,0.5,budget10,current_su,current_loftr,20,1.5,-4,7,13,5,2
sues,target,0.5,budget10,current_cosine,current_loftr,20,0.9,-5,6,9,5,6
sues,target,0.5,budget10,current_su_guard,current_loftr_guard,20,1.85,0,4,19,0,1
sues,target,0.5,budget10,current_cosine_guard,current_loftr_guard,20,2.4,0,6,15,0,5
sues,target,0.5,budget10,current_loftr,current_loftr_guard,20,1.5,0,6,9,0,11
sues,target,0.5,budget25,current_su,current_loftr,20,-60.05,-81,-44,0,20,0
sues,target,0.5,budget25,current_cosine,current_loftr,20,-46.65,-80,-22,0,20,0
sues,target,0.5,budget25,current_su_guard,current_loftr_guard,20,-30.75,-39,-23,0,20,0
sues,target,0.5,budget25,current_cosine_guard,current_loftr_guard,20,-15.15,-31,-1,0,20,0
sues,target,0.5,budget25,current_loftr,current_loftr_guard,20,43.5,27,58,20,0,0
sues,target,0.5,budget50,current_su,current_loftr,20,-114.6,-148,-91,0,20,0
sues,target,0.5,budget50,current_cosine,current_loftr,20,-78.25,-109,-49,0,20,0
sues,target,0.5,budget50,current_su_guard,current_loftr_guard,17,-10.0,-26,-1,0,17,0
sues,target,0.5,budget50,current_cosine_guard,current_loftr_guard,17,-4.0588235294117645,-10,0,0,15,2
sues,target,0.5,budget50,current_loftr,current_loftr_guard,17,155.76470588235293,135,175,17,0,0
