dataset,arm,fraction,scope,answer_fraction,policy,feasible_masks,mean_errors,mean_min_errors,mean_max_errors,mean_expected_errors,mean_boundary_ties,mean_take_from_tie
sues,control,0.25,150,0.1,aps_exact_both,20,3.3,1.7,4.3,3.926019439966636,31.25,27.7
sues,control,0.25,150,0.1,aps_exact_guard,20,3.3,1.7,4.3,3.926019439966636,31.25,27.7
sues,control,0.25,150,0.1,aps_exact_none,20,3.3,1.7,4.3,3.926019439966636,31.25,27.7
sues,control,0.25,150,0.1,aps_exact_nonempty,20,3.3,1.7,4.3,3.926019439966636,31.25,27.7
sues,control,0.25,150,0.1,aps_grid_both,20,3.3,1.35,4.3,3.9054966465572263,38.55,35.0
sues,control,0.25,150,0.1,aps_grid_guard,20,3.3,1.35,4.3,3.9054966465572263,38.55,35.0
sues,control,0.25,150,0.1,aps_grid_none,20,3.3,1.35,4.3,3.9054966465572263,38.55,35.0
sues,control,0.25,150,0.1,aps_grid_nonempty,20,3.3,1.35,4.3,3.9054966465572263,38.55,35.0
sues,control,0.25,150,0.1,distance_exact_both,20,2.65,2.6,2.85,2.7384920634920635,6.1,3.95
sues,control,0.25,150,0.1,distance_exact_guard,20,2.65,2.6,2.85,2.7279365079365077,6.1,3.6
sues,control,0.25,150,0.1,distance_exact_none,20,4.4,4.2,5.25,4.684642857142857,6.7,3.0
sues,control,0.25,150,0.1,distance_exact_nonempty,20,4.55,4.35,5.25,4.729642857142857,6.85,3.05
sues,control,0.25,150,0.1,distance_grid_both,20,2.55,2.2,2.95,2.7285416666666666,13.85,10.75
sues,control,0.25,150,0.1,distance_grid_guard,20,2.55,2.2,2.95,2.720803571428571,13.85,10.4
sues,control,0.25,150,0.1,distance_grid_none,20,4.05,1.95,5.3,4.2005266388238525,17.25,11.05
sues,control,0.25,150,0.1,distance_grid_nonempty,20,3.7,1.65,4.15,3.5186206938915916,16.4,11.7
sues,control,0.25,150,0.1,distance_top1_guard,20,1.0,1.0,1.0,1.0,1.0,1.0
sues,control,0.25,150,0.1,distance_top1_none,20,1.0,1.0,1.0,1.0,1.0,1.0
sues,control,0.25,150,0.1,su_guard,20,0.0,0.0,0.0,0.0,1.0,1.0
sues,control,0.25,150,0.1,su_none,20,0.0,0.0,0.0,0.0,1.0,1.0
sues,control,0.25,150,0.25,aps_exact_both,20,10.5,10.5,13.0,11.485625,13.85,5.75
sues,control,0.25,150,0.25,aps_exact_guard,20,10.5,10.5,13.0,11.485625,13.85,5.75
sues,control,0.25,150,0.25,aps_exact_none,20,11.85,11.8,14.45,12.558966503267973,14.45,4.85
sues,control,0.25,150,0.25,aps_exact_nonempty,20,11.85,11.8,14.45,12.558966503267973,14.45,4.85
sues,control,0.25,150,0.25,aps_grid_both,20,10.5,10.5,13.8,11.230839822024471,32.0,11.6
sues,control,0.25,150,0.25,aps_grid_guard,20,10.5,10.5,13.8,11.230839822024471,32.0,11.6
sues,control,0.25,150,0.25,aps_grid_none,20,11.9,11.8,15.25,12.477776759530792,34.5,12.75
sues,control,0.25,150,0.25,aps_grid_nonempty,20,11.9,11.8,15.25,12.477776759530792,34.5,12.75
sues,control,0.25,150,0.25,distance_exact_both,20,11.25,11.25,11.55,11.343253968253968,5.6,2.45
sues,control,0.25,150,0.25,distance_exact_guard,20,11.45,11.45,11.65,11.517857142857142,5.05,2.9
sues,control,0.25,150,0.25,distance_exact_none,20,15.2,14.7,15.55,15.115,4.05,2.5
sues,control,0.25,150,0.25,distance_exact_nonempty,20,15.15,14.7,15.45,15.068333333333333,4.3,2.45
sues,control,0.25,150,0.25,distance_grid_both,20,11.5,10.85,12.35,11.35299424839866,13.35,5.5
sues,control,0.25,150,0.25,distance_grid_guard,20,11.65,10.9,12.35,11.44497986082545,13.3,7.1
sues,control,0.25,150,0.25,distance_grid_none,20,15.1,13.0,16.6,14.699970654345654,13.6,6.65
sues,control,0.25,150,0.25,distance_grid_nonempty,20,13.75,11.3,14.95,13.215392879179642,13.8,7.55
sues,control,0.25,150,0.25,distance_top1_guard,20,5.3,5.3,5.3,5.3,1.0,1.0
sues,control,0.25,150,0.25,distance_top1_none,20,5.3,5.3,5.3,5.3,1.0,1.0
sues,control,0.25,150,0.25,su_guard,20,0.0,0.0,0.0,0.0,1.0,1.0
sues,control,0.25,150,0.25,su_none,20,0.0,0.0,0.0,0.0,1.0,1.0
sues,control,0.25,150,0.5,aps_exact_both,20,31.1,28.55,31.35,30.4541985068072,23.1,17.75
sues,control,0.25,150,0.5,aps_exact_guard,20,31.1,28.55,31.35,30.4541985068072,23.1,17.75
sues,control,0.25,150,0.5,aps_exact_none,20,34.6,29.85,36.7,33.188936950328255,25.35,12.25
sues,control,0.25,150,0.5,aps_exact_nonempty,20,34.6,29.85,36.7,33.188936950328255,25.35,12.25
sues,control,0.25,150,0.5,aps_grid_both,20,35.3,20.65,37.25,31.601432876788596,73.3,48.45
sues,control,0.25,150,0.5,aps_grid_guard,20,35.3,20.65,37.25,31.601432876788596,73.3,48.45
sues,control,0.25,150,0.5,aps_grid_none,20,39.7,23.55,43.25,34.58597574335734,79.85,44.75
sues,control,0.25,150,0.5,aps_grid_nonempty,20,39.7,23.55,43.25,34.58597574335734,79.85,44.75
sues,control,0.25,150,0.5,distance_exact_both,20,28.5,28.2,28.55,28.33477564102564,4.5,2.9
sues,control,0.25,150,0.5,distance_exact_guard,20,28.55,28.15,28.65,28.387692307692305,5.9,4.0
sues,control,0.25,150,0.5,distance_exact_none,20,34.95,34.5,35.2,34.79,4.55,2.35
sues,control,0.25,150,0.5,distance_exact_nonempty,20,34.85,34.4,35.05,34.735,4.05,2.35
sues,control,0.25,150,0.5,distance_grid_both,20,28.8,27.55,29.0,28.13720581619962,9.75,2.85
sues,control,0.25,150,0.5,distance_grid_guard,20,29.1,27.9,29.25,28.681208765434768,9.2,5.95
sues,control,0.25,150,0.5,distance_grid_none,20,34.85,33.7,35.4,34.52519917582418,8.5,5.35
sues,control,0.25,150,0.5,distance_grid_nonempty,20,32.45,31.6,33.1,32.19785714285714,8.65,4.3
sues,control,0.25,150,0.5,distance_top1_guard,20,22.35,22.35,22.35,22.35,1.0,1.0
sues,control,0.25,150,0.5,distance_top1_none,20,22.9,22.9,22.9,22.9,1.0,1.0
sues,control,0.25,150,0.5,su_guard,20,4.9,4.9,4.9,4.9,1.0,1.0
sues,control,0.25,150,0.5,su_none,20,4.85,4.85,4.85,4.85,1.0,1.0
sues,control,0.25,200,0.1,aps_exact_both,20,0.6,0.0,9.6,2.473079665207919,68.45,17.65
sues,control,0.25,200,0.1,aps_exact_guard,20,0.6,0.0,9.6,2.473079665207919,68.45,17.65
sues,control,0.25,200,0.1,aps_exact_none,20,1.3,0.0,10.3,2.628255520577499,69.15,17.65
sues,control,0.25,200,0.1,aps_exact_nonempty,20,1.3,0.0,10.3,2.628255520577499,69.15,17.65
sues,control,0.25,200,0.1,aps_grid_both,20,1.6,0.0,9.6,3.9123659527965153,85.8,35.0
sues,control,0.25,200,0.1,aps_grid_guard,20,1.6,0.0,9.6,3.9123659527965153,85.8,35.0
sues,control,0.25,200,0.1,aps_grid_none,20,2.3,0.0,10.3,4.16671678695536,86.5,35.0
sues,control,0.25,200,0.1,aps_grid_nonempty,20,2.3,0.0,10.3,4.16671678695536,86.5,35.0
sues,control,0.25,200,0.1,distance_exact_both,20,0.0,0.0,0.05,0.02,8.35,4.75
sues,control,0.25,200,0.1,distance_exact_guard,20,0.0,0.0,0.05,0.02,8.35,4.75
sues,control,0.25,200,0.1,distance_exact_none,20,0.0,0.0,0.0,0.0,8.45,4.25
sues,control,0.25,200,0.1,distance_exact_nonempty,20,0.0,0.0,0.0,0.0,8.45,4.25
sues,control,0.25,200,0.1,distance_grid_both,20,0.05,0.0,0.35,0.04073343323343323,11.85,4.6
sues,control,0.25,200,0.1,distance_grid_guard,20,0.0,0.0,0.2,0.05159774436090225,11.15,5.5
sues,control,0.25,200,0.1,distance_grid_none,20,0.0,0.0,0.0,0.0,10.65,5.5
sues,control,0.25,200,0.1,distance_grid_nonempty,20,0.0,0.0,0.1,0.007670454545454545,11.05,5.55
sues,control,0.25,200,0.1,distance_top1_guard,20,0.0,0.0,0.0,0.0,1.0,1.0
sues,control,0.25,200,0.1,distance_top1_none,20,0.0,0.0,0.0,0.0,1.0,1.0
sues,control,0.25,200,0.1,su_guard,20,0.0,0.0,0.0,0.0,1.0,1.0
sues,control,0.25,200,0.1,su_none,20,0.0,0.0,0.0,0.0,1.0,1.0
sues,control,0.25,200,0.25,aps_exact_both,20,9.6,9.6,12.2,9.891571166223088,33.15,3.2
sues,control,0.25,200,0.25,aps_exact_guard,20,9.6,9.6,12.2,9.891571166223088,33.15,3.2
sues,control,0.25,200,0.25,aps_exact_none,20,10.3,10.3,12.8,10.527778381880612,33.15,2.5
sues,control,0.25,200,0.25,aps_exact_nonempty,20,10.3,10.3,12.8,10.527778381880612,33.15,2.5
sues,control,0.25,200,0.25,aps_grid_both,20,9.8,9.6,12.8,10.0280216360233,58.2,3.2
sues,control,0.25,200,0.25,aps_grid_guard,20,9.8,9.6,12.8,10.0280216360233,58.2,3.2
sues,control,0.25,200,0.25,aps_grid_none,20,10.45,10.3,12.8,10.634012508999461,58.2,2.5
sues,control,0.25,200,0.25,aps_grid_nonempty,20,10.45,10.3,12.8,10.634012508999461,58.2,2.5
sues,control,0.25,200,0.25,distance_exact_both,20,3.35,3.2,3.5,3.3826785714285714,5.45,3.75
sues,control,0.25,200,0.25,distance_exact_guard,20,3.9,3.75,4.05,3.9101785714285713,5.6,3.4
sues,control,0.25,200,0.25,distance_exact_none,20,5.95,5.95,6.3,6.0789285714285715,4.6,2.9
sues,control,0.25,200,0.25,distance_exact_nonempty,20,5.45,5.45,5.75,5.553928571428571,4.6,2.45
sues,control,0.25,200,0.25,distance_grid_both,20,1.65,1.55,2.1,1.7730158730158732,7.8,4.5
sues,control,0.25,200,0.25,distance_grid_guard,20,3.9,3.65,4.15,3.919166666666667,8.9,5.2
sues,control,0.25,200,0.25,distance_grid_none,20,6.2,5.5,6.5,6.217610294117646,13.15,9.85
sues,control,0.25,200,0.25,distance_grid_nonempty,20,2.5,2.25,2.7,2.48875,8.5,4.95
sues,control,0.25,200,0.25,distance_top1_guard,20,2.0,2.0,2.0,2.0,1.0,1.0
sues,control,0.25,200,0.25,distance_top1_none,20,2.0,2.0,2.0,2.0,1.0,1.0
sues,control,0.25,200,0.25,su_guard,20,0.0,0.0,0.0,0.0,1.0,1.0
sues,control,0.25,200,0.25,su_none,20,0.0,0.0,0.0,0.0,1.0,1.0
sues,control,0.25,200,0.5,aps_exact_both,20,24.4,23.4,24.55,24.037662337662336,9.35,5.7
sues,control,0.25,200,0.5,aps_exact_guard,20,24.4,23.4,24.55,24.037662337662336,9.35,5.7
sues,control,0.25,200,0.5,aps_exact_none,20,25.65,24.1,25.65,24.97001567398119,10.45,6.5
sues,control,0.25,200,0.5,aps_exact_nonempty,20,25.65,24.1,25.65,24.97001567398119,10.45,6.5
sues,control,0.25,200,0.5,aps_grid_both,20,25.45,18.05,25.8,23.78625316249305,44.75,34.0
sues,control,0.25,200,0.5,aps_grid_guard,20,25.45,18.05,25.8,23.78625316249305,44.75,34.0
sues,control,0.25,200,0.5,aps_grid_none,20,26.5,18.1,27.2,24.57319282367777,46.95,33.3
sues,control,0.25,200,0.5,aps_grid_nonempty,20,26.5,18.1,27.2,24.57319282367777,46.95,33.3
sues,control,0.25,200,0.5,distance_exact_both,20,12.3,12.15,12.35,12.231904761904762,10.35,7.4
sues,control,0.25,200,0.5,distance_exact_guard,20,12.8,12.7,12.9,12.764761904761905,10.85,7.45
sues,control,0.25,200,0.5,distance_exact_none,20,15.3,15.3,15.3,15.3,12.55,5.7
sues,control,0.25,200,0.5,distance_exact_nonempty,20,14.75,14.75,14.75,14.75,12.05,5.7
sues,control,0.25,200,0.5,distance_grid_both,20,9.65,9.4,9.8,9.55938492063492,12.9,9.25
sues,control,0.25,200,0.5,distance_grid_guard,20,12.75,12.7,12.9,12.752142857142857,14.15,8.7
sues,control,0.25,200,0.5,distance_grid_none,20,15.3,15.3,15.3,15.3,15.4,6.3
sues,control,0.25,200,0.5,distance_grid_nonempty,20,10.4,10.25,10.4,10.324285714285715,14.5,10.2
sues,control,0.25,200,0.5,distance_top1_guard,20,12.3,12.3,12.3,12.3,1.0,1.0
sues,control,0.25,200,0.5,distance_top1_none,20,12.3,12.3,12.3,12.3,1.0,1.0
sues,control,0.25,200,0.5,su_guard,20,1.0,1.0,1.0,1.0,1.0,1.0
sues,control,0.25,200,0.5,su_none,20,1.0,1.0,1.0,1.0,1.0,1.0
sues,control,0.25,250,0.1,aps_exact_both,20,3.45,3.0,5.0,4.102828282828282,10.05,5.55
sues,control,0.25,250,0.1,aps_exact_guard,20,3.45,3.0,5.0,4.102828282828282,10.05,5.55
sues,control,0.25,250,0.1,aps_exact_none,20,3.45,3.0,5.0,4.102828282828282,10.05,5.55
sues,control,0.25,250,0.1,aps_exact_nonempty,20,3.45,3.0,5.0,4.102828282828282,10.05,5.55
sues,control,0.25,250,0.1,aps_grid_both,20,2.4,0.0,9.6,2.7534873157020714,121.95,35.0
sues,control,0.25,250,0.1,aps_grid_guard,20,2.4,0.0,9.6,2.7534873157020714,121.95,35.0
sues,control,0.25,250,0.1,aps_grid_none,20,2.4,0.0,9.6,2.7534873157020714,121.95,35.0
sues,control,0.25,250,0.1,aps_grid_nonempty,20,2.4,0.0,9.6,2.7534873157020714,121.95,35.0
sues,control,0.25,250,0.1,distance_exact_both,20,0.35,0.35,0.35,0.35,3.7,1.6
sues,control,0.25,250,0.1,distance_exact_guard,20,0.35,0.35,0.35,0.35,3.7,1.6
sues,control,0.25,250,0.1,distance_exact_none,20,0.35,0.35,0.35,0.35,5.4,4.0
sues,control,0.25,250,0.1,distance_exact_nonempty,20,0.35,0.35,0.35,0.35,5.4,4.0
sues,control,0.25,250,0.1,distance_grid_both,20,0.35,0.35,0.35,0.35,12.95,3.6
sues,control,0.25,250,0.1,distance_grid_guard,20,0.35,0.35,0.35,0.35,12.95,3.6
sues,control,0.25,250,0.1,distance_grid_none,20,0.35,0.35,0.35,0.35,9.4,5.35
sues,control,0.25,250,0.1,distance_grid_nonempty,20,0.35,0.35,0.35,0.35,9.4,5.35
sues,control,0.25,250,0.1,distance_top1_guard,20,0.0,0.0,0.0,0.0,1.0,1.0
sues,control,0.25,250,0.1,distance_top1_none,20,0.0,0.0,0.0,0.0,1.0,1.0
sues,control,0.25,250,0.1,su_guard,20,0.0,0.0,0.0,0.0,1.0,1.0
sues,control,0.25,250,0.1,su_none,20,0.0,0.0,0.0,0.0,1.0,1.0
sues,control,0.25,250,0.25,aps_exact_both,20,8.6,5.0,9.6,7.754618069479872,82.45,49.5
sues,control,0.25,250,0.25,aps_exact_guard,20,8.6,5.0,9.6,7.754618069479872,82.45,49.5
sues,control,0.25,250,0.25,aps_exact_none,20,8.6,5.0,9.6,7.754618069479872,82.45,49.5
sues,control,0.25,250,0.25,aps_exact_nonempty,20,8.6,5.0,9.6,7.754618069479872,82.45,49.5
sues,control,0.25,250,0.25,aps_grid_both,20,7.6,0.0,9.6,7.001724888499552,121.95,89.0
sues,control,0.25,250,0.25,aps_grid_guard,20,7.6,0.0,9.6,7.001724888499552,121.95,89.0
sues,control,0.25,250,0.25,aps_grid_none,20,7.6,0.0,9.6,7.001724888499552,121.95,89.0
sues,control,0.25,250,0.25,aps_grid_nonempty,20,7.6,0.0,9.6,7.001724888499552,121.95,89.0
sues,control,0.25,250,0.25,distance_exact_both,20,5.2,5.0,5.35,5.178571428571429,4.25,3.35
sues,control,0.25,250,0.25,distance_exact_guard,20,5.2,5.0,5.35,5.178571428571429,4.25,3.35
sues,control,0.25,250,0.25,distance_exact_none,20,4.95,4.4,5.55,4.954464285714286,4.9,2.95
sues,control,0.25,250,0.25,distance_exact_nonempty,20,4.95,4.4,5.55,4.954464285714286,4.9,2.95
sues,control,0.25,250,0.25,distance_grid_both,20,4.75,3.9,5.4,4.7633080808080805,9.05,5.8
sues,control,0.25,250,0.25,distance_grid_guard,20,4.75,3.9,5.4,4.754217171717172,9.15,5.8
sues,control,0.25,250,0.25,distance_grid_none,20,4.45,3.6,5.55,4.49090909090909,10.9,6.0
sues,control,0.25,250,0.25,distance_grid_nonempty,20,4.45,3.6,5.55,4.4965909090909095,10.8,6.0
sues,control,0.25,250,0.25,distance_top1_guard,20,3.0,3.0,3.0,3.0,1.0,1.0
sues,control,0.25,250,0.25,distance_top1_none,20,3.0,3.0,3.0,3.0,1.0,1.0
sues,control,0.25,250,0.25,su_guard,20,0.0,0.0,0.0,0.0,1.0,1.0
sues,control,0.25,250,0.25,su_none,20,0.0,0.0,0.0,0.0,1.0,1.0
sues,control,0.25,250,0.5,aps_exact_both,20,13.05,12.6,13.05,13.018783079335321,23.9,15.4
sues,control,0.25,250,0.5,aps_exact_guard,20,13.05,12.6,13.05,13.018783079335321,23.9,15.4
sues,control,0.25,250,0.5,aps_exact_none,20,13.05,12.4,13.05,13.001947968597904,26.1,17.55
sues,control,0.25,250,0.5,aps_exact_nonempty,20,13.05,12.4,13.05,13.001947968597904,26.1,17.55
sues,control,0.25,250,0.5,aps_grid_both,20,14.05,9.6,14.05,13.010811906591139,72.9,56.05
sues,control,0.25,250,0.5,aps_grid_guard,20,14.05,9.6,14.05,13.010811906591139,72.9,56.05
sues,control,0.25,250,0.5,aps_grid_none,20,14.05,9.6,14.05,12.97770415278292,73.65,56.05
sues,control,0.25,250,0.5,aps_grid_nonempty,20,14.05,9.6,14.05,12.97770415278292,73.65,56.05
sues,control,0.25,250,0.5,distance_exact_both,20,9.8,9.8,9.95,9.852500000000001,4.3,2.9
sues,control,0.25,250,0.5,distance_exact_guard,20,10.8,10.8,10.85,10.809999999999999,5.35,3.25
sues,control,0.25,250,0.5,distance_exact_none,20,11.45,11.45,11.45,11.45,5.5,2.85
sues,control,0.25,250,0.5,distance_exact_nonempty,20,10.45,10.45,10.45,10.45,5.65,3.5
sues,control,0.25,250,0.5,distance_grid_both,20,9.8,9.8,9.95,9.861805555555556,7.35,4.4
sues,control,0.25,250,0.5,distance_grid_guard,20,10.8,10.8,10.9,10.833333333333332,7.25,3.7
sues,control,0.25,250,0.5,distance_grid_none,20,11.45,11.45,11.5,11.455,9.9,6.5
sues,control,0.25,250,0.5,distance_grid_nonempty,20,10.45,10.45,10.55,10.474090909090908,9.15,5.9
sues,control,0.25,250,0.5,distance_top1_guard,20,7.0,7.0,7.0,7.0,1.0,1.0
sues,control,0.25,250,0.5,distance_top1_none,20,7.0,7.0,7.0,7.0,1.0,1.0
sues,control,0.25,250,0.5,su_guard,20,0.35,0.35,0.35,0.35,1.0,1.0
sues,control,0.25,250,0.5,su_none,20,0.35,0.35,0.35,0.35,1.0,1.0
sues,control,0.25,300,0.1,aps_exact_both,20,1.0,0.0,1.0,0.8895833333333334,39.35,35.0
sues,control,0.25,300,0.1,aps_exact_guard,20,1.0,0.0,1.0,0.8895833333333334,39.35,35.0
sues,control,0.25,300,0.1,aps_exact_none,20,1.0,0.0,1.0,0.8895833333333334,39.35,35.0
sues,control,0.25,300,0.1,aps_exact_nonempty,20,1.0,0.0,1.0,0.8895833333333334,39.35,35.0
sues,control,0.25,300,0.1,aps_grid_both,20,0.6,0.0,8.6,1.8911212932319212,159.1,35.0
sues,control,0.25,300,0.1,aps_grid_guard,20,0.6,0.0,8.6,1.8911212932319212,159.1,35.0
sues,control,0.25,300,0.1,aps_grid_none,20,0.6,0.0,8.6,1.8911212932319212,159.1,35.0
sues,control,0.25,300,0.1,aps_grid_nonempty,20,0.6,0.0,8.6,1.8911212932319212,159.1,35.0
sues,control,0.25,300,0.1,distance_exact_both,20,0.65,0.65,0.65,0.65,3.8,2.3
sues,control,0.25,300,0.1,distance_exact_guard,20,0.65,0.65,0.65,0.65,3.8,2.3
sues,control,0.25,300,0.1,distance_exact_none,20,1.65,1.65,1.65,1.65,4.25,2.0
sues,control,0.25,300,0.1,distance_exact_nonempty,20,1.0,1.0,1.0,1.0,4.55,2.65
sues,control,0.25,300,0.1,distance_grid_both,20,0.65,0.65,0.65,0.65,8.55,2.95
sues,control,0.25,300,0.1,distance_grid_guard,20,0.65,0.65,0.65,0.65,8.55,2.95
sues,control,0.25,300,0.1,distance_grid_none,20,1.65,1.65,1.65,1.65,8.75,4.0
sues,control,0.25,300,0.1,distance_grid_nonempty,20,0.95,0.95,0.95,0.95,8.75,5.0
sues,control,0.25,300,0.1,distance_top1_guard,20,0.0,0.0,0.0,0.0,1.0,1.0
sues,control,0.25,300,0.1,distance_top1_none,20,0.0,0.0,0.0,0.0,1.0,1.0
sues,control,0.25,300,0.1,su_guard,20,0.0,0.0,0.0,0.0,1.0,1.0
sues,control,0.25,300,0.1,su_none,20,0.0,0.0,0.0,0.0,1.0,1.0
sues,control,0.25,300,0.25,aps_exact_both,20,5.6,4.0,8.6,5.505454730705802,104.3,34.2
sues,control,0.25,300,0.25,aps_exact_guard,20,5.6,4.0,8.6,5.505454730705802,104.3,34.2
sues,control,0.25,300,0.25,aps_exact_none,20,5.6,4.0,8.6,5.505454730705802,104.3,34.2
sues,control,0.25,300,0.25,aps_exact_nonempty,20,5.6,4.0,8.6,5.505454730705802,104.3,34.2
sues,control,0.25,300,0.25,aps_grid_both,20,7.6,0.0,8.6,4.808851288504028,159.1,89.0
sues,control,0.25,300,0.25,aps_grid_guard,20,7.6,0.0,8.6,4.808851288504028,159.1,89.0
sues,control,0.25,300,0.25,aps_grid_none,20,7.6,0.0,8.6,4.808851288504028,159.1,89.0
sues,control,0.25,300,0.25,aps_grid_nonempty,20,7.6,0.0,8.6,4.808851288504028,159.1,89.0
sues,control,0.25,300,0.25,distance_exact_both,20,2.7,2.7,2.7,2.7,8.75,3.9
sues,control,0.25,300,0.25,distance_exact_guard,20,2.7,2.7,2.7,2.7,8.75,3.9
sues,control,0.25,300,0.25,distance_exact_none,20,3.7,3.7,3.7,3.7,6.25,3.4
sues,control,0.25,300,0.25,distance_exact_nonempty,20,3.05,3.05,3.05,3.05,5.65,3.35
sues,control,0.25,300,0.25,distance_grid_both,20,1.7,1.7,1.7,1.7,27.9,7.05
sues,control,0.25,300,0.25,distance_grid_guard,20,2.7,2.7,2.7,2.7,27.9,6.05
sues,control,0.25,300,0.25,distance_grid_none,20,3.7,3.7,3.7,3.7,22.95,3.75
sues,control,0.25,300,0.25,distance_grid_nonempty,20,2.0,2.0,2.0,2.0,26.85,4.25
sues,control,0.25,300,0.25,distance_top1_guard,20,1.0,1.0,1.0,1.0,1.0,1.0
sues,control,0.25,300,0.25,distance_top1_none,20,1.0,1.0,1.0,1.0,1.0,1.0
sues,control,0.25,300,0.25,su_guard,20,0.0,0.0,0.0,0.0,1.0,1.0
sues,control,0.25,300,0.25,su_none,20,0.0,0.0,0.0,0.0,1.0,1.0
sues,control,0.25,300,0.5,aps_exact_both,20,9.3,8.6,13.3,10.057615004350401,60.9,18.9
sues,control,0.25,300,0.5,aps_exact_guard,20,9.3,8.6,13.3,10.057615004350401,60.9,18.9
sues,control,0.25,300,0.5,aps_exact_none,20,9.3,8.6,13.3,10.057615004350401,60.9,18.9
sues,control,0.25,300,0.5,aps_exact_nonempty,20,9.3,8.6,13.3,10.057615004350401,60.9,18.9
sues,control,0.25,300,0.5,aps_grid_both,20,9.3,8.6,13.4,9.80292895369731,75.2,18.9
sues,control,0.25,300,0.5,aps_grid_guard,20,9.3,8.6,13.4,9.80292895369731,75.2,18.9
sues,control,0.25,300,0.5,aps_grid_none,20,10.0,8.6,14.1,9.970086243886188,75.9,18.9
sues,control,0.25,300,0.5,aps_grid_nonempty,20,10.0,8.6,14.1,9.970086243886188,75.9,18.9
sues,control,0.25,300,0.5,distance_exact_both,20,6.75,6.7,7.45,6.981338383838384,7.9,3.3
sues,control,0.25,300,0.5,distance_exact_guard,20,6.8,6.7,7.6,7.048156565656565,8.05,3.3
sues,control,0.25,300,0.5,distance_exact_none,20,8.45,7.8,8.65,8.25969696969697,5.3,3.25
sues,control,0.25,300,0.5,distance_exact_nonempty,20,7.8,7.45,8.0,7.720454545454546,5.3,2.8
sues,control,0.25,300,0.5,distance_grid_both,20,5.9,5.7,6.65,6.131592851592851,10.9,5.35
sues,control,0.25,300,0.5,distance_grid_guard,20,6.85,6.65,7.65,7.1123717948717955,11.25,6.05
sues,control,0.25,300,0.5,distance_grid_none,20,8.5,7.25,8.8,8.23016317016317,11.9,7.8
sues,control,0.25,300,0.5,distance_grid_nonempty,20,6.75,6.2,7.1,6.733275058275058,11.65,8.0
sues,control,0.25,300,0.5,distance_top1_guard,20,4.0,4.0,4.0,4.0,1.0,1.0
sues,control,0.25,300,0.5,distance_top1_none,20,4.0,4.0,4.0,4.0,1.0,1.0
sues,control,0.25,300,0.5,su_guard,20,0.7,0.7,0.7,0.7,1.0,1.0
sues,control,0.25,300,0.5,su_none,20,0.7,0.7,0.7,0.7,1.0,1.0
sues,control,0.25,pooled,0.1,aps_exact_both,20,10.0,10.0,30.8,11.77703741631964,286.45,23.05
sues,control,0.25,pooled,0.1,aps_exact_guard,20,10.0,10.0,30.8,11.77703741631964,286.45,23.05
sues,control,0.25,pooled,0.1,aps_exact_none,20,10.0,10.0,31.45,11.82991229963498,287.15,23.05
sues,control,0.25,pooled,0.1,aps_exact_nonempty,20,10.0,10.0,31.45,11.82991229963498,287.15,23.05
sues,control,0.25,pooled,0.1,aps_grid_both,20,7.1,0.0,32.1,11.235499850316618,405.4,142.0
sues,control,0.25,pooled,0.1,aps_grid_guard,20,7.1,0.0,32.1,11.235499850316618,405.4,142.0
sues,control,0.25,pooled,0.1,aps_grid_none,20,7.8,0.0,32.8,11.463719527527086,406.1,142.0
sues,control,0.25,pooled,0.1,aps_grid_nonempty,20,7.8,0.0,32.8,11.463719527527086,406.1,142.0
sues,control,0.25,pooled,0.1,distance_exact_both,20,5.3,5.2,5.5,5.324317534317535,23.1,15.0
sues,control,0.25,pooled,0.1,distance_exact_guard,20,5.25,5.15,5.65,5.439701730210629,22.8,14.8
sues,control,0.25,pooled,0.1,distance_exact_none,20,9.7,8.9,10.35,9.76061521348507,20.85,9.95
sues,control,0.25,pooled,0.1,distance_exact_nonempty,20,9.0,8.2,9.55,9.106497504526716,21.1,8.35
sues,control,0.25,pooled,0.1,distance_grid_both,20,5.35,5.2,5.85,5.307141575927735,35.2,14.65
sues,control,0.25,pooled,0.1,distance_grid_guard,20,5.3,5.15,6.2,5.48413163632413,34.65,16.55
sues,control,0.25,pooled,0.1,distance_grid_none,20,9.4,8.4,10.55,9.547026999468383,32.2,12.05
sues,control,0.25,pooled,0.1,distance_grid_nonempty,20,6.9,6.6,7.8,7.029796448348145,33.0,13.2
sues,control,0.25,pooled,0.1,distance_top1_guard,20,0.0,0.0,0.0,0.0,1.0,1.0
sues,control,0.25,pooled,0.1,distance_top1_none,20,0.0,0.0,0.0,0.0,1.0,1.0
sues,control,0.25,pooled,0.1,su_guard,20,0.0,0.0,0.0,0.0,1.0,1.0
sues,control,0.25,pooled,0.1,su_none,20,0.0,0.0,0.0,0.0,1.0,1.0
sues,control,0.25,pooled,0.25,aps_exact_both,20,26.5,10.0,32.1,28.33596531915208,286.45,238.05
sues,control,0.25,pooled,0.25,aps_exact_guard,20,26.5,10.0,32.1,28.33596531915208,286.45,238.05
sues,control,0.25,pooled,0.25,aps_exact_none,20,27.15,10.0,32.8,28.881112427616017,287.15,238.05
sues,control,0.25,pooled,0.25,aps_exact_nonempty,20,27.15,10.0,32.8,28.881112427616017,287.15,238.05
sues,control,0.25,pooled,0.25,aps_grid_both,20,26.8,0.0,32.1,28.24699610255657,405.4,357.0
sues,control,0.25,pooled,0.25,aps_grid_guard,20,26.8,0.0,32.1,28.24699610255657,405.4,357.0
sues,control,0.25,pooled,0.25,aps_grid_none,20,27.4,0.0,32.8,28.820759657233594,406.1,357.0
sues,control,0.25,pooled,0.25,aps_grid_nonempty,20,27.4,0.0,32.8,28.820759657233594,406.1,357.0
sues,control,0.25,pooled,0.25,distance_exact_both,20,25.3,23.65,25.75,24.886858103757415,17.45,11.35
sues,control,0.25,pooled,0.25,distance_exact_guard,20,26.0,24.3,26.45,25.52335071869397,18.9,12.4
sues,control,0.25,pooled,0.25,distance_exact_none,20,32.25,31.0,34.05,32.73888846660586,20.4,11.3
sues,control,0.25,pooled,0.25,distance_exact_nonempty,20,31.65,29.85,33.0,31.670681702355616,21.5,12.05
sues,control,0.25,pooled,0.25,distance_grid_both,20,23.05,20.2,24.15,22.509721415768247,28.3,16.55
sues,control,0.25,pooled,0.25,distance_grid_guard,20,25.95,23.45,27.45,25.376633688741954,30.8,15.0
sues,control,0.25,pooled,0.25,distance_grid_none,20,32.75,30.05,34.4,32.854396892381196,47.3,33.6
sues,control,0.25,pooled,0.25,distance_grid_nonempty,20,26.05,23.95,27.9,25.85623898676697,38.6,19.45
sues,control,0.25,pooled,0.25,distance_top1_guard,20,8.0,8.0,8.0,8.0,1.0,1.0
sues,control,0.25,pooled,0.25,distance_top1_none,20,8.0,8.0,8.0,8.0,1.0,1.0
sues,control,0.25,pooled,0.25,su_guard,20,0.7,0.7,0.7,0.7,1.0,1.0
sues,control,0.25,pooled,0.25,su_none,20,0.7,0.7,0.7,0.7,1.0,1.0
sues,control,0.25,pooled,0.5,aps_exact_both,20,64.4,55.35,66.4,62.89186151852467,81.8,56.5
sues,control,0.25,pooled,0.5,aps_exact_guard,20,64.4,55.35,66.4,62.89186151852467,81.8,56.5
sues,control,0.25,pooled,0.5,aps_exact_none,20,68.4,58.15,71.7,66.42026759849526,86.6,52.95
sues,control,0.25,pooled,0.5,aps_exact_nonempty,20,68.4,58.15,71.7,66.42026759849526,86.6,52.95
sues,control,0.25,pooled,0.5,aps_grid_both,20,62.0,55.35,73.8,62.699930811332386,139.85,56.5
sues,control,0.25,pooled,0.5,aps_grid_guard,20,62.0,55.35,73.8,62.699930811332386,139.85,56.5
sues,control,0.25,pooled,0.5,aps_grid_none,20,65.75,58.15,80.4,66.14476610126977,146.85,52.95
sues,control,0.25,pooled,0.5,aps_grid_nonempty,20,65.75,58.15,80.4,66.14476610126977,146.85,52.95
sues,control,0.25,pooled,0.5,distance_exact_both,20,63.4,61.85,64.1,62.87893756622884,24.45,12.05
sues,control,0.25,pooled,0.5,distance_exact_guard,20,64.95,63.1,65.65,64.35082705157657,22.05,10.1
sues,control,0.25,pooled,0.5,distance_exact_none,20,76.25,72.5,76.4,75.02363458211764,35.5,23.9
sues,control,0.25,pooled,0.5,distance_exact_nonempty,20,74.1,70.65,74.4,73.03883122412776,36.15,25.25
sues,control,0.25,pooled,0.5,distance_grid_both,20,59.35,57.4,60.75,58.65020722483571,36.3,15.3
sues,control,0.25,pooled,0.5,distance_grid_guard,20,65.0,61.7,65.7,64.14522071520796,43.4,28.05
sues,control,0.25,pooled,0.5,distance_grid_none,20,79.1,72.2,80.1,75.93459007244334,57.05,30.2
sues,control,0.25,pooled,0.5,distance_grid_nonempty,20,68.9,61.25,69.15,66.63807352730998,54.25,37.4
sues,control,0.25,pooled,0.5,distance_top1_guard,20,35.8,35.8,35.8,35.8,1.0,1.0
sues,control,0.25,pooled,0.5,distance_top1_none,20,37.2,37.2,37.2,37.2,1.0,1.0
sues,control,0.25,pooled,0.5,su_guard,20,3.95,3.95,3.95,3.95,1.0,1.0
sues,control,0.25,pooled,0.5,su_none,20,3.9,3.9,3.9,3.9,1.0,1.0
sues,target,0.25,150,0.1,aps_exact_both,20,3.7,2.65,5.35,3.7932837570647466,25.95,13.6
sues,target,0.25,150,0.1,aps_exact_guard,20,3.7,2.65,5.35,3.7932837570647466,25.95,13.6
sues,target,0.25,150,0.1,aps_exact_none,20,4.8,3.25,6.45,4.854800896746078,29.35,16.0
sues,target,0.25,150,0.1,aps_exact_nonempty,20,4.8,3.25,6.45,4.854800896746078,29.35,16.0
sues,target,0.25,150,0.1,aps_grid_both,20,3.7,2.55,6.0,3.8748101796577843,34.15,15.25
sues,target,0.25,150,0.1,aps_grid_guard,20,3.7,2.55,6.0,3.8748101796577843,34.15,15.25
sues,target,0.25,150,0.1,aps_grid_none,20,4.75,3.15,6.6,4.988297375251403,38.55,17.9
sues,target,0.25,150,0.1,aps_grid_nonempty,20,4.75,3.15,6.6,4.988297375251403,38.55,17.9
sues,target,0.25,150,0.1,distance_exact_both,20,5.45,5.2,6.5,5.817321428571429,5.15,2.75
sues,target,0.25,150,0.1,distance_exact_guard,20,5.45,5.2,6.5,5.842222222222222,4.9,2.65
sues,target,0.25,150,0.1,distance_exact_none,20,14.3,13.55,14.95,14.287182539682538,6.2,3.55
sues,target,0.25,150,0.1,distance_exact_nonempty,20,13.25,12.6,14.05,13.298809523809524,6.4,3.5
sues,target,0.25,150,0.1,distance_grid_both,20,5.35,5.1,6.85,5.907559523809524,7.35,3.5
sues,target,0.25,150,0.1,distance_grid_guard,20,5.5,5.15,6.85,5.96390873015873,7.7,3.2
sues,target,0.25,150,0.1,distance_grid_none,20,14.45,13.4,15.75,14.531217408322672,17.75,12.85
sues,target,0.25,150,0.1,distance_grid_nonempty,20,11.25,10.25,12.55,11.572468675115733,11.15,6.6
sues,target,0.25,150,0.1,distance_top1_guard,20,2.45,2.45,2.45,2.45,1.0,1.0
sues,target,0.25,150,0.1,distance_top1_none,20,2.7,2.7,2.7,2.7,1.0,1.0
sues,target,0.25,150,0.1,su_guard,20,0.0,0.0,0.0,0.0,1.0,1.0
sues,target,0.25,150,0.1,su_none,20,0.0,0.0,0.0,0.0,1.0,1.0
sues,target,0.25,150,0.25,aps_exact_both,20,17.55,16.65,17.9,17.31853896103896,7.05,3.6
sues,target,0.25,150,0.25,aps_exact_guard,20,17.55,16.65,17.9,17.31853896103896,7.05,3.6
sues,target,0.25,150,0.25,aps_exact_none,20,22.1,21.0,22.6,21.947902675025354,11.55,9.1
sues,target,0.25,150,0.25,aps_exact_nonempty,20,22.1,21.0,22.6,21.947902675025354,11.55,9.1
sues,target,0.25,150,0.25,aps_grid_both,20,18.2,15.5,19.6,17.87798985476683,21.9,14.05
sues,target,0.25,150,0.25,aps_grid_guard,20,18.2,15.5,19.6,17.87798985476683,21.9,14.05
sues,target,0.25,150,0.25,aps_grid_none,20,22.4,18.3,26.35,22.65888016692808,28.55,17.15
sues,target,0.25,150,0.25,aps_grid_nonempty,20,22.4,18.3,26.35,22.65888016692808,28.55,17.15
sues,target,0.25,150,0.25,distance_exact_both,20,19.65,19.45,20.25,19.842142857142857,4.35,2.85
sues,target,0.25,150,0.25,distance_exact_guard,20,20.1,19.9,20.85,20.353749999999998,4.8,2.5
sues,target,0.25,150,0.25,distance_exact_none,20,41.05,40.95,41.8,41.326190476190476,4.7,2.85
sues,target,0.25,150,0.25,distance_exact_nonempty,20,38.75,38.4,39.4,38.90172619047619,4.75,2.9
sues,target,0.25,150,0.25,distance_grid_both,20,19.3,18.85,20.4,19.648536414565825,8.75,4.25
sues,target,0.25,150,0.25,distance_grid_guard,20,19.95,19.45,20.9,20.154014355742298,8.2,3.7
sues,target,0.25,150,0.25,distance_grid_none,20,40.45,38.8,42.7,40.80469168902992,13.3,6.5
sues,target,0.25,150,0.25,distance_grid_nonempty,20,35.9,34.5,38.0,36.092954165932106,14.8,7.05
sues,target,0.25,150,0.25,distance_top1_guard,20,9.5,9.5,9.5,9.5,1.0,1.0
sues,target,0.25,150,0.25,distance_top1_none,20,12.05,12.05,12.05,12.05,1.0,1.0
sues,target,0.25,150,0.25,su_guard,20,1.55,1.55,1.55,1.55,1.0,1.0
sues,target,0.25,150,0.25,su_none,20,2.9,2.9,2.9,2.9,1.0,1.0
sues,target,0.25,150,0.5,aps_exact_both,20,45.0,42.8,46.7,44.62444735293049,17.95,9.95
sues,target,0.25,150,0.5,aps_exact_guard,20,45.0,42.8,46.7,44.62444735293049,17.95,9.95
sues,target,0.25,150,0.5,aps_exact_none,20,55.65,52.25,58.2,55.232428647869426,24.0,8.15
sues,target,0.25,150,0.5,aps_exact_nonempty,20,55.65,52.25,58.2,55.232428647869426,24.0,8.15
sues,target,0.25,150,0.5,aps_grid_both,20,46.65,41.5,48.05,45.00326987721418,41.1,27.15
sues,target,0.25,150,0.5,aps_grid_guard,20,46.65,41.5,48.05,45.00326987721418,41.1,27.15
sues,target,0.25,150,0.5,aps_grid_none,20,59.6,46.6,63.5,57.2622559605367,78.9,62.0
sues,target,0.25,150,0.5,aps_grid_nonempty,20,59.6,46.6,63.5,57.2622559605367,78.9,62.0
sues,target,0.25,150,0.5,distance_exact_both,20,46.85,46.35,47.45,46.758404373404375,8.7,2.75
sues,target,0.25,150,0.5,distance_exact_guard,20,48.1,47.35,48.45,47.96612720612721,6.15,4.0
sues,target,0.25,150,0.5,distance_exact_none,20,81.35,81.1,82.2,81.64827380952381,4.65,2.8
sues,target,0.25,150,0.5,distance_exact_nonempty,20,79.2,78.3,79.45,78.87142857142857,5.85,2.5
sues,target,0.25,150,0.5,distance_grid_both,20,46.55,45.6,47.85,46.54405358530359,10.4,4.9
sues,target,0.25,150,0.5,distance_grid_guard,20,48.3,47.25,48.75,48.10854603729604,9.55,6.9
sues,target,0.25,150,0.5,distance_grid_none,20,81.15,80.7,83.05,81.84771520962697,10.5,5.3
sues,target,0.25,150,0.5,distance_grid_nonempty,20,76.2,74.95,76.95,75.98622908137614,8.85,4.5
sues,target,0.25,150,0.5,distance_top1_guard,20,37.7,37.7,37.7,37.7,1.0,1.0
sues,target,0.25,150,0.5,distance_top1_none,20,46.95,46.95,46.95,46.95,1.0,1.0
sues,target,0.25,150,0.5,su_guard,20,21.15,21.15,21.15,21.15,1.0,1.0
sues,target,0.25,150,0.5,su_none,20,27.2,27.2,27.2,27.2,1.0,1.0
sues,target,0.25,200,0.1,aps_exact_both,20,3.15,0.0,7.05,3.416799208385549,46.6,22.45
sues,target,0.25,200,0.1,aps_exact_guard,20,3.15,0.0,7.05,3.416799208385549,46.6,22.45
sues,target,0.25,200,0.1,aps_exact_none,20,3.55,0.0,8.55,3.9729800376237554,48.6,22.45
sues,target,0.25,200,0.1,aps_exact_nonempty,20,3.55,0.0,8.55,3.9729800376237554,48.6,22.45
sues,target,0.25,200,0.1,aps_grid_both,20,5.15,0.0,7.05,4.186334709109673,59.15,35.0
sues,target,0.25,200,0.1,aps_grid_guard,20,5.15,0.0,7.05,4.186334709109673,59.15,35.0
sues,target,0.25,200,0.1,aps_grid_none,20,5.9,0.0,8.55,4.910764104384346,61.15,35.0
sues,target,0.25,200,0.1,aps_grid_nonempty,20,5.9,0.0,8.55,4.910764104384346,61.15,35.0
sues,target,0.25,200,0.1,distance_exact_both,20,2.55,2.2,2.75,2.470714285714286,7.15,3.85
sues,target,0.25,200,0.1,distance_exact_guard,20,3.65,3.15,3.9,3.5375,7.6,4.3
sues,target,0.25,200,0.1,distance_exact_none,20,14.55,13.95,15.35,14.634137667887668,7.1,3.65
sues,target,0.25,200,0.1,distance_exact_nonempty,20,13.1,12.75,13.9,13.360010683760683,6.55,3.7
sues,target,0.25,200,0.1,distance_grid_both,20,1.7,1.35,2.45,1.7805304527344,14.3,5.95
sues,target,0.25,200,0.1,distance_grid_guard,20,3.5,2.85,4.45,3.6327404978062874,13.35,6.4
sues,target,0.25,200,0.1,distance_grid_none,20,14.2,13.45,15.4,14.432431734931734,10.45,5.5
sues,target,0.25,200,0.1,distance_grid_nonempty,20,11.85,10.5,13.2,11.959734658616238,10.85,4.75
sues,target,0.25,200,0.1,distance_top1_guard,20,0.0,0.0,0.0,0.0,1.0,1.0
sues,target,0.25,200,0.1,distance_top1_none,20,0.0,0.0,0.0,0.0,1.0,1.0
sues,target,0.25,200,0.1,su_guard,20,0.0,0.0,0.0,0.0,1.0,1.0
sues,target,0.25,200,0.1,su_none,20,0.0,0.0,0.0,0.0,1.0,1.0
sues,target,0.25,200,0.25,aps_exact_both,20,10.25,8.15,11.0,9.976635782675293,31.1,22.95
sues,target,0.25,200,0.25,aps_exact_guard,20,10.25,8.15,11.0,9.976635782675293,31.1,22.95
sues,target,0.25,200,0.25,aps_exact_none,20,13.75,9.3,15.35,13.325369987932655,39.05,26.35
sues,target,0.25,200,0.25,aps_exact_nonempty,20,13.75,9.3,15.35,13.325369987932655,39.05,26.35
sues,target,0.25,200,0.25,aps_grid_both,20,13.15,7.05,16.4,12.054145617603817,55.2,29.85
sues,target,0.25,200,0.25,aps_grid_guard,20,13.15,7.05,16.4,12.054145617603817,55.2,29.85
sues,target,0.25,200,0.25,aps_grid_none,20,16.65,8.55,23.1,15.136230172505668,61.7,27.85
sues,target,0.25,200,0.25,aps_grid_nonempty,20,16.65,8.55,23.1,15.136230172505668,61.7,27.85
sues,target,0.25,200,0.25,distance_exact_both,20,9.05,8.85,9.3,9.034920634920635,4.65,2.5
sues,target,0.25,200,0.25,distance_exact_guard,20,10.3,10.25,10.6,10.37142857142857,5.4,3.4
sues,target,0.25,200,0.25,distance_exact_none,20,34.65,34.15,35.3,34.730000000000004,6.0,4.1
sues,target,0.25,200,0.25,distance_exact_nonempty,20,31.8,31.45,32.3,31.868095238095236,4.35,2.75
sues,target,0.25,200,0.25,distance_grid_both,20,8.15,7.55,8.3,7.918308358308359,9.15,5.45
sues,target,0.25,200,0.25,distance_grid_guard,20,10.25,9.8,10.65,10.199263236763237,10.0,5.95
sues,target,0.25,200,0.25,distance_grid_none,20,34.65,33.2,36.1,34.80233844243132,13.15,7.4
sues,target,0.25,200,0.25,distance_grid_nonempty,20,28.8,27.55,30.25,29.018948518586676,11.05,5.85
sues,target,0.25,200,0.25,distance_top1_guard,20,5.1,5.1,5.1,5.1,1.0,1.0
sues,target,0.25,200,0.25,distance_top1_none,20,6.0,6.0,6.0,6.0,1.0,1.0
sues,target,0.25,200,0.25,su_guard,20,0.1,0.1,0.1,0.1,1.0,1.0
sues,target,0.25,200,0.25,su_none,20,0.7,0.7,0.7,0.7,1.0,1.0
sues,target,0.25,200,0.5,aps_exact_both,20,28.05,26.95,28.7,27.868643292981528,11.15,7.3
sues,target,0.25,200,0.5,aps_exact_guard,20,28.05,26.95,28.7,27.868643292981528,11.15,7.3
sues,target,0.25,200,0.5,aps_exact_none,20,38.6,37.8,39.0,38.46550595238095,6.2,3.85
sues,target,0.25,200,0.5,aps_exact_nonempty,20,38.6,37.8,39.0,38.46550595238095,6.2,3.85
sues,target,0.25,200,0.5,aps_grid_both,20,28.8,26.15,31.25,28.120077074502433,36.7,14.75
sues,target,0.25,200,0.5,aps_grid_guard,20,28.8,26.15,31.25,28.120077074502433,36.7,14.75
sues,target,0.25,200,0.5,aps_grid_none,20,39.6,36.7,41.8,39.19634322008769,24.95,9.6
sues,target,0.25,200,0.5,aps_grid_nonempty,20,39.6,36.7,41.8,39.19634322008769,24.95,9.6
sues,target,0.25,200,0.5,distance_exact_both,20,20.05,19.6,20.2,19.929978354978353,6.4,4.7
sues,target,0.25,200,0.5,distance_exact_guard,20,21.15,20.65,21.35,21.039361471861472,6.05,4.1
sues,target,0.25,200,0.5,distance_exact_none,20,69.25,68.3,70.3,69.22947004384505,8.15,3.55
sues,target,0.25,200,0.5,distance_exact_nonempty,20,65.6,64.65,66.6,65.61734154734155,9.65,5.35
sues,target,0.25,200,0.5,distance_grid_both,20,18.8,17.6,19.25,18.32178377178377,9.3,4.35
sues,target,0.25,200,0.5,distance_grid_guard,20,21.6,20.4,21.9,21.186785714285712,9.5,5.3
sues,target,0.25,200,0.5,distance_grid_none,20,69.15,68.0,70.45,69.11924878011565,11.9,4.6
sues,target,0.25,200,0.5,distance_grid_nonempty,20,60.55,58.95,62.15,60.61127277864894,12.75,7.1
sues,target,0.25,200,0.5,distance_top1_guard,20,21.6,21.6,21.6,21.6,1.0,1.0
sues,target,0.25,200,0.5,distance_top1_none,20,26.8,26.8,26.8,26.8,1.0,1.0
sues,target,0.25,200,0.5,su_guard,20,6.4,6.4,6.4,6.4,1.0,1.0
sues,target,0.25,200,0.5,su_none,20,11.4,11.4,11.4,11.4,1.0,1.0
sues,target,0.25,250,0.1,aps_exact_both,20,3.45,3.0,7.0,3.593716831203244,68.15,9.25
sues,target,0.25,250,0.1,aps_exact_guard,20,3.45,3.0,7.0,3.593716831203244,68.15,9.25
sues,target,0.25,250,0.1,aps_exact_none,20,3.8,3.0,8.95,3.8551488460848318,71.6,9.25
sues,target,0.25,250,0.1,aps_exact_nonempty,20,3.8,3.0,8.95,3.8551488460848318,71.6,9.25
sues,target,0.25,250,0.1,aps_grid_both,20,2.8,0.0,7.15,2.6857661238051795,93.9,35.0
sues,target,0.25,250,0.1,aps_grid_guard,20,2.8,0.0,7.15,2.6857661238051795,93.9,35.0
sues,target,0.25,250,0.1,aps_grid_none,20,3.15,0.0,9.15,3.3142891208119982,97.35,35.0
sues,target,0.25,250,0.1,aps_grid_nonempty,20,3.15,0.0,9.15,3.3142891208119982,97.35,35.0
sues,target,0.25,250,0.1,distance_exact_both,20,1.9,1.8,1.95,1.830952380952381,3.5,1.95
sues,target,0.25,250,0.1,distance_exact_guard,20,1.9,1.8,1.95,1.830952380952381,3.5,1.95
sues,target,0.25,250,0.1,distance_exact_none,20,14.5,14.25,14.95,14.57642857142857,4.75,3.1
sues,target,0.25,250,0.1,distance_exact_nonempty,20,13.8,13.45,14.25,13.871428571428572,3.75,2.1
sues,target,0.25,250,0.1,distance_grid_both,20,1.75,1.5,2.1,1.748343808968809,8.9,4.15
sues,target,0.25,250,0.1,distance_grid_guard,20,1.75,1.5,2.1,1.748343808968809,8.9,4.15
sues,target,0.25,250,0.1,distance_grid_none,20,14.1,13.25,15.75,14.366666127989657,13.4,4.85
sues,target,0.25,250,0.1,distance_grid_nonempty,20,12.25,11.05,13.9,12.345474684629096,13.15,5.25
sues,target,0.25,250,0.1,distance_top1_guard,20,0.0,0.0,0.0,0.0,1.0,1.0
sues,target,0.25,250,0.1,distance_top1_none,20,0.0,0.0,0.0,0.0,1.0,1.0
sues,target,0.25,250,0.1,su_guard,20,0.0,0.0,0.0,0.0,1.0,1.0
sues,target,0.25,250,0.1,su_none,20,0.3,0.3,0.3,0.3,1.0,1.0
sues,target,0.25,250,0.25,aps_exact_both,20,7.25,4.9,7.95,6.9520122208286335,61.4,44.75
sues,target,0.25,250,0.25,aps_exact_guard,20,7.25,4.9,7.95,6.9520122208286335,61.4,44.75
sues,target,0.25,250,0.25,aps_exact_none,20,9.05,4.75,9.45,8.537334536064119,69.3,54.1
sues,target,0.25,250,0.25,aps_exact_nonempty,20,9.05,4.75,9.45,8.537334536064119,69.3,54.1
sues,target,0.25,250,0.25,aps_grid_both,20,7.05,3.5,8.0,6.836724769451427,84.7,63.3
sues,target,0.25,250,0.25,aps_grid_guard,20,7.05,3.5,8.0,6.836724769451427,84.7,63.3
sues,target,0.25,250,0.25,aps_grid_none,20,8.75,3.3,9.45,8.453012894305521,93.65,75.95
sues,target,0.25,250,0.25,aps_grid_nonempty,20,8.75,3.3,9.45,8.453012894305521,93.65,75.95
sues,target,0.25,250,0.25,distance_exact_both,20,7.1,6.95,7.1,7.0183333333333335,3.0,1.9
sues,target,0.25,250,0.25,distance_exact_guard,20,7.2,7.0,7.2,7.093333333333334,3.1,1.85
sues,target,0.25,250,0.25,distance_exact_none,20,35.5,34.65,36.25,35.48060425685426,7.4,3.6
sues,target,0.25,250,0.25,distance_exact_nonempty,20,34.45,33.75,35.25,34.47702380952381,6.95,4.0
sues,target,0.25,250,0.25,distance_grid_both,20,7.1,6.85,7.15,7.050416666666666,7.15,4.7
sues,target,0.25,250,0.25,distance_grid_guard,20,7.25,6.85,7.3,7.09296626984127,7.35,4.15
sues,target,0.25,250,0.25,distance_grid_none,20,35.25,33.7,36.6,35.12153322168028,14.35,6.95
sues,target,0.25,250,0.25,distance_grid_nonempty,20,31.4,30.05,32.6,31.355321553446554,10.7,6.55
sues,target,0.25,250,0.25,distance_top1_guard,20,3.2,3.2,3.2,3.2,1.0,1.0
sues,target,0.25,250,0.25,distance_top1_none,20,3.4,3.4,3.4,3.4,1.0,1.0
sues,target,0.25,250,0.25,su_guard,20,0.8,0.8,0.8,0.8,1.0,1.0
sues,target,0.25,250,0.25,su_none,20,1.55,1.55,1.55,1.55,1.0,1.0
sues,target,0.25,250,0.5,aps_exact_both,20,17.5,17.05,17.8,17.46796176046176,6.6,4.15
sues,target,0.25,250,0.5,aps_exact_guard,20,17.5,17.05,17.8,17.46796176046176,6.6,4.15
sues,target,0.25,250,0.5,aps_exact_none,20,26.35,24.15,28.0,26.340276130631157,16.2,10.4
sues,target,0.25,250,0.5,aps_exact_nonempty,20,26.35,24.15,28.0,26.340276130631157,16.2,10.4
sues,target,0.25,250,0.5,aps_grid_both,20,17.15,15.9,18.75,17.218699840640067,19.6,9.55
sues,target,0.25,250,0.5,aps_grid_guard,20,17.15,15.9,18.75,17.218699840640067,19.6,9.55
sues,target,0.25,250,0.5,aps_grid_none,20,27.05,22.45,30.95,26.876739889800994,30.8,17.2
sues,target,0.25,250,0.5,aps_grid_nonempty,20,27.05,22.45,30.95,26.876739889800994,30.8,17.2
sues,target,0.25,250,0.5,distance_exact_both,20,19.7,19.5,19.8,19.65357142857143,6.3,4.2
sues,target,0.25,250,0.5,distance_exact_guard,20,20.2,19.9,20.45,20.18656204906205,5.9,2.95
sues,target,0.25,250,0.5,distance_exact_none,20,65.05,63.8,65.75,64.80715784215785,8.25,4.8
sues,target,0.25,250,0.5,distance_exact_nonempty,20,63.1,62.65,63.35,62.97157842157842,6.05,3.85
sues,target,0.25,250,0.5,distance_grid_both,20,20.1,19.5,20.45,20.017126623376623,8.5,4.6
sues,target,0.25,250,0.5,distance_grid_guard,20,20.5,19.75,20.95,20.297936507936505,9.6,4.6
sues,target,0.25,250,0.5,distance_grid_none,20,64.9,62.7,66.85,64.65233379644951,16.85,7.8
sues,target,0.25,250,0.5,distance_grid_nonempty,20,59.2,58.05,60.05,59.218786974119794,12.85,8.65
sues,target,0.25,250,0.5,distance_top1_guard,20,12.1,12.1,12.1,12.1,1.0,1.0
sues,target,0.25,250,0.5,distance_top1_none,20,17.0,17.0,17.0,17.0,1.0,1.0
sues,target,0.25,250,0.5,su_guard,20,4.4,4.4,4.4,4.4,1.0,1.0
sues,target,0.25,250,0.5,su_none,20,7.55,7.55,7.55,7.55,1.0,1.0
sues,target,0.25,300,0.1,aps_exact_both,20,1.55,0.95,2.45,1.6621304993839334,23.4,6.1
sues,target,0.25,300,0.1,aps_exact_guard,20,1.55,0.95,2.45,1.6621304993839334,23.4,6.1
sues,target,0.25,300,0.1,aps_exact_none,20,1.55,0.95,2.45,1.671895008226452,24.1,6.1
sues,target,0.25,300,0.1,aps_exact_nonempty,20,1.55,0.95,2.45,1.671895008226452,24.1,6.1
sues,target,0.25,300,0.1,aps_grid_both,20,2.3,0.0,6.35,1.7952305368146746,124.4,35.0
sues,target,0.25,300,0.1,aps_grid_guard,20,2.3,0.0,6.35,1.7952305368146746,124.4,35.0
sues,target,0.25,300,0.1,aps_grid_none,20,2.75,0.0,9.0,2.4671535960707134,127.8,35.0
sues,target,0.25,300,0.1,aps_grid_nonempty,20,2.75,0.0,9.0,2.4671535960707134,127.8,35.0
sues,target,0.25,300,0.1,distance_exact_both,20,1.8,1.8,1.85,1.8125,3.1,2.0
sues,target,0.25,300,0.1,distance_exact_guard,20,1.8,1.8,1.85,1.8125,3.1,2.0
sues,target,0.25,300,0.1,distance_exact_none,20,15.1,14.4,15.95,15.153907203907204,7.1,3.65
sues,target,0.25,300,0.1,distance_exact_nonempty,20,14.2,13.15,15.2,14.147484182484183,7.55,3.8
sues,target,0.25,300,0.1,distance_grid_both,20,1.35,1.35,1.35,1.35,8.5,4.35
sues,target,0.25,300,0.1,distance_grid_guard,20,1.75,1.65,1.9,1.775,8.45,4.5
sues,target,0.25,300,0.1,distance_grid_none,20,15.65,13.9,17.3,15.536839826839827,13.1,7.5
sues,target,0.25,300,0.1,distance_grid_nonempty,20,13.7,12.15,15.0,13.650727605727605,12.6,8.05
sues,target,0.25,300,0.1,distance_top1_guard,20,0.0,0.0,0.0,0.0,1.0,1.0
sues,target,0.25,300,0.1,distance_top1_none,20,0.0,0.0,0.0,0.0,1.0,1.0
sues,target,0.25,300,0.1,su_guard,20,0.0,0.0,0.0,0.0,1.0,1.0
sues,target,0.25,300,0.1,su_none,20,0.0,0.0,0.0,0.0,1.0,1.0
sues,target,0.25,300,0.25,aps_exact_both,20,5.85,2.15,6.35,4.617540469378861,85.65,50.25
sues,target,0.25,300,0.25,aps_exact_guard,20,5.85,2.15,6.35,4.617540469378861,85.65,50.25
sues,target,0.25,300,0.25,aps_exact_none,20,6.8,2.15,9.0,6.012480366800391,89.05,50.25
sues,target,0.25,300,0.25,aps_exact_nonempty,20,6.8,2.15,9.0,6.012480366800391,89.05,50.25
sues,target,0.25,300,0.25,aps_grid_both,20,5.7,0.0,6.35,4.565014793614458,124.4,89.0
sues,target,0.25,300,0.25,aps_grid_guard,20,5.7,0.0,6.35,4.565014793614458,124.4,89.0
sues,target,0.25,300,0.25,aps_grid_none,20,8.0,0.0,9.0,6.2736191442941,127.8,89.0
sues,target,0.25,300,0.25,aps_grid_nonempty,20,8.0,0.0,9.0,6.2736191442941,127.8,89.0
sues,target,0.25,300,0.25,distance_exact_both,20,4.55,4.5,4.55,4.525,4.35,3.05
sues,target,0.25,300,0.25,distance_exact_guard,20,4.55,4.5,4.55,4.525,4.35,3.05
sues,target,0.25,300,0.25,distance_exact_none,20,34.55,34.15,35.05,34.57086538461538,4.95,2.75
sues,target,0.25,300,0.25,distance_exact_nonempty,20,32.5,31.85,33.25,32.607012987012986,7.25,3.8
sues,target,0.25,300,0.25,distance_grid_both,20,4.05,3.95,4.05,3.994615384615385,7.1,4.35
sues,target,0.25,300,0.25,distance_grid_guard,20,4.6,4.5,4.6,4.544615384615385,7.05,4.1
sues,target,0.25,300,0.25,distance_grid_none,20,34.7,34.0,35.65,34.74823412698412,8.7,3.55
sues,target,0.25,300,0.25,distance_grid_nonempty,20,31.1,30.4,32.35,31.25576143091589,12.35,5.25
sues,target,0.25,300,0.25,distance_top1_guard,20,1.25,1.25,1.25,1.25,1.0,1.0
sues,target,0.25,300,0.25,distance_top1_none,20,1.25,1.25,1.25,1.25,1.0,1.0
sues,target,0.25,300,0.25,su_guard,20,1.85,1.85,1.85,1.85,1.0,1.0
sues,target,0.25,300,0.25,su_none,20,2.4,2.4,2.4,2.4,1.0,1.0
sues,target,0.25,300,0.5,aps_exact_both,20,11.05,10.65,11.5,11.082393856143856,9.65,5.0
sues,target,0.25,300,0.5,aps_exact_guard,20,11.05,10.65,11.5,11.082393856143856,9.65,5.0
sues,target,0.25,300,0.5,aps_exact_none,20,18.45,16.45,19.35,18.253136313644795,21.5,16.45
sues,target,0.25,300,0.5,aps_exact_nonempty,20,18.45,16.45,19.35,18.253136313644795,21.5,16.45
sues,target,0.25,300,0.5,aps_grid_both,20,11.35,9.25,12.05,11.207614307200364,42.05,32.6
sues,target,0.25,300,0.5,aps_grid_guard,20,11.35,9.25,12.05,11.207614307200364,42.05,32.6
sues,target,0.25,300,0.5,aps_grid_none,20,20.65,11.9,21.95,19.196911480287348,61.35,47.05
sues,target,0.25,300,0.5,aps_grid_nonempty,20,20.65,11.9,21.95,19.196911480287348,61.35,47.05
sues,target,0.25,300,0.5,distance_exact_both,20,12.3,12.05,12.45,12.262301587301588,5.4,3.4
sues,target,0.25,300,0.5,distance_exact_guard,20,13.1,12.95,13.3,13.139484126984126,5.4,2.85
sues,target,0.25,300,0.5,distance_exact_none,20,61.9,61.4,62.05,61.73154761904762,3.8,2.1
sues,target,0.25,300,0.5,distance_exact_nonempty,20,58.55,58.25,58.95,58.587777777777774,4.4,2.15
sues,target,0.25,300,0.5,distance_grid_both,20,11.85,11.55,12.05,11.855384811267164,11.35,6.95
sues,target,0.25,300,0.5,distance_grid_guard,20,13.25,12.95,13.55,13.276447963800905,11.9,5.45
sues,target,0.25,300,0.5,distance_grid_none,20,61.85,61.0,62.8,61.81025793650794,10.0,5.9
sues,target,0.25,300,0.5,distance_grid_nonempty,20,56.2,55.75,57.15,56.406385003885006,9.7,5.6
sues,target,0.25,300,0.5,distance_top1_guard,20,5.75,5.75,5.75,5.75,1.0,1.0
sues,target,0.25,300,0.5,distance_top1_none,20,8.1,8.1,8.1,8.1,1.0,1.0
sues,target,0.25,300,0.5,su_guard,20,3.6,3.6,3.6,3.6,1.0,1.0
sues,target,0.25,300,0.5,su_none,20,5.6,5.6,5.6,5.6,1.0,1.0
sues,target,0.25,pooled,0.1,aps_exact_both,20,9.55,5.45,23.85,10.424065840480933,229.35,60.9
sues,target,0.25,pooled,0.1,aps_exact_guard,20,9.55,5.45,23.85,10.424065840480933,229.35,60.9
sues,target,0.25,pooled,0.1,aps_exact_none,20,10.9,5.45,31.15,12.137930416152015,239.6,60.9
sues,target,0.25,pooled,0.1,aps_exact_nonempty,20,10.9,5.45,31.15,12.137930416152015,239.6,60.9
sues,target,0.25,pooled,0.1,aps_grid_both,20,11.8,0.0,23.85,10.974262018187856,310.45,142.0
sues,target,0.25,pooled,0.1,aps_grid_guard,20,11.8,0.0,23.85,10.974262018187856,310.45,142.0
sues,target,0.25,pooled,0.1,aps_grid_none,20,13.8,0.0,31.15,13.8570790901498,320.7,142.0
sues,target,0.25,pooled,0.1,aps_grid_nonempty,20,13.8,0.0,31.15,13.8570790901498,320.7,142.0
sues,target,0.25,pooled,0.1,distance_exact_both,20,15.1,13.95,15.7,14.810140986894083,17.15,8.6
sues,target,0.25,pooled,0.1,distance_exact_guard,20,16.95,15.95,17.85,16.718433984701466,17.2,7.0
sues,target,0.25,pooled,0.1,distance_exact_none,20,60.65,57.8,64.3,61.202598191094225,27.7,13.45
sues,target,0.25,pooled,0.1,distance_exact_nonempty,20,56.75,54.0,60.0,57.14649676428404,21.05,11.5
sues,target,0.25,pooled,0.1,distance_grid_both,20,14.4,12.5,15.9,14.056076523763348,36.25,19.1
sues,target,0.25,pooled,0.1,distance_grid_guard,20,17.0,14.95,18.95,16.765307471036564,36.75,15.3
sues,target,0.25,pooled,0.1,distance_grid_none,20,60.25,56.9,65.1,61.15101629645845,30.7,16.45
sues,target,0.25,pooled,0.1,distance_grid_nonempty,20,52.8,48.3,58.0,52.71103549483185,43.15,16.25
sues,target,0.25,pooled,0.1,distance_top1_guard,20,0.4,0.4,0.4,0.4,1.0,1.0
sues,target,0.25,pooled,0.1,distance_top1_none,20,0.4,0.4,0.4,0.4,1.0,1.0
sues,target,0.25,pooled,0.1,su_guard,20,0.15,0.15,0.15,0.15,1.0,1.0
sues,target,0.25,pooled,0.1,su_none,20,1.1,1.1,1.1,1.1,1.0,1.0
sues,target,0.25,pooled,0.25,aps_exact_both,20,30.05,23.85,37.9,28.98110113853973,143.35,59.4
sues,target,0.25,pooled,0.25,aps_exact_guard,20,30.05,23.85,37.9,28.98110113853973,143.35,59.4
sues,target,0.25,pooled,0.25,aps_exact_none,20,39.65,31.05,56.95,38.53709970472944,166.65,62.6
sues,target,0.25,pooled,0.25,aps_exact_nonempty,20,39.65,31.05,56.95,38.53709970472944,166.65,62.6
sues,target,0.25,pooled,0.25,aps_grid_both,20,31.2,23.85,47.6,30.151976765216887,204.95,64.4
sues,target,0.25,pooled,0.25,aps_grid_guard,20,31.2,23.85,47.6,30.151976765216887,204.95,64.4
sues,target,0.25,pooled,0.25,aps_grid_none,20,42.0,31.05,64.7,39.70227890314895,238.8,72.1
sues,target,0.25,pooled,0.25,aps_grid_nonempty,20,42.0,31.05,64.7,39.70227890314895,238.8,72.1
sues,target,0.25,pooled,0.25,distance_exact_both,20,44.45,43.7,45.0,44.43763187450041,13.5,7.95
sues,target,0.25,pooled,0.25,distance_exact_guard,20,46.35,45.4,47.0,46.42154944202625,15.15,10.1
sues,target,0.25,pooled,0.25,distance_exact_none,20,147.85,144.7,150.85,147.73399103710312,25.8,13.6
sues,target,0.25,pooled,0.25,distance_exact_nonempty,20,139.2,136.4,141.9,139.14050997428922,29.15,12.85
sues,target,0.25,pooled,0.25,distance_grid_both,20,43.2,40.5,44.2,42.70486861761553,33.65,20.55
sues,target,0.25,pooled,0.25,distance_grid_guard,20,46.0,43.7,47.75,46.137222587034934,41.4,28.2
sues,target,0.25,pooled,0.25,distance_grid_none,20,147.2,140.85,152.75,147.6256004656003,54.3,33.6
sues,target,0.25,pooled,0.25,distance_grid_nonempty,20,129.15,123.05,135.45,129.1762052327465,44.95,21.2
sues,target,0.25,pooled,0.25,distance_top1_guard,20,12.7,12.7,12.7,12.7,1.0,1.0
sues,target,0.25,pooled,0.25,distance_top1_none,20,14.05,14.05,14.05,14.05,1.0,1.0
sues,target,0.25,pooled,0.25,su_guard,20,3.1,3.1,3.1,3.1,1.0,1.0
sues,target,0.25,pooled,0.25,su_none,20,5.85,5.85,5.85,5.85,1.0,1.0
sues,target,0.25,pooled,0.5,aps_exact_both,20,94.7,90.1,97.5,93.17893166458062,48.75,17.7
sues,target,0.25,pooled,0.5,aps_exact_guard,20,94.7,90.1,97.5,93.17893166458062,48.75,17.7
sues,target,0.25,pooled,0.5,aps_exact_none,20,139.25,136.4,141.35,138.99214870921867,20.55,12.3
sues,target,0.25,pooled,0.5,aps_exact_nonempty,20,139.25,136.4,141.35,138.99214870921867,20.55,12.3
sues,target,0.25,pooled,0.5,aps_grid_both,20,98.05,83.7,114.55,94.71360152290528,159.0,52.9
sues,target,0.25,pooled,0.5,aps_grid_guard,20,98.05,83.7,114.55,94.71360152290528,159.0,52.9
sues,target,0.25,pooled,0.5,aps_grid_none,20,140.0,130.6,148.95,139.56264799730369,99.9,33.3
sues,target,0.25,pooled,0.5,aps_grid_nonempty,20,140.0,130.6,148.95,139.56264799730369,99.9,33.3
sues,target,0.25,pooled,0.5,distance_exact_both,20,105.95,104.45,106.65,105.45752845055647,14.5,7.1
sues,target,0.25,pooled,0.5,distance_exact_guard,20,110.6,108.65,111.3,110.07480564089435,15.85,10.15
sues,target,0.25,pooled,0.5,distance_exact_none,20,281.5,276.7,285.9,280.872194484159,31.1,11.45
sues,target,0.25,pooled,0.5,distance_exact_nonempty,20,269.4,265.7,272.2,269.2754470161033,34.75,21.5
sues,target,0.25,pooled,0.5,distance_grid_both,20,104.45,101.2,106.5,103.27399873221864,37.2,15.05
sues,target,0.25,pooled,0.5,distance_grid_guard,20,111.35,107.45,112.9,110.34100772141744,29.7,15.4
sues,target,0.25,pooled,0.5,distance_grid_none,20,282.65,276.35,288.0,281.15711829712825,51.7,15.75
sues,target,0.25,pooled,0.5,distance_grid_nonempty,20,258.15,250.55,263.3,256.9858671737562,56.15,32.15
sues,target,0.25,pooled,0.5,distance_top1_guard,20,63.2,63.2,63.2,63.2,1.0,1.0
sues,target,0.25,pooled,0.5,distance_top1_none,20,92.25,92.25,92.25,92.25,1.0,1.0
sues,target,0.25,pooled,0.5,su_guard,20,23.95,23.95,23.95,23.95,1.0,1.0
sues,target,0.25,pooled,0.5,su_none,20,43.1,43.1,43.1,43.1,1.0,1.0
sues,target,0.5,150,0.1,aps_exact_both,20,5.75,4.3,7.15,5.876140928215231,12.85,7.05
sues,target,0.5,150,0.1,aps_exact_guard,20,5.75,4.3,7.15,5.876140928215231,12.85,7.05
sues,target,0.5,150,0.1,aps_exact_none,20,8.7,6.15,10.85,8.538566879344911,16.9,9.2
sues,target,0.5,150,0.1,aps_exact_nonempty,20,8.7,6.15,10.85,8.538566879344911,16.9,9.2
sues,target,0.5,150,0.1,aps_grid_both,20,6.15,3.65,8.5,6.118391972167615,20.45,9.4
sues,target,0.5,150,0.1,aps_grid_guard,20,6.15,3.65,8.5,6.118391972167615,20.45,9.4
sues,target,0.5,150,0.1,aps_grid_none,20,9.35,4.65,13.8,9.079113170120358,27.65,11.4
sues,target,0.5,150,0.1,aps_grid_nonempty,20,9.35,4.65,13.8,9.079113170120358,27.65,11.4
sues,target,0.5,150,0.1,distance_exact_both,20,7.8,7.6,8.15,7.883333333333333,4.55,3.35
sues,target,0.5,150,0.1,distance_exact_guard,20,7.7,7.55,8.4,7.9575000000000005,4.7,3.25
sues,target,0.5,150,0.1,distance_exact_none,20,23.1,22.5,24.35,23.47904761904762,8.0,4.2
sues,target,0.5,150,0.1,distance_exact_nonempty,20,22.1,21.5,23.15,22.30179292929293,7.8,4.0
sues,target,0.5,150,0.1,distance_grid_both,20,7.65,7.45,8.4,7.892689393939394,7.7,4.8
sues,target,0.5,150,0.1,distance_grid_guard,20,7.7,7.35,8.7,8.00080266955267,7.7,4.7
sues,target,0.5,150,0.1,distance_grid_none,20,22.7,19.25,25.9,23.039137317356495,24.0,8.7
sues,target,0.5,150,0.1,distance_grid_nonempty,20,19.6,18.0,22.3,20.005376603717398,18.65,10.9
sues,target,0.5,150,0.1,distance_top1_guard,20,2.25,2.25,2.25,2.25,1.0,1.0
sues,target,0.5,150,0.1,distance_top1_none,20,3.4,3.4,3.4,3.4,1.0,1.0
sues,target,0.5,150,0.1,su_guard,20,0.15,0.15,0.15,0.15,1.0,1.0
sues,target,0.5,150,0.1,su_none,20,0.9,0.9,0.9,0.9,1.0,1.0
sues,target,0.5,150,0.25,aps_exact_both,20,24.25,22.7,25.3,23.93817990553478,13.45,7.05
sues,target,0.5,150,0.25,aps_exact_guard,20,24.25,22.7,25.3,23.93817990553478,13.45,7.05
sues,target,0.5,150,0.25,aps_exact_none,20,35.15,34.1,36.0,35.12236633249791,8.65,5.0
sues,target,0.5,150,0.25,aps_exact_nonempty,20,35.15,34.1,36.0,35.12236633249791,8.65,5.0
sues,target,0.5,150,0.25,aps_grid_both,20,26.55,19.25,32.05,24.69846000300718,46.2,18.5
sues,target,0.5,150,0.25,aps_grid_guard,20,26.55,19.25,32.05,24.69846000300718,46.2,18.5
sues,target,0.5,150,0.25,aps_grid_none,20,35.55,32.7,38.05,35.26425078034441,44.2,9.25
sues,target,0.5,150,0.25,aps_grid_nonempty,20,35.55,32.7,38.05,35.26425078034441,44.2,9.25
sues,target,0.5,150,0.25,distance_exact_both,20,25.85,25.4,25.9,25.675,3.0,2.15
sues,target,0.5,150,0.25,distance_exact_guard,20,26.0,25.5,26.0,25.814999999999998,3.35,2.45
sues,target,0.5,150,0.25,distance_exact_none,20,59.7,58.7,60.85,59.70198593073593,9.65,5.45
sues,target,0.5,150,0.25,distance_exact_nonempty,20,57.4,56.5,58.15,57.41705604852664,8.3,4.4
sues,target,0.5,150,0.25,distance_grid_both,20,26.1,25.1,26.35,25.76942224442224,7.4,5.0
sues,target,0.5,150,0.25,distance_grid_guard,20,26.2,25.05,26.6,25.98399406149406,7.1,5.3
sues,target,0.5,150,0.25,distance_grid_none,20,59.35,57.05,62.0,59.51211834290319,20.25,12.15
sues,target,0.5,150,0.25,distance_grid_nonempty,20,55.1,53.35,56.25,54.61920646604857,14.45,8.65
sues,target,0.5,150,0.25,distance_top1_guard,20,16.85,16.85,16.85,16.85,1.0,1.0
sues,target,0.5,150,0.25,distance_top1_none,20,24.35,24.35,24.35,24.35,1.0,1.0
sues,target,0.5,150,0.25,su_guard,20,6.1,6.1,6.1,6.1,1.0,1.0
sues,target,0.5,150,0.25,su_none,20,12.3,12.3,12.3,12.3,1.0,1.0
sues,target,0.5,150,0.5,aps_exact_both,19,59.578947368421055,59.10526315789474,60.36842105263158,59.69791400549915,8.052631578947368,2.6842105263157894
sues,target,0.5,150,0.5,aps_exact_guard,19,59.578947368421055,59.10526315789474,60.36842105263158,59.69791400549915,8.052631578947368,2.6842105263157894
sues,target,0.5,150,0.5,aps_exact_none,20,82.95,81.95,84.05,82.87168803418804,9.1,5.3
sues,target,0.5,150,0.5,aps_exact_nonempty,20,82.95,81.95,84.05,82.87168803418804,9.1,5.3
sues,target,0.5,150,0.5,aps_grid_both,19,59.68421052631579,58.421052631578945,60.78947368421053,59.610202106508616,17.473684210526315,6.684210526315789
sues,target,0.5,150,0.5,aps_grid_guard,19,59.68421052631579,58.421052631578945,60.78947368421053,59.610202106508616,17.473684210526315,6.684210526315789
sues,target,0.5,150,0.5,aps_grid_none,20,82.9,78.9,87.55,82.74649649785906,36.7,22.85
sues,target,0.5,150,0.5,aps_grid_nonempty,20,82.9,78.9,87.55,82.74649649785906,36.7,22.85
sues,target,0.5,150,0.5,distance_exact_both,18,61.05555555555556,61.05555555555556,61.111111111111114,61.083333333333336,1.4444444444444444,1.1111111111111112
sues,target,0.5,150,0.5,distance_exact_guard,19,62.73684210526316,62.63157894736842,62.8421052631579,62.73684210526316,1.9473684210526316,1.631578947368421
sues,target,0.5,150,0.5,distance_exact_none,20,118.4,117.05,119.45,118.21924145299144,9.65,5.0
sues,target,0.5,150,0.5,distance_exact_nonempty,20,115.7,114.85,116.15,115.56962662337662,6.85,3.95
sues,target,0.5,150,0.5,distance_grid_both,18,60.77777777777778,60.611111111111114,60.94444444444444,60.77513227513228,2.2777777777777777,1.7777777777777777
sues,target,0.5,150,0.5,distance_grid_guard,19,62.578947368421055,62.31578947368421,62.89473684210526,62.617543859649125,3.0,2.0
sues,target,0.5,150,0.5,distance_grid_none,20,118.55,114.85,120.95,118.09836721268691,22.1,11.2
sues,target,0.5,150,0.5,distance_grid_nonempty,20,112.7,111.95,113.5,112.61656850459482,10.2,6.05
sues,target,0.5,150,0.5,distance_top1_guard,19,57.73684210526316,57.73684210526316,57.73684210526316,57.73684210526316,1.0,1.0
sues,target,0.5,150,0.5,distance_top1_none,20,74.35,74.35,74.35,74.35,1.0,1.0
sues,target,0.5,150,0.5,su_guard,19,53.21052631578947,53.21052631578947,53.21052631578947,53.21052631578947,1.0,1.0
sues,target,0.5,150,0.5,su_none,20,65.9,65.9,65.9,65.9,1.0,1.0
sues,target,0.5,200,0.1,aps_exact_both,20,4.45,2.4,5.25,4.308975068693932,29.1,19.15
sues,target,0.5,200,0.1,aps_exact_guard,20,4.45,2.4,5.25,4.308975068693932,29.1,19.15
sues,target,0.5,200,0.1,aps_exact_none,20,5.85,2.7,7.3,5.637100114151413,33.25,19.85
sues,target,0.5,200,0.1,aps_exact_nonempty,20,5.85,2.7,7.3,5.637100114151413,33.25,19.85
sues,target,0.5,200,0.1,aps_grid_both,20,4.7,2.4,5.8,4.526140583029264,38.5,24.3
sues,target,0.5,200,0.1,aps_grid_guard,20,4.7,2.4,5.8,4.526140583029264,38.5,24.3
sues,target,0.5,200,0.1,aps_grid_none,20,6.05,2.7,7.4,5.894931132615076,43.15,25.4
sues,target,0.5,200,0.1,aps_grid_nonempty,20,6.05,2.7,7.4,5.894931132615076,43.15,25.4
sues,target,0.5,200,0.1,distance_exact_both,20,3.8,3.55,3.9,3.753333333333333,4.6,2.75
sues,target,0.5,200,0.1,distance_exact_guard,20,4.65,4.35,4.8,4.605416666666667,5.35,3.6
sues,target,0.5,200,0.1,distance_exact_none,20,23.1,22.4,23.4,22.99627525252525,7.65,2.6
sues,target,0.5,200,0.1,distance_exact_nonempty,20,22.25,21.0,22.95,22.040222138972137,9.5,3.5
sues,target,0.5,200,0.1,distance_grid_both,20,3.35,2.95,3.8,3.38287139760824,10.05,5.3
sues,target,0.5,200,0.1,distance_grid_guard,20,4.6,4.15,5.15,4.6273819382372015,10.85,6.05
sues,target,0.5,200,0.1,distance_grid_none,20,23.2,21.2,24.3,23.090991884147844,17.6,6.6
sues,target,0.5,200,0.1,distance_grid_nonempty,20,21.0,19.35,22.6,20.943861145304645,14.3,8.25
sues,target,0.5,200,0.1,distance_top1_guard,20,0.3,0.3,0.3,0.3,1.0,1.0
sues,target,0.5,200,0.1,distance_top1_none,20,0.35,0.35,0.35,0.35,1.0,1.0
sues,target,0.5,200,0.1,su_guard,20,0.0,0.0,0.0,0.0,1.0,1.0
sues,target,0.5,200,0.1,su_none,20,0.45,0.45,0.45,0.45,1.0,1.0
sues,target,0.5,200,0.25,aps_exact_both,20,15.0,13.4,15.6,14.484167630615,10.95,6.2
sues,target,0.5,200,0.25,aps_exact_guard,20,15.0,13.4,15.6,14.484167630615,10.95,6.2
sues,target,0.5,200,0.25,aps_exact_none,20,21.75,20.05,22.75,21.34038657500885,13.45,5.3
sues,target,0.5,200,0.25,aps_exact_nonempty,20,21.75,20.05,22.75,21.34038657500885,13.45,5.3
sues,target,0.5,200,0.25,aps_grid_both,20,15.6,12.25,17.2,14.496600229100412,22.9,10.3
sues,target,0.5,200,0.25,aps_grid_guard,20,15.6,12.25,17.2,14.496600229100412,22.9,10.3
sues,target,0.5,200,0.25,aps_grid_none,20,22.15,19.5,23.65,21.681421034251414,41.1,25.65
sues,target,0.5,200,0.25,aps_grid_nonempty,20,22.15,19.5,23.65,21.681421034251414,41.1,25.65
sues,target,0.5,200,0.25,distance_exact_both,20,12.3,12.05,12.45,12.289166666666667,4.15,2.7
sues,target,0.5,200,0.25,distance_exact_guard,20,13.25,12.95,13.4,13.156190476190478,3.8,1.95
sues,target,0.5,200,0.25,distance_exact_none,20,59.95,58.65,60.45,59.56589077589077,8.95,6.05
sues,target,0.5,200,0.25,distance_exact_nonempty,20,55.4,54.8,55.95,55.33261904761905,6.3,4.15
sues,target,0.5,200,0.25,distance_grid_both,20,11.8,11.35,11.95,11.739054834054834,6.8,4.15
sues,target,0.5,200,0.25,distance_grid_guard,20,13.35,12.85,13.55,13.195351870351871,7.55,3.7
sues,target,0.5,200,0.25,distance_grid_none,20,60.1,57.25,61.8,59.47623378522063,18.55,9.45
sues,target,0.5,200,0.25,distance_grid_nonempty,20,51.05,49.95,52.1,51.089479376832315,12.0,8.1
sues,target,0.5,200,0.25,distance_top1_guard,20,7.95,7.95,7.95,7.95,1.0,1.0
sues,target,0.5,200,0.25,distance_top1_none,20,11.75,11.75,11.75,11.75,1.0,1.0
sues,target,0.5,200,0.25,su_guard,20,1.2,1.2,1.2,1.2,1.0,1.0
sues,target,0.5,200,0.25,su_none,20,5.65,5.65,5.65,5.65,1.0,1.0
sues,target,0.5,200,0.5,aps_exact_both,15,34.13333333333333,33.46666666666667,34.86666666666667,34.162356902356905,7.2,3.6666666666666665
sues,target,0.5,200,0.5,aps_exact_guard,15,34.13333333333333,33.46666666666667,34.86666666666667,34.162356902356905,7.2,3.6666666666666665
sues,target,0.5,200,0.5,aps_exact_none,20,65.45,63.8,66.85,65.24250031433098,15.6,8.7
sues,target,0.5,200,0.5,aps_exact_nonempty,20,65.45,63.8,66.85,65.24250031433098,15.6,8.7
sues,target,0.5,200,0.5,aps_grid_both,15,34.2,32.86666666666667,35.2,34.14719178969179,12.133333333333333,7.133333333333334
sues,target,0.5,200,0.5,aps_grid_guard,15,34.2,32.86666666666667,35.2,34.14719178969179,12.133333333333333,7.133333333333334
sues,target,0.5,200,0.5,aps_grid_none,20,65.65,62.65,69.0,65.68161532979227,49.45,39.15
sues,target,0.5,200,0.5,aps_grid_nonempty,20,65.65,62.65,69.0,65.68161532979227,49.45,39.15
sues,target,0.5,200,0.5,distance_exact_both,15,33.333333333333336,33.333333333333336,33.333333333333336,33.333333333333336,1.1333333333333333,1.1333333333333333
sues,target,0.5,200,0.5,distance_exact_guard,15,34.53333333333333,34.4,34.53333333333333,34.46666666666667,1.3333333333333333,1.2
sues,target,0.5,200,0.5,distance_exact_none,20,112.4,111.9,112.7,112.34535256410257,5.4,2.95
sues,target,0.5,200,0.5,distance_exact_nonempty,20,108.05,107.25,108.55,107.81412087912088,5.75,3.9
sues,target,0.5,200,0.5,distance_grid_both,13,33.23076923076923,33.07692307692308,33.30769230769231,33.205128205128204,2.0,1.4615384615384615
sues,target,0.5,200,0.5,distance_grid_guard,15,34.53333333333333,34.4,34.666666666666664,34.544444444444444,1.8666666666666667,1.3333333333333333
sues,target,0.5,200,0.5,distance_grid_none,20,112.6,111.55,113.15,112.42069839474252,10.55,5.55
sues,target,0.5,200,0.5,distance_grid_nonempty,20,103.5,102.25,104.3,103.31542674430833,10.75,5.4
sues,target,0.5,200,0.5,distance_top1_guard,15,32.266666666666666,32.266666666666666,32.266666666666666,32.266666666666666,1.0,1.0
sues,target,0.5,200,0.5,distance_top1_none,20,54.3,54.3,54.3,54.3,1.0,1.0
sues,target,0.5,200,0.5,su_guard,15,31.733333333333334,31.733333333333334,31.733333333333334,31.733333333333334,1.0,1.0
sues,target,0.5,200,0.5,su_none,20,46.55,46.55,46.55,46.55,1.0,1.0
sues,target,0.5,250,0.1,aps_exact_both,20,3.2,1.4,4.45,2.7872634790511097,46.2,20.2
sues,target,0.5,250,0.1,aps_exact_guard,20,3.2,1.4,4.45,2.7872634790511097,46.2,20.2
sues,target,0.5,250,0.1,aps_exact_none,20,3.9,1.4,6.2,3.4296451634822964,49.35,20.2
sues,target,0.5,250,0.1,aps_exact_nonempty,20,3.9,1.4,6.2,3.4296451634822964,49.35,20.2
sues,target,0.5,250,0.1,aps_grid_both,20,3.45,0.0,4.45,2.5866915045401293,61.0,35.0
sues,target,0.5,250,0.1,aps_grid_guard,20,3.45,0.0,4.45,2.5866915045401293,61.0,35.0
sues,target,0.5,250,0.1,aps_grid_none,20,4.6,0.0,6.2,3.423953038545137,64.15,35.0
sues,target,0.5,250,0.1,aps_grid_nonempty,20,4.6,0.0,6.2,3.423953038545137,64.15,35.0
sues,target,0.5,250,0.1,distance_exact_both,20,2.8,2.8,3.0,2.896666666666667,3.6,2.9
sues,target,0.5,250,0.1,distance_exact_guard,20,2.8,2.8,3.0,2.896666666666667,3.6,2.9
sues,target,0.5,250,0.1,distance_exact_none,20,23.65,22.8,24.4,23.5579242979243,9.25,6.2
sues,target,0.5,250,0.1,distance_exact_nonempty,20,22.6,21.75,23.4,22.626950631068276,8.15,4.25
sues,target,0.5,250,0.1,distance_grid_both,20,2.85,2.5,3.15,2.8248593073593073,6.95,4.45
sues,target,0.5,250,0.1,distance_grid_guard,20,2.85,2.5,3.15,2.8248593073593073,7.0,4.45
sues,target,0.5,250,0.1,distance_grid_none,20,23.6,22.4,24.8,23.529210800164748,13.5,8.1
sues,target,0.5,250,0.1,distance_grid_nonempty,20,21.35,20.1,22.55,21.342711778031052,13.8,7.9
sues,target,0.5,250,0.1,distance_top1_guard,20,0.3,0.3,0.3,0.3,1.0,1.0
sues,target,0.5,250,0.1,distance_top1_none,20,0.3,0.3,0.3,0.3,1.0,1.0
sues,target,0.5,250,0.1,su_guard,20,0.0,0.0,0.0,0.0,1.0,1.0
sues,target,0.5,250,0.1,su_none,20,0.45,0.45,0.45,0.45,1.0,1.0
sues,target,0.5,250,0.25,aps_exact_both,20,8.65,7.35,8.7,8.36582504079779,15.1,12.1
sues,target,0.5,250,0.25,aps_exact_guard,20,8.65,7.35,8.7,8.36582504079779,15.1,12.1
sues,target,0.5,250,0.25,aps_exact_none,20,16.5,10.25,18.5,15.084142497897835,31.75,21.8
sues,target,0.5,250,0.25,aps_exact_nonempty,20,16.5,10.25,18.5,15.084142497897835,31.75,21.8
sues,target,0.5,250,0.25,aps_grid_both,20,9.0,5.45,9.25,8.111598977656346,34.35,25.1
sues,target,0.5,250,0.25,aps_grid_guard,20,9.0,5.45,9.25,8.111598977656346,34.35,25.1
sues,target,0.5,250,0.25,aps_grid_none,20,16.05,7.15,21.6,14.411641024344402,47.15,24.85
sues,target,0.5,250,0.25,aps_grid_nonempty,20,16.05,7.15,21.6,14.411641024344402,47.15,24.85
sues,target,0.5,250,0.25,distance_exact_both,20,10.4,10.1,10.45,10.26125,4.1,2.5
sues,target,0.5,250,0.25,distance_exact_guard,20,10.45,10.2,10.5,10.33,3.95,2.35
sues,target,0.5,250,0.25,distance_exact_none,20,58.75,58.3,59.0,58.669542124542126,4.35,2.75
sues,target,0.5,250,0.25,distance_exact_nonempty,20,57.15,56.85,57.6,57.20448717948718,4.75,2.95
sues,target,0.5,250,0.25,distance_grid_both,20,10.5,10.05,10.6,10.274191919191919,7.3,4.55
sues,target,0.5,250,0.25,distance_grid_guard,20,10.4,10.05,10.5,10.270104617604618,7.55,4.5
sues,target,0.5,250,0.25,distance_grid_none,20,58.6,57.6,59.7,58.611138273491214,13.55,6.55
sues,target,0.5,250,0.25,distance_grid_nonempty,20,54.35,52.7,55.75,54.19616432178932,15.05,6.7
sues,target,0.5,250,0.25,distance_top1_guard,20,3.95,3.95,3.95,3.95,1.0,1.0
sues,target,0.5,250,0.25,distance_top1_none,20,5.0,5.0,5.0,5.0,1.0,1.0
sues,target,0.5,250,0.25,su_guard,20,1.35,1.35,1.35,1.35,1.0,1.0
sues,target,0.5,250,0.25,su_none,20,4.05,4.05,4.05,4.05,1.0,1.0
sues,target,0.5,250,0.5,aps_exact_both,15,27.066666666666666,26.666666666666668,27.266666666666666,26.982857142857142,4.066666666666666,2.933333333333333
sues,target,0.5,250,0.5,aps_exact_guard,15,27.066666666666666,26.666666666666668,27.266666666666666,26.982857142857142,4.066666666666666,2.933333333333333
sues,target,0.5,250,0.5,aps_exact_none,20,58.8,57.15,61.4,59.23558853062143,16.35,9.1
sues,target,0.5,250,0.5,aps_exact_nonempty,20,58.8,57.15,61.4,59.23558853062143,16.35,9.1
sues,target,0.5,250,0.5,aps_grid_both,15,27.2,26.133333333333333,28.0,27.07192881192881,8.6,5.733333333333333
sues,target,0.5,250,0.5,aps_grid_guard,15,27.2,26.133333333333333,28.0,27.07192881192881,8.6,5.733333333333333
sues,target,0.5,250,0.5,aps_grid_none,20,57.6,50.95,68.65,59.12642886853066,50.35,27.8
sues,target,0.5,250,0.5,aps_grid_nonempty,20,57.6,50.95,68.65,59.12642886853066,50.35,27.8
sues,target,0.5,250,0.5,distance_exact_both,15,27.466666666666665,27.4,27.466666666666665,27.433333333333334,1.6,1.2
sues,target,0.5,250,0.5,distance_exact_guard,15,27.6,27.533333333333335,27.6,27.566666666666666,1.6666666666666667,1.3333333333333333
sues,target,0.5,250,0.5,distance_exact_none,20,109.25,108.7,109.65,109.16583333333332,4.35,2.8
sues,target,0.5,250,0.5,distance_exact_nonempty,20,106.65,106.25,107.0,106.67125000000001,3.85,2.35
sues,target,0.5,250,0.5,distance_grid_both,15,27.466666666666665,27.333333333333332,27.466666666666665,27.41111111111111,3.066666666666667,2.533333333333333
sues,target,0.5,250,0.5,distance_grid_guard,15,27.666666666666668,27.333333333333332,27.666666666666668,27.53984126984127,3.4,2.533333333333333
sues,target,0.5,250,0.5,distance_grid_none,20,109.45,107.8,110.55,109.18394568151147,10.5,5.35
sues,target,0.5,250,0.5,distance_grid_nonempty,20,102.0,100.8,103.05,101.92374084979348,11.15,4.8
sues,target,0.5,250,0.5,distance_top1_guard,15,26.333333333333332,26.333333333333332,26.333333333333332,26.333333333333332,1.0,1.0
sues,target,0.5,250,0.5,distance_top1_none,20,44.3,44.3,44.3,44.3,1.0,1.0
sues,target,0.5,250,0.5,su_guard,15,24.866666666666667,24.866666666666667,24.866666666666667,24.866666666666667,1.0,1.0
sues,target,0.5,250,0.5,su_none,20,36.95,36.95,36.95,36.95,1.0,1.0
sues,target,0.5,300,0.1,aps_exact_both,20,2.0,0.9,4.0,1.598162961777931,56.05,11.6
sues,target,0.5,300,0.1,aps_exact_guard,20,2.0,0.9,4.0,1.598162961777931,56.05,11.6
sues,target,0.5,300,0.1,aps_exact_none,20,2.55,0.9,6.2,2.03622086274249,59.05,11.6
sues,target,0.5,300,0.1,aps_exact_nonempty,20,2.55,0.9,6.2,2.03622086274249,59.05,11.6
sues,target,0.5,300,0.1,aps_grid_both,20,2.6,0.0,4.0,1.8194736925844759,79.45,35.0
sues,target,0.5,300,0.1,aps_grid_guard,20,2.6,0.0,4.0,1.8194736925844759,79.45,35.0
sues,target,0.5,300,0.1,aps_grid_none,20,3.55,0.0,6.2,2.7054073714477296,82.45,35.0
sues,target,0.5,300,0.1,aps_grid_nonempty,20,3.55,0.0,6.2,2.7054073714477296,82.45,35.0
sues,target,0.5,300,0.1,distance_exact_both,20,3.3,3.25,3.45,3.314821428571429,3.45,1.85
sues,target,0.5,300,0.1,distance_exact_guard,20,3.3,3.25,3.45,3.314821428571429,3.45,1.85
sues,target,0.5,300,0.1,distance_exact_none,20,24.55,24.1,25.3,24.64584249084249,6.2,3.55
sues,target,0.5,300,0.1,distance_exact_nonempty,20,23.45,23.0,23.9,23.428571428571427,5.1,3.15
sues,target,0.5,300,0.1,distance_grid_both,20,3.15,3.05,3.4,3.196488095238095,6.85,3.85
sues,target,0.5,300,0.1,distance_grid_guard,20,3.25,3.15,3.5,3.2964880952380953,6.85,3.75
sues,target,0.5,300,0.1,distance_grid_none,20,24.65,23.75,25.65,24.548033069871305,10.25,6.45
sues,target,0.5,300,0.1,distance_grid_nonempty,20,22.25,21.15,23.45,22.426574513863518,12.2,5.3
sues,target,0.5,300,0.1,distance_top1_guard,20,0.05,0.05,0.05,0.05,1.0,1.0
sues,target,0.5,300,0.1,distance_top1_none,20,0.05,0.05,0.05,0.05,1.0,1.0
sues,target,0.5,300,0.1,su_guard,20,0.65,0.65,0.65,0.65,1.0,1.0
sues,target,0.5,300,0.1,su_none,20,0.85,0.85,0.85,0.85,1.0,1.0
sues,target,0.5,300,0.25,aps_exact_both,20,5.4,3.7,6.15,4.931607556455978,30.95,18.6
sues,target,0.5,300,0.25,aps_exact_guard,20,5.4,3.7,6.15,4.931607556455978,30.95,18.6
sues,target,0.5,300,0.25,aps_exact_none,20,9.4,5.7,12.1,8.50142225459448,39.8,17.15
sues,target,0.5,300,0.25,aps_exact_nonempty,20,9.4,5.7,12.1,8.50142225459448,39.8,17.15
sues,target,0.5,300,0.25,aps_grid_both,20,5.2,3.6,7.5,5.033938691190515,46.1,23.5
sues,target,0.5,300,0.25,aps_grid_guard,20,5.2,3.6,7.5,5.033938691190515,46.1,23.5
sues,target,0.5,300,0.25,aps_grid_none,20,9.3,5.6,13.3,8.733784002339942,58.75,20.85
sues,target,0.5,300,0.25,aps_grid_nonempty,20,9.3,5.6,13.3,8.733784002339942,58.75,20.85
sues,target,0.5,300,0.25,distance_exact_both,20,7.05,7.05,7.15,7.086666666666666,2.95,2.25
sues,target,0.5,300,0.25,distance_exact_guard,20,7.15,7.1,7.3,7.191428571428571,3.1,2.2
sues,target,0.5,300,0.25,distance_exact_none,20,58.6,58.15,59.3,58.72636904761905,5.05,3.15
sues,target,0.5,300,0.25,distance_exact_nonempty,20,55.5,54.9,55.75,55.35915750915751,5.7,2.6
sues,target,0.5,300,0.25,distance_grid_both,20,7.05,6.95,7.25,7.075039682539682,5.25,2.95
sues,target,0.5,300,0.25,distance_grid_guard,20,7.25,7.1,7.65,7.316230158730159,5.5,2.95
sues,target,0.5,300,0.25,distance_grid_none,20,58.35,56.95,60.05,58.426441532323885,11.9,4.85
sues,target,0.5,300,0.25,distance_grid_nonempty,20,53.05,51.4,54.0,52.90791778074866,13.35,5.2
sues,target,0.5,300,0.25,distance_top1_guard,20,1.9,1.9,1.9,1.9,1.0,1.0
sues,target,0.5,300,0.25,distance_top1_none,20,2.8,2.8,2.8,2.8,1.0,1.0
sues,target,0.5,300,0.25,su_guard,20,2.5,2.5,2.5,2.5,1.0,1.0
sues,target,0.5,300,0.25,su_none,20,3.75,3.75,3.75,3.75,1.0,1.0
sues,target,0.5,300,0.5,aps_exact_both,14,18.785714285714285,18.5,19.357142857142858,18.882738095238096,3.142857142857143,1.9285714285714286
sues,target,0.5,300,0.5,aps_exact_guard,14,18.785714285714285,18.5,19.357142857142858,18.882738095238096,3.142857142857143,1.9285714285714286
sues,target,0.5,300,0.5,aps_exact_none,20,47.2,46.1,48.3,47.30033008658008,10.55,3.75
sues,target,0.5,300,0.5,aps_exact_nonempty,20,47.2,46.1,48.3,47.30033008658008,10.55,3.75
sues,target,0.5,300,0.5,aps_grid_both,14,18.642857142857142,18.142857142857142,19.928571428571427,19.087776509205078,7.785714285714286,4.285714285714286
sues,target,0.5,300,0.5,aps_grid_guard,14,18.642857142857142,18.142857142857142,19.928571428571427,19.087776509205078,7.785714285714286,4.285714285714286
sues,target,0.5,300,0.5,aps_grid_none,20,47.25,44.4,49.25,47.49702850296726,40.35,9.15
sues,target,0.5,300,0.5,aps_grid_nonempty,20,47.25,44.4,49.25,47.49702850296726,40.35,9.15
sues,target,0.5,300,0.5,distance_exact_both,14,19.785714285714285,19.785714285714285,19.785714285714285,19.785714285714285,1.2142857142857142,1.2142857142857142
sues,target,0.5,300,0.5,distance_exact_guard,14,20.0,20.0,20.0,20.0,1.2142857142857142,1.1428571428571428
sues,target,0.5,300,0.5,distance_exact_none,20,106.7,106.0,107.05,106.5695238095238,5.6,3.3
sues,target,0.5,300,0.5,distance_exact_nonempty,20,103.6,103.15,104.25,103.62567460317459,4.95,2.9
sues,target,0.5,300,0.5,distance_grid_both,14,19.857142857142858,19.714285714285715,19.857142857142858,19.785714285714285,1.5,1.2142857142857142
sues,target,0.5,300,0.5,distance_grid_guard,14,20.0,20.0,20.0,20.0,1.2857142857142858,1.2142857142857142
sues,target,0.5,300,0.5,distance_grid_none,20,106.6,105.45,107.6,106.5787191729839,10.35,6.0
sues,target,0.5,300,0.5,distance_grid_nonempty,20,101.2,99.4,102.65,101.02865088128246,11.35,5.1
sues,target,0.5,300,0.5,distance_top1_guard,14,19.0,19.0,19.0,19.0,1.0,1.0
sues,target,0.5,300,0.5,distance_top1_none,20,36.35,36.35,36.35,36.35,1.0,1.0
sues,target,0.5,300,0.5,su_guard,14,17.785714285714285,17.785714285714285,17.785714285714285,17.785714285714285,1.0,1.0
sues,target,0.5,300,0.5,su_none,20,30.9,30.9,30.9,30.9,1.0,1.0
sues,target,0.5,pooled,0.1,aps_exact_both,20,12.35,3.25,15.6,10.794032798354369,151.3,93.95
sues,target,0.5,pooled,0.1,aps_exact_guard,20,12.35,3.25,15.6,10.794032798354369,151.3,93.95
sues,target,0.5,pooled,0.1,aps_exact_none,20,17.35,3.0,22.7,14.499560549971273,161.1,93.95
sues,target,0.5,pooled,0.1,aps_exact_nonempty,20,17.35,3.0,22.7,14.499560549971273,161.1,93.95
sues,target,0.5,pooled,0.1,aps_grid_both,20,12.75,0.85,15.6,11.249902850583329,199.35,142.0
sues,target,0.5,pooled,0.1,aps_grid_guard,20,12.75,0.85,15.6,11.249902850583329,199.35,142.0
sues,target,0.5,pooled,0.1,aps_grid_none,20,19.05,0.6,22.7,15.602401125586763,209.15,142.0
sues,target,0.5,pooled,0.1,aps_grid_nonempty,20,19.05,0.6,22.7,15.602401125586763,209.15,142.0
sues,target,0.5,pooled,0.1,distance_exact_both,20,20.7,19.9,21.45,20.69511976585506,11.45,6.05
sues,target,0.5,pooled,0.1,distance_exact_guard,20,21.55,21.05,22.55,21.758487484737483,11.4,6.05
sues,target,0.5,pooled,0.1,distance_exact_none,20,95.2,92.15,96.55,94.7888796172605,21.95,8.5
sues,target,0.5,pooled,0.1,distance_exact_nonempty,20,90.35,87.15,94.75,90.86913159363823,33.2,13.7
sues,target,0.5,pooled,0.1,distance_grid_both,20,20.15,18.95,22.3,20.33008099004517,28.35,13.8
sues,target,0.5,pooled,0.1,distance_grid_guard,20,21.6,20.4,23.6,21.82680608683893,28.4,15.4
sues,target,0.5,pooled,0.1,distance_grid_none,20,95.1,88.4,99.1,94.76045421850387,60.0,27.1
sues,target,0.5,pooled,0.1,distance_grid_nonempty,20,85.15,80.05,91.1,85.21470386505841,48.9,27.0
sues,target,0.5,pooled,0.1,distance_top1_guard,20,2.4,2.4,2.4,2.4,1.0,1.0
sues,target,0.5,pooled,0.1,distance_top1_none,20,2.4,2.4,2.4,2.4,1.0,1.0
sues,target,0.5,pooled,0.1,su_guard,20,1.85,1.85,1.85,1.85,1.0,1.0
sues,target,0.5,pooled,0.1,su_none,20,3.0,3.0,3.0,3.0,1.0,1.0
sues,target,0.5,pooled,0.25,aps_exact_both,20,43.15,39.75,45.3,42.64523880977738,36.55,19.95
sues,target,0.5,pooled,0.25,aps_exact_guard,20,43.15,39.75,45.3,42.64523880977738,36.55,19.95
sues,target,0.5,pooled,0.25,aps_exact_none,20,73.15,67.8,76.55,71.97064039164928,33.15,18.25
sues,target,0.5,pooled,0.25,aps_exact_nonempty,20,73.15,67.8,76.55,71.97064039164928,33.15,18.25
sues,target,0.5,pooled,0.25,aps_grid_both,20,44.2,37.35,49.45,42.9387396064278,89.9,49.15
sues,target,0.5,pooled,0.25,aps_grid_guard,20,44.2,37.35,49.45,42.9387396064278,89.9,49.15
sues,target,0.5,pooled,0.25,aps_grid_none,20,78.25,55.45,84.2,73.81352535001506,169.95,140.25
sues,target,0.5,pooled,0.25,aps_grid_nonempty,20,78.25,55.45,84.2,73.81352535001506,169.95,140.25
sues,target,0.5,pooled,0.25,distance_exact_both,20,60.6,59.35,61.4,60.312956522023015,13.3,6.15
sues,target,0.5,pooled,0.25,distance_exact_guard,20,61.75,60.55,62.45,61.51929315936901,13.45,7.05
sues,target,0.5,pooled,0.25,distance_exact_none,20,237.8,235.25,239.1,237.2889617853411,18.65,9.95
sues,target,0.5,pooled,0.25,distance_exact_nonempty,20,228.15,225.45,230.0,227.89626776366907,17.2,7.9
sues,target,0.5,pooled,0.25,distance_grid_both,20,60.25,57.95,61.9,59.742062899673726,27.05,13.05
sues,target,0.5,pooled,0.25,distance_grid_guard,20,62.35,59.7,64.3,61.76453167163444,26.25,12.15
sues,target,0.5,pooled,0.25,distance_grid_none,20,238.8,231.25,245.4,237.62452934272432,58.35,39.2
sues,target,0.5,pooled,0.25,distance_grid_nonempty,20,215.8,210.7,221.4,215.72296394909668,48.35,28.05
sues,target,0.5,pooled,0.25,distance_top1_guard,20,23.0,23.0,23.0,23.0,1.0,1.0
sues,target,0.5,pooled,0.25,distance_top1_none,20,35.0,35.0,35.0,35.0,1.0,1.0
sues,target,0.5,pooled,0.25,su_guard,20,7.4,7.4,7.4,7.4,1.0,1.0
sues,target,0.5,pooled,0.25,su_none,20,21.6,21.6,21.6,21.6,1.0,1.0
sues,target,0.5,pooled,0.5,aps_exact_both,17,140.23529411764707,139.0,141.76470588235293,140.46370625081698,16.176470588235293,9.647058823529411
sues,target,0.5,pooled,0.5,aps_exact_guard,17,140.23529411764707,139.0,141.76470588235293,140.46370625081698,16.176470588235293,9.647058823529411
sues,target,0.5,pooled,0.5,aps_exact_none,20,257.25,250.25,264.95,257.4717194786962,59.9,26.75
sues,target,0.5,pooled,0.5,aps_exact_nonempty,20,257.25,250.25,264.95,257.4717194786962,59.9,26.75
sues,target,0.5,pooled,0.5,aps_grid_both,17,139.47058823529412,135.64705882352942,144.1764705882353,140.26874091036194,42.94117647058823,27.11764705882353
sues,target,0.5,pooled,0.5,aps_grid_guard,17,139.47058823529412,135.64705882352942,144.1764705882353,140.26874091036194,42.94117647058823,27.11764705882353
sues,target,0.5,pooled,0.5,aps_grid_none,20,260.9,241.15,285.6,260.0708265430036,213.25,168.8
sues,target,0.5,pooled,0.5,aps_grid_nonempty,20,260.9,241.15,285.6,260.0708265430036,213.25,168.8
sues,target,0.5,pooled,0.5,distance_exact_both,15,143.6,143.4,143.6,143.5111111111111,2.066666666666667,1.3333333333333333
sues,target,0.5,pooled,0.5,distance_exact_guard,17,146.58823529411765,146.23529411764707,146.64705882352942,146.45098039215685,2.8823529411764706,1.8823529411764706
sues,target,0.5,pooled,0.5,distance_exact_none,20,452.0,449.8,453.5,451.74260740697446,14.95,6.15
sues,target,0.5,pooled,0.5,distance_exact_nonempty,20,437.5,435.6,439.0,437.5134966120836,15.85,8.45
sues,target,0.5,pooled,0.5,distance_grid_both,15,141.66666666666666,141.33333333333334,141.86666666666667,141.6336507936508,5.533333333333333,3.6666666666666665
sues,target,0.5,pooled,0.5,distance_grid_guard,17,146.47058823529412,145.8235294117647,146.7058823529412,146.3419149477973,6.352941176470588,4.0588235294117645
sues,target,0.5,pooled,0.5,distance_grid_none,20,452.3,448.35,455.1,451.73095745915487,36.1,16.35
sues,target,0.5,pooled,0.5,distance_grid_nonempty,20,420.7,415.15,426.1,420.7292985610209,39.6,18.55
sues,target,0.5,pooled,0.5,distance_top1_guard,17,134.47058823529412,134.47058823529412,134.47058823529412,134.47058823529412,1.0,1.0
sues,target,0.5,pooled,0.5,distance_top1_none,20,217.8,217.8,217.8,217.8,1.0,1.0
sues,target,0.5,pooled,0.5,su_guard,17,128.52941176470588,128.52941176470588,128.52941176470588,128.52941176470588,1.0,1.0
sues,target,0.5,pooled,0.5,su_none,20,181.45,181.45,181.45,181.45,1.0,1.0
university,control,0.25,pooled,0.1,aps_exact_both,20,6.3,6.3,6.75,6.351375494071147,15.35,9.0
university,control,0.25,pooled,0.1,aps_exact_guard,20,6.3,6.3,6.75,6.351375494071147,15.35,9.0
university,control,0.25,pooled,0.1,aps_exact_none,20,6.3,6.3,6.9,6.372122909698996,15.55,9.0
university,control,0.25,pooled,0.1,aps_exact_nonempty,20,6.3,6.3,6.9,6.372122909698996,15.55,9.0
university,control,0.25,pooled,0.1,aps_grid_both,20,7.55,3.0,9.3,6.735084289931811,111.25,66.0
university,control,0.25,pooled,0.1,aps_grid_guard,20,7.55,3.0,9.3,6.735084289931811,111.25,66.0
university,control,0.25,pooled,0.1,aps_grid_none,20,8.05,3.0,10.0,7.127001947094071,111.95,66.0
university,control,0.25,pooled,0.1,aps_grid_nonempty,20,8.05,3.0,10.0,7.127001947094071,111.95,66.0
university,control,0.25,pooled,0.1,distance_exact_both,20,5.3,5.3,5.3,5.3,12.65,8.5
university,control,0.25,pooled,0.1,distance_exact_guard,20,6.3,6.3,6.3,6.3,13.0,8.05
university,control,0.25,pooled,0.1,distance_exact_none,20,7.5,7.0,7.6,7.298026556776557,13.6,7.35
university,control,0.25,pooled,0.1,distance_exact_nonempty,20,5.8,5.3,5.9,5.668635531135531,13.25,8.5
university,control,0.25,pooled,0.1,distance_grid_both,20,6.1,1.0,10.4,6.882755278817399,119.7,74.9
university,control,0.25,pooled,0.1,distance_grid_guard,20,7.0,1.0,12.7,8.12395129663054,123.0,74.9
university,control,0.25,pooled,0.1,distance_grid_none,20,8.1,1.0,14.8,9.211815322807727,125.9,74.9
university,control,0.25,pooled,0.1,distance_grid_nonempty,20,6.7,1.0,11.2,7.298122019736058,121.3,74.9
university,control,0.25,pooled,0.1,distance_top1_guard,20,2.0,2.0,2.0,2.0,1.0,1.0
university,control,0.25,pooled,0.1,distance_top1_none,20,2.0,2.0,2.0,2.0,1.0,1.0
university,control,0.25,pooled,0.1,su_guard,20,0.9,0.9,0.9,0.9,1.0,1.0
university,control,0.25,pooled,0.1,su_none,20,0.9,0.9,0.9,0.9,1.0,1.0
university,control,0.25,pooled,0.25,aps_exact_both,20,12.15,10.6,12.15,11.48219174567161,42.2,24.45
university,control,0.25,pooled,0.25,aps_exact_guard,20,12.15,10.6,12.15,11.48219174567161,42.2,24.45
university,control,0.25,pooled,0.25,aps_exact_none,20,12.85,11.3,12.85,12.150523364264147,42.9,23.75
university,control,0.25,pooled,0.25,aps_exact_nonempty,20,12.85,11.3,12.85,12.150523364264147,42.9,23.75
university,control,0.25,pooled,0.25,aps_grid_both,20,9.3,9.3,36.2,13.009027398458267,599.2,82.75
university,control,0.25,pooled,0.25,aps_grid_guard,20,9.3,9.3,36.2,13.009027398458267,599.2,82.75
university,control,0.25,pooled,0.25,aps_grid_none,20,10.0,10.0,39.1,13.943867562063488,605.0,82.05
university,control,0.25,pooled,0.25,aps_grid_nonempty,20,10.0,10.0,39.1,13.943867562063488,605.0,82.05
university,control,0.25,pooled,0.25,distance_exact_both,20,15.5,15.5,15.5,15.5,21.9,14.1
university,control,0.25,pooled,0.25,distance_exact_guard,20,16.5,16.5,16.5,16.5,21.9,13.1
university,control,0.25,pooled,0.25,distance_exact_none,20,20.0,20.0,20.0,20.0,22.65,8.05
university,control,0.25,pooled,0.25,distance_exact_nonempty,20,16.9,16.9,16.9,16.9,22.65,11.15
university,control,0.25,pooled,0.25,distance_grid_both,20,13.45,10.4,19.05,14.75931722655323,165.05,83.2
university,control,0.25,pooled,0.25,distance_grid_guard,20,15.75,12.7,21.75,17.013105526873098,167.45,79.9
university,control,0.25,pooled,0.25,distance_grid_none,20,18.25,14.8,25.25,19.465237801017917,172.5,77.0
university,control,0.25,pooled,0.25,distance_grid_nonempty,20,14.05,11.2,19.85,15.403906197434418,167.95,81.6
university,control,0.25,pooled,0.25,distance_top1_guard,20,3.0,3.0,3.0,3.0,1.0,1.0
university,control,0.25,pooled,0.25,distance_top1_none,20,3.0,3.0,3.0,3.0,1.0,1.0
university,control,0.25,pooled,0.25,su_guard,20,5.3,5.3,5.3,5.3,1.0,1.0
university,control,0.25,pooled,0.25,su_none,20,5.3,5.3,5.3,5.3,1.0,1.0
university,control,0.25,pooled,0.5,aps_exact_both,20,16.0,15.7,19.25,17.13910825218197,153.3,62.4
university,control,0.25,pooled,0.5,aps_exact_guard,20,16.0,15.7,19.25,17.13910825218197,153.3,62.4
university,control,0.25,pooled,0.5,aps_exact_none,20,16.6,16.6,21.4,18.436027068055253,155.25,59.35
university,control,0.25,pooled,0.5,aps_exact_nonempty,20,16.6,16.6,21.4,18.436027068055253,155.25,59.35
university,control,0.25,pooled,0.5,aps_grid_both,20,18.7,9.3,36.2,22.56920550672244,599.2,295.75
university,control,0.25,pooled,0.5,aps_grid_guard,20,18.7,9.3,36.2,22.56920550672244,599.2,295.75
university,control,0.25,pooled,0.5,aps_grid_none,20,20.85,10.0,39.1,24.18983586508722,605.0,295.05
university,control,0.25,pooled,0.5,aps_grid_nonempty,20,20.85,10.0,39.1,24.18983586508722,605.0,295.05
university,control,0.25,pooled,0.5,distance_exact_both,20,29.05,28.9,29.9,29.475396825396825,6.5,4.8
university,control,0.25,pooled,0.5,distance_exact_guard,20,29.7,29.3,30.75,30.08669701213819,8.35,5.65
university,control,0.25,pooled,0.5,distance_exact_none,20,32.85,32.2,33.25,32.842194272445816,15.55,10.7
university,control,0.25,pooled,0.5,distance_exact_nonempty,20,29.95,29.5,31.0,30.28666491596639,12.5,8.2
university,control,0.25,pooled,0.5,distance_grid_both,20,24.0,22.5,26.05,24.773050612138444,75.95,48.95
university,control,0.25,pooled,0.5,distance_grid_guard,20,27.05,26.5,31.05,28.910150259905294,76.95,40.95
university,control,0.25,pooled,0.5,distance_grid_none,20,31.3,30.75,35.3,32.64999594834215,76.95,32.25
university,control,0.25,pooled,0.5,distance_grid_nonempty,20,24.75,24.05,27.6,26.083967784858128,75.95,43.7
university,control,0.25,pooled,0.5,distance_top1_guard,20,10.6,10.6,10.6,10.6,1.0,1.0
university,control,0.25,pooled,0.5,distance_top1_none,20,11.3,11.3,11.3,11.3,1.0,1.0
university,control,0.25,pooled,0.5,su_guard,20,7.9,7.9,7.9,7.9,1.0,1.0
university,control,0.25,pooled,0.5,su_none,20,7.9,7.9,7.9,7.9,1.0,1.0
university,target,0.25,pooled,0.1,aps_exact_both,20,5.9,5.75,6.45,6.155657755557137,13.95,9.0
university,target,0.25,pooled,0.1,aps_exact_guard,20,5.9,5.75,6.45,6.155657755557137,13.95,9.0
university,target,0.25,pooled,0.1,aps_exact_none,20,6.5,6.3,7.15,6.772702573484307,14.65,8.9
university,target,0.25,pooled,0.1,aps_exact_nonempty,20,6.5,6.3,7.15,6.772702573484307,14.65,8.9
university,target,0.25,pooled,0.1,aps_grid_both,20,6.1,1.9,6.6,5.935577535456971,79.85,69.95
university,target,0.25,pooled,0.1,aps_grid_guard,20,6.1,1.9,6.6,5.935577535456971,79.85,69.95
university,target,0.25,pooled,0.1,aps_grid_none,20,6.75,1.9,7.35,6.547777544838453,80.8,69.95
university,target,0.25,pooled,0.1,aps_grid_nonempty,20,6.75,1.9,7.35,6.547777544838453,80.8,69.95
university,target,0.25,pooled,0.1,distance_exact_both,20,7.65,7.25,10.15,8.084346239492598,25.95,6.7
university,target,0.25,pooled,0.1,distance_exact_guard,20,8.05,7.7,10.55,8.479265635575093,25.95,6.2
university,target,0.25,pooled,0.1,distance_exact_none,20,42.8,41.85,44.4,42.99781868415382,11.4,7.3
university,target,0.25,pooled,0.1,distance_exact_nonempty,20,40.3,39.0,41.55,40.30321595071595,11.0,6.05
university,target,0.25,pooled,0.1,distance_grid_both,20,6.8,1.1,10.65,8.170795076858727,107.25,79.55
university,target,0.25,pooled,0.1,distance_grid_guard,20,8.0,1.05,13.05,9.704921658488335,110.4,79.55
university,target,0.25,pooled,0.1,distance_grid_none,20,39.25,7.3,79.85,40.52872366087526,181.6,73.05
university,target,0.25,pooled,0.1,distance_grid_nonempty,20,28.6,5.35,52.15,29.63510453902549,144.65,75.0
university,target,0.25,pooled,0.1,distance_top1_guard,20,2.4,2.4,2.4,2.4,1.0,1.0
university,target,0.25,pooled,0.1,distance_top1_none,20,3.15,3.15,3.15,3.15,1.0,1.0
university,target,0.25,pooled,0.1,su_guard,20,1.5,1.5,1.5,1.5,1.0,1.0
university,target,0.25,pooled,0.1,su_none,20,2.1,2.1,2.1,2.1,1.0,1.0
university,target,0.25,pooled,0.25,aps_exact_both,20,12.4,11.7,13.2,12.449512397948928,46.45,22.6
university,target,0.25,pooled,0.25,aps_exact_guard,20,12.4,11.7,13.2,12.449512397948928,46.45,22.6
university,target,0.25,pooled,0.25,aps_exact_none,20,15.5,14.4,16.6,15.409536999690847,46.35,23.15
university,target,0.25,pooled,0.25,aps_exact_nonempty,20,15.5,14.4,16.6,15.409536999690847,46.35,23.15
university,target,0.25,pooled,0.25,aps_grid_both,20,9.05,6.6,33.9,13.645578413155445,457.55,118.1
university,target,0.25,pooled,0.25,aps_grid_guard,20,9.05,6.6,33.9,13.645578413155445,457.55,118.1
university,target,0.25,pooled,0.25,aps_grid_none,20,19.8,7.35,85.55,25.24282394341178,511.7,117.15
university,target,0.25,pooled,0.25,aps_grid_nonempty,20,19.8,7.35,85.55,25.24282394341178,511.7,117.15
university,target,0.25,pooled,0.25,distance_exact_both,20,21.15,20.55,21.9,21.1869154549989,16.65,8.15
university,target,0.25,pooled,0.25,distance_exact_guard,20,21.5,21.0,22.4,21.63530668641243,17.05,7.6
university,target,0.25,pooled,0.25,distance_exact_none,20,96.35,91.55,105.95,97.08933156337665,73.7,17.7
university,target,0.25,pooled,0.25,distance_exact_nonempty,20,91.75,83.9,103.25,91.40438251730095,70.75,22.65
university,target,0.25,pooled,0.25,distance_grid_both,20,18.95,10.65,21.55,18.977794171044835,131.55,100.3
university,target,0.25,pooled,0.25,distance_grid_guard,20,21.85,13.05,24.9,21.692199279323578,133.55,97.15
university,target,0.25,pooled,0.25,distance_grid_none,20,95.55,89.85,109.4,96.85007627161855,195.55,29.45
university,target,0.25,pooled,0.25,distance_grid_nonempty,20,70.3,52.15,99.6,68.68007239812371,170.75,58.35
university,target,0.25,pooled,0.25,distance_top1_guard,20,3.8,3.8,3.8,3.8,1.0,1.0
university,target,0.25,pooled,0.25,distance_top1_none,20,5.2,5.2,5.2,5.2,1.0,1.0
university,target,0.25,pooled,0.25,su_guard,20,5.05,5.05,5.05,5.05,1.0,1.0
university,target,0.25,pooled,0.25,su_none,20,6.7,6.7,6.7,6.7,1.0,1.0
university,target,0.25,pooled,0.5,aps_exact_both,20,20.85,20.25,21.4,20.959403951436403,47.1,28.8
university,target,0.25,pooled,0.5,aps_exact_guard,20,20.85,20.25,21.4,20.959403951436403,47.1,28.8
university,target,0.25,pooled,0.5,aps_exact_none,20,33.0,31.85,36.95,33.740637590012625,50.35,19.25
university,target,0.25,pooled,0.5,aps_exact_nonempty,20,33.0,31.85,36.95,33.740637590012625,50.35,19.25
university,target,0.25,pooled,0.5,aps_grid_both,20,26.75,6.6,33.9,26.352340633834892,457.55,331.1
university,target,0.25,pooled,0.5,aps_grid_guard,20,26.75,6.6,33.9,26.352340633834892,457.55,331.1
university,target,0.25,pooled,0.5,aps_grid_none,20,57.5,7.35,85.55,57.776362713349364,511.7,330.15
university,target,0.25,pooled,0.5,aps_grid_nonempty,20,57.5,7.35,85.55,57.776362713349364,511.7,330.15
university,target,0.25,pooled,0.5,distance_exact_both,20,37.7,37.65,38.15,37.8834126984127,4.5,2.4
university,target,0.25,pooled,0.5,distance_exact_guard,20,38.15,38.1,38.5,38.24773809523809,4.75,2.4
university,target,0.25,pooled,0.5,distance_exact_none,20,171.55,168.75,175.3,171.79328229336454,24.8,11.2
university,target,0.25,pooled,0.5,distance_exact_nonempty,20,162.0,160.1,164.1,162.11606885630897,21.05,14.25
university,target,0.25,pooled,0.5,distance_grid_both,20,33.55,31.45,35.0,33.40164295060698,36.75,19.5
university,target,0.25,pooled,0.5,distance_grid_guard,20,38.45,37.45,40.85,38.65018002407604,37.35,14.95
university,target,0.25,pooled,0.5,distance_grid_none,20,171.15,160.2,186.65,171.82367466529496,90.05,38.4
university,target,0.25,pooled,0.5,distance_grid_nonempty,20,126.4,122.25,133.05,126.16493430269455,69.05,29.5
university,target,0.25,pooled,0.5,distance_top1_guard,20,15.3,15.3,15.3,15.3,1.0,1.0
university,target,0.25,pooled,0.5,distance_top1_none,20,23.1,23.1,23.1,23.1,1.0,1.0
university,target,0.25,pooled,0.5,su_guard,20,9.65,9.65,9.65,9.65,1.0,1.0
university,target,0.25,pooled,0.5,su_none,20,17.9,17.9,17.9,17.9,1.0,1.0
university,target,0.5,pooled,0.1,aps_exact_both,20,5.35,4.95,6.1,5.382187713602187,19.75,8.1
university,target,0.5,pooled,0.1,aps_exact_guard,20,5.35,4.95,6.1,5.382187713602187,19.75,8.1
university,target,0.5,pooled,0.1,aps_exact_none,20,7.4,6.6,8.75,7.367053723977664,20.65,8.75
university,target,0.5,pooled,0.1,aps_exact_nonempty,20,7.4,6.6,8.75,7.367053723977664,20.65,8.75
university,target,0.5,pooled,0.1,aps_grid_both,20,3.9,3.9,23.2,5.830143904806351,311.3,30.15
university,target,0.5,pooled,0.1,aps_grid_guard,20,3.9,3.9,23.2,5.830143904806351,311.3,30.15
university,target,0.5,pooled,0.1,aps_grid_none,20,7.4,4.8,33.8,11.962640127858702,392.95,29.0
university,target,0.5,pooled,0.1,aps_grid_nonempty,20,7.4,4.8,33.8,11.962640127858702,392.95,29.0
university,target,0.5,pooled,0.1,distance_exact_both,20,9.1,8.1,10.6,9.088723323826322,22.85,10.6
university,target,0.5,pooled,0.1,distance_exact_guard,20,9.35,8.35,10.8,9.355548504985743,22.85,10.3
university,target,0.5,pooled,0.1,distance_exact_none,20,62.5,55.25,69.4,62.69077841998294,52.3,24.45
university,target,0.5,pooled,0.1,distance_exact_nonempty,20,59.3,54.85,67.75,60.02680614806748,44.8,29.0
university,target,0.5,pooled,0.1,distance_grid_both,20,7.65,1.85,11.05,8.597397392134129,99.3,74.55
university,target,0.5,pooled,0.1,distance_grid_guard,20,8.95,1.85,13.0,9.934169721766658,101.8,74.5
university,target,0.5,pooled,0.1,distance_grid_none,20,60.3,22.8,79.0,60.72767749912059,277.7,56.2
university,target,0.5,pooled,0.1,distance_grid_nonempty,20,48.2,16.55,79.05,49.75433579057352,190.6,62.55
university,target,0.5,pooled,0.1,distance_top1_guard,20,1.65,1.65,1.65,1.65,1.0,1.0
university,target,0.5,pooled,0.1,distance_top1_none,20,3.3,3.3,3.3,3.3,1.0,1.0
university,target,0.5,pooled,0.1,su_guard,20,1.8,1.8,1.8,1.8,1.0,1.0
university,target,0.5,pooled,0.1,su_none,20,3.4,3.4,3.4,3.4,1.0,1.0
university,target,0.5,pooled,0.25,aps_exact_both,20,12.4,10.8,14.55,12.583695380525299,80.3,39.05
university,target,0.5,pooled,0.25,aps_exact_guard,20,12.4,10.8,14.55,12.583695380525299,80.3,39.05
university,target,0.5,pooled,0.25,aps_exact_none,20,20.95,18.5,33.65,23.391748883165384,93.9,30.15
university,target,0.5,pooled,0.25,aps_exact_nonempty,20,20.95,18.5,33.65,23.391748883165384,93.9,30.15
university,target,0.5,pooled,0.25,aps_grid_both,20,14.85,3.9,24.2,14.183947300770143,311.3,158.15
university,target,0.5,pooled,0.25,aps_grid_guard,20,14.85,3.9,24.2,14.183947300770143,311.3,158.15
university,target,0.5,pooled,0.25,aps_grid_none,20,40.55,4.8,102.15,43.64728291543373,392.95,157.0
university,target,0.5,pooled,0.25,aps_grid_nonempty,20,40.55,4.8,102.15,43.64728291543373,392.95,157.0
university,target,0.5,pooled,0.25,distance_exact_both,20,23.25,22.65,23.65,23.244344309462914,13.1,8.3
university,target,0.5,pooled,0.25,distance_exact_guard,20,23.55,22.85,23.95,23.531003039621645,13.85,8.75
university,target,0.5,pooled,0.25,distance_exact_none,20,151.7,147.25,156.35,152.03012810261296,38.55,15.35
university,target,0.5,pooled,0.25,distance_exact_nonempty,20,146.45,143.3,150.5,146.54386527959232,34.3,20.45
university,target,0.5,pooled,0.25,distance_grid_both,20,20.8,18.9,23.15,21.07461068320974,62.65,41.25
university,target,0.5,pooled,0.25,distance_grid_guard,20,23.55,20.4,25.9,23.641243808759963,64.0,39.95
university,target,0.5,pooled,0.25,distance_grid_none,20,145.25,116.55,204.35,147.09263129723908,277.7,184.2
university,target,0.5,pooled,0.25,distance_grid_nonempty,20,117.45,110.6,124.65,117.26240266585008,186.8,120.8
university,target,0.5,pooled,0.25,distance_top1_guard,20,6.85,6.85,6.85,6.85,1.0,1.0
university,target,0.5,pooled,0.25,distance_top1_none,20,10.95,10.95,10.95,10.95,1.0,1.0
university,target,0.5,pooled,0.25,su_guard,20,5.25,5.25,5.25,5.25,1.0,1.0
university,target,0.5,pooled,0.25,su_none,20,10.05,10.05,10.05,10.05,1.0,1.0
university,target,0.5,pooled,0.5,aps_exact_both,19,44.421052631578945,41.89473684210526,47.21052631578947,44.48551210265414,21.105263157894736,12.842105263157896
university,target,0.5,pooled,0.5,aps_exact_guard,19,44.421052631578945,41.89473684210526,47.21052631578947,44.48551210265414,21.105263157894736,12.842105263157896
university,target,0.5,pooled,0.5,aps_exact_none,20,87.4,84.1,90.0,87.09944285118058,29.4,17.95
university,target,0.5,pooled,0.5,aps_exact_nonempty,20,87.4,84.1,90.0,87.09944285118058,29.4,17.95
university,target,0.5,pooled,0.5,aps_grid_both,19,45.73684210526316,40.31578947368421,49.94736842105263,46.23526633386648,69.21052631578948,59.578947368421055
university,target,0.5,pooled,0.5,aps_grid_guard,19,45.73684210526316,40.31578947368421,49.94736842105263,46.23526633386648,69.21052631578948,59.578947368421055
university,target,0.5,pooled,0.5,aps_grid_none,20,99.2,79.2,102.15,96.37250880413279,392.95,370.0
university,target,0.5,pooled,0.5,aps_grid_nonempty,20,99.2,79.2,102.15,96.37250880413279,392.95,370.0
university,target,0.5,pooled,0.5,distance_exact_both,15,46.86666666666667,46.86666666666667,46.86666666666667,46.86666666666667,1.2,1.0
university,target,0.5,pooled,0.5,distance_exact_guard,19,46.73684210526316,46.73684210526316,46.73684210526316,46.73684210526316,1.105263157894737,1.0
university,target,0.5,pooled,0.5,distance_exact_none,20,280.95,278.3,283.2,280.6299011276426,28.95,21.05
university,target,0.5,pooled,0.5,distance_exact_nonempty,20,267.2,265.6,269.3,267.44305196878474,15.45,7.2
university,target,0.5,pooled,0.5,distance_grid_both,9,44.77777777777778,44.77777777777778,44.888888888888886,44.81481481481481,1.5555555555555556,1.2222222222222223
university,target,0.5,pooled,0.5,distance_grid_guard,19,46.78947368421053,46.63157894736842,46.78947368421053,46.71052631578947,2.0526315789473686,1.736842105263158
university,target,0.5,pooled,0.5,distance_grid_none,20,279.35,240.5,324.65,278.6269847951472,208.7,119.5
university,target,0.5,pooled,0.5,distance_grid_nonempty,20,214.15,203.35,225.2,215.06313577602333,67.6,35.3
university,target,0.5,pooled,0.5,distance_top1_guard,19,43.05263157894737,43.05263157894737,43.05263157894737,43.05263157894737,1.0,1.0
university,target,0.5,pooled,0.5,distance_top1_none,20,72.05,72.05,72.05,72.05,1.0,1.0
university,target,0.5,pooled,0.5,su_guard,19,43.1578947368421,43.1578947368421,43.1578947368421,43.1578947368421,1.0,1.0
university,target,0.5,pooled,0.5,su_none,20,73.1,73.1,73.1,73.1,1.0,1.0
