dataset,arm,fraction,scope,answer_fraction,policy,feasible_masks,mean_answered,mean_errors,mean_created_errors,mean_missing_truth_answers,mean_accepted_empty,mean_accepted_unresolved
university,target,0.25,pooled,0.1,su_none,20,85.0,2.1,0.7,1.55,0.0,0.0
university,target,0.25,pooled,0.1,su_guard,20,85.0,1.5,0.0,0.95,0.0,0.0
university,target,0.25,pooled,0.1,distance_top1_none,20,85.0,3.15,0.75,1.65,0.0,0.0
university,target,0.25,pooled,0.1,distance_top1_guard,20,85.0,2.4,0.0,0.9,0.0,0.0
university,target,0.25,pooled,0.1,distance_grid_none,20,85.0,39.25,31.3,33.15,14.85,0.0
university,target,0.25,pooled,0.1,distance_grid_nonempty,20,85.0,28.6,22.65,24.05,0.0,0.0
university,target,0.25,pooled,0.1,distance_grid_guard,20,85.0,8.0,0.0,1.9,1.6,0.0
university,target,0.25,pooled,0.1,distance_grid_both,20,85.0,6.8,0.0,1.65,0.0,0.0
university,target,0.25,pooled,0.1,distance_exact_none,20,85.0,42.8,35.0,37.45,4.85,0.0
university,target,0.25,pooled,0.1,distance_exact_nonempty,20,85.0,40.3,33.05,35.3,0.0,0.0
university,target,0.25,pooled,0.1,distance_exact_guard,20,85.0,8.05,0.0,2.45,0.5,0.0
university,target,0.25,pooled,0.1,distance_exact_both,20,85.0,7.65,0.0,2.4,0.0,0.0
university,target,0.25,pooled,0.1,aps_grid_none,20,85.0,6.75,0.65,0.8,0.0,0.0
university,target,0.25,pooled,0.1,aps_grid_nonempty,20,85.0,6.75,0.65,0.8,0.0,0.0
university,target,0.25,pooled,0.1,aps_grid_guard,20,85.0,6.1,0.0,0.15,0.0,0.0
university,target,0.25,pooled,0.1,aps_grid_both,20,85.0,6.1,0.0,0.15,0.0,0.0
university,target,0.25,pooled,0.1,aps_exact_none,20,85.0,6.5,0.65,1.25,0.0,0.0
university,target,0.25,pooled,0.1,aps_exact_nonempty,20,85.0,6.5,0.65,1.25,0.0,0.0
university,target,0.25,pooled,0.1,aps_exact_guard,20,85.0,5.9,0.0,0.6,0.0,0.0
university,target,0.25,pooled,0.1,aps_exact_both,20,85.0,5.9,0.0,0.6,0.0,0.0
university,target,0.25,pooled,0.25,su_none,20,213.0,6.7,1.75,3.55,0.0,0.0
university,target,0.25,pooled,0.25,su_guard,20,213.0,5.05,0.0,1.8,0.0,0.0
university,target,0.25,pooled,0.25,distance_top1_none,20,213.0,5.2,1.4,2.6,0.0,0.0
university,target,0.25,pooled,0.25,distance_top1_guard,20,213.0,3.8,0.0,1.2,0.0,0.0
university,target,0.25,pooled,0.25,distance_grid_none,20,213.0,95.55,78.2,83.15,41.0,0.0
university,target,0.25,pooled,0.25,distance_grid_nonempty,20,213.0,70.3,54.25,58.95,0.0,0.0
university,target,0.25,pooled,0.25,distance_grid_guard,20,213.0,21.85,0.0,7.3,5.0,0.0
university,target,0.25,pooled,0.25,distance_grid_both,20,213.0,18.95,0.0,6.15,0.0,0.0
university,target,0.25,pooled,0.25,distance_exact_none,20,213.0,96.35,78.05,83.3,8.6,0.0
university,target,0.25,pooled,0.25,distance_exact_nonempty,20,213.0,91.75,73.8,79.3,0.0,0.0
university,target,0.25,pooled,0.25,distance_exact_guard,20,213.0,21.5,0.0,7.1,0.6,0.0
university,target,0.25,pooled,0.25,distance_exact_both,20,213.0,21.15,0.0,7.05,0.0,0.0
university,target,0.25,pooled,0.25,aps_grid_none,20,213.0,19.8,10.9,11.95,0.0,0.0
university,target,0.25,pooled,0.25,aps_grid_nonempty,20,213.0,19.8,10.9,11.95,0.0,0.0
university,target,0.25,pooled,0.25,aps_grid_guard,20,213.0,9.05,0.0,1.05,0.0,0.0
university,target,0.25,pooled,0.25,aps_grid_both,20,213.0,9.05,0.0,1.05,0.0,0.0
university,target,0.25,pooled,0.25,aps_exact_none,20,213.0,15.5,3.1,5.7,0.0,0.0
university,target,0.25,pooled,0.25,aps_exact_nonempty,20,213.0,15.5,3.1,5.7,0.0,0.0
university,target,0.25,pooled,0.25,aps_exact_guard,20,213.0,12.4,0.0,2.6,0.0,0.0
university,target,0.25,pooled,0.25,aps_exact_both,20,213.0,12.4,0.0,2.6,0.0,0.0
university,target,0.25,pooled,0.5,su_none,20,426.0,17.9,8.7,12.3,0.0,0.0
university,target,0.25,pooled,0.5,su_guard,20,426.0,9.65,0.0,3.8,0.0,0.0
university,target,0.25,pooled,0.5,distance_top1_none,20,426.0,23.1,7.9,12.15,0.0,0.0
university,target,0.25,pooled,0.5,distance_top1_guard,20,426.0,15.3,0.0,4.2,0.0,0.0
university,target,0.25,pooled,0.5,distance_grid_none,20,426.0,171.15,137.7,148.75,65.05,0.0
university,target,0.25,pooled,0.5,distance_grid_nonempty,20,426.0,126.4,96.6,106.35,0.0,0.0
university,target,0.25,pooled,0.5,distance_grid_guard,20,426.0,38.45,0.0,11.2,8.95,0.0
university,target,0.25,pooled,0.5,distance_grid_both,20,426.0,33.55,0.0,9.95,0.0,0.0
university,target,0.25,pooled,0.5,distance_exact_none,20,426.0,171.55,138.1,149.25,15.35,0.0
university,target,0.25,pooled,0.5,distance_exact_nonempty,20,426.0,162.0,129.15,140.15,0.0,0.0
university,target,0.25,pooled,0.5,distance_exact_guard,20,426.0,38.15,0.0,11.4,1.05,0.0
university,target,0.25,pooled,0.5,distance_exact_both,20,426.0,37.7,0.0,11.3,0.0,0.0
university,target,0.25,pooled,0.5,aps_grid_none,20,426.0,57.5,31.7,37.7,0.0,0.0
university,target,0.25,pooled,0.5,aps_grid_nonempty,20,426.0,57.5,31.7,37.7,0.0,0.0
university,target,0.25,pooled,0.5,aps_grid_guard,20,426.0,26.75,0.0,5.85,0.0,0.0
university,target,0.25,pooled,0.5,aps_grid_both,20,426.0,26.75,0.0,5.85,0.0,0.0
university,target,0.25,pooled,0.5,aps_exact_none,20,426.0,33.0,12.45,17.25,0.0,0.0
university,target,0.25,pooled,0.5,aps_exact_nonempty,20,426.0,33.0,12.45,17.25,0.0,0.0
university,target,0.25,pooled,0.5,aps_exact_guard,20,426.0,20.85,0.0,5.05,0.0,0.0
university,target,0.25,pooled,0.5,aps_exact_both,20,426.0,20.85,0.0,5.05,0.0,0.0
university,control,0.25,pooled,0.1,su_none,20,85.0,0.9,0.0,0.0,0.0,0.0
university,control,0.25,pooled,0.1,su_guard,20,85.0,0.9,0.0,0.0,0.0,0.0
university,control,0.25,pooled,0.1,distance_top1_none,20,85.0,2.0,0.0,0.0,0.0,0.0
university,control,0.25,pooled,0.1,distance_top1_guard,20,85.0,2.0,0.0,0.0,0.0,0.0
university,control,0.25,pooled,0.1,distance_grid_none,20,85.0,8.1,0.0,0.0,1.6,0.0
university,control,0.25,pooled,0.1,distance_grid_nonempty,20,85.0,6.7,0.0,0.0,0.0,0.0
university,control,0.25,pooled,0.1,distance_grid_guard,20,85.0,7.0,0.0,0.0,1.0,0.0
university,control,0.25,pooled,0.1,distance_grid_both,20,85.0,6.1,0.0,0.0,0.0,0.0
university,control,0.25,pooled,0.1,distance_exact_none,20,85.0,7.5,0.0,0.0,1.7,0.0
university,control,0.25,pooled,0.1,distance_exact_nonempty,20,85.0,5.8,0.0,0.0,0.0,0.0
university,control,0.25,pooled,0.1,distance_exact_guard,20,85.0,6.3,0.0,0.0,1.0,0.0
university,control,0.25,pooled,0.1,distance_exact_both,20,85.0,5.3,0.0,0.0,0.0,0.0
university,control,0.25,pooled,0.1,aps_grid_none,20,85.0,8.05,0.0,0.0,0.0,0.0
university,control,0.25,pooled,0.1,aps_grid_nonempty,20,85.0,8.05,0.0,0.0,0.0,0.0
university,control,0.25,pooled,0.1,aps_grid_guard,20,85.0,7.55,0.0,0.0,0.0,0.0
university,control,0.25,pooled,0.1,aps_grid_both,20,85.0,7.55,0.0,0.0,0.0,0.0
university,control,0.25,pooled,0.1,aps_exact_none,20,85.0,6.3,0.0,0.0,0.0,0.0
university,control,0.25,pooled,0.1,aps_exact_nonempty,20,85.0,6.3,0.0,0.0,0.0,0.0
university,control,0.25,pooled,0.1,aps_exact_guard,20,85.0,6.3,0.0,0.0,0.0,0.0
university,control,0.25,pooled,0.1,aps_exact_both,20,85.0,6.3,0.0,0.0,0.0,0.0
university,control,0.25,pooled,0.25,su_none,20,213.0,5.3,0.0,0.0,0.0,0.0
university,control,0.25,pooled,0.25,su_guard,20,213.0,5.3,0.0,0.0,0.0,0.0
university,control,0.25,pooled,0.25,distance_top1_none,20,213.0,3.0,0.0,0.0,0.0,0.0
university,control,0.25,pooled,0.25,distance_top1_guard,20,213.0,3.0,0.0,0.0,0.0,0.0
university,control,0.25,pooled,0.25,distance_grid_none,20,213.0,18.25,0.0,0.0,7.35,0.0
university,control,0.25,pooled,0.25,distance_grid_nonempty,20,213.0,14.05,0.0,0.0,0.0,0.0
university,control,0.25,pooled,0.25,distance_grid_guard,20,213.0,15.75,0.0,0.0,4.7,0.0
university,control,0.25,pooled,0.25,distance_grid_both,20,213.0,13.45,0.0,0.0,0.0,0.0
university,control,0.25,pooled,0.25,distance_exact_none,20,213.0,20.0,0.0,0.0,3.1,0.0
university,control,0.25,pooled,0.25,distance_exact_nonempty,20,213.0,16.9,0.0,0.0,0.0,0.0
university,control,0.25,pooled,0.25,distance_exact_guard,20,213.0,16.5,0.0,0.0,1.0,0.0
university,control,0.25,pooled,0.25,distance_exact_both,20,213.0,15.5,0.0,0.0,0.0,0.0
university,control,0.25,pooled,0.25,aps_grid_none,20,213.0,10.0,0.0,0.0,0.0,0.0
university,control,0.25,pooled,0.25,aps_grid_nonempty,20,213.0,10.0,0.0,0.0,0.0,0.0
university,control,0.25,pooled,0.25,aps_grid_guard,20,213.0,9.3,0.0,0.0,0.0,0.0
university,control,0.25,pooled,0.25,aps_grid_both,20,213.0,9.3,0.0,0.0,0.0,0.0
university,control,0.25,pooled,0.25,aps_exact_none,20,213.0,12.85,0.0,0.0,0.0,0.0
university,control,0.25,pooled,0.25,aps_exact_nonempty,20,213.0,12.85,0.0,0.0,0.0,0.0
university,control,0.25,pooled,0.25,aps_exact_guard,20,213.0,12.15,0.0,0.0,0.0,0.0
university,control,0.25,pooled,0.25,aps_exact_both,20,213.0,12.15,0.0,0.0,0.0,0.0
university,control,0.25,pooled,0.5,su_none,20,426.0,7.9,0.0,0.0,0.0,0.0
university,control,0.25,pooled,0.5,su_guard,20,426.0,7.9,0.0,0.0,0.0,0.0
university,control,0.25,pooled,0.5,distance_top1_none,20,426.0,11.3,0.0,0.0,0.0,0.0
university,control,0.25,pooled,0.5,distance_top1_guard,20,426.0,10.6,0.0,0.0,0.0,0.0
university,control,0.25,pooled,0.5,distance_grid_none,20,426.0,31.3,0.0,0.0,11.45,0.0
university,control,0.25,pooled,0.5,distance_grid_nonempty,20,426.0,24.75,0.0,0.0,0.0,0.0
university,control,0.25,pooled,0.5,distance_grid_guard,20,426.0,27.05,0.0,0.0,8.0,0.0
university,control,0.25,pooled,0.5,distance_grid_both,20,426.0,24.0,0.0,0.0,0.0,0.0
university,control,0.25,pooled,0.5,distance_exact_none,20,426.0,32.85,0.0,0.0,4.1,0.0
university,control,0.25,pooled,0.5,distance_exact_nonempty,20,426.0,29.95,0.0,0.0,0.0,0.0
university,control,0.25,pooled,0.5,distance_exact_guard,20,426.0,29.7,0.0,0.0,2.0,0.0
university,control,0.25,pooled,0.5,distance_exact_both,20,426.0,29.05,0.0,0.0,0.0,0.0
university,control,0.25,pooled,0.5,aps_grid_none,20,426.0,20.85,0.0,0.0,0.0,0.0
university,control,0.25,pooled,0.5,aps_grid_nonempty,20,426.0,20.85,0.0,0.0,0.0,0.0
university,control,0.25,pooled,0.5,aps_grid_guard,20,426.0,18.7,0.0,0.0,0.0,0.0
university,control,0.25,pooled,0.5,aps_grid_both,20,426.0,18.7,0.0,0.0,0.0,0.0
university,control,0.25,pooled,0.5,aps_exact_none,20,426.0,16.6,0.0,0.0,0.0,0.0
university,control,0.25,pooled,0.5,aps_exact_nonempty,20,426.0,16.6,0.0,0.0,0.0,0.0
university,control,0.25,pooled,0.5,aps_exact_guard,20,426.0,16.0,0.0,0.0,0.0,0.0
university,control,0.25,pooled,0.5,aps_exact_both,20,426.0,16.0,0.0,0.0,0.0,0.0
university,target,0.5,pooled,0.1,su_none,20,85.0,3.4,1.7,2.9,0.0,0.0
university,target,0.5,pooled,0.1,su_guard,20,85.0,1.8,0.0,1.2,0.0,0.0
university,target,0.5,pooled,0.1,distance_top1_none,20,85.0,3.3,1.65,2.4,0.0,0.0
university,target,0.5,pooled,0.1,distance_top1_guard,20,85.0,1.65,0.0,0.75,0.0,0.0
university,target,0.5,pooled,0.1,distance_grid_none,20,85.0,60.3,52.45,56.7,25.65,0.0
university,target,0.5,pooled,0.1,distance_grid_nonempty,20,85.0,48.2,41.05,45.35,0.0,0.0
university,target,0.5,pooled,0.1,distance_grid_guard,20,85.0,8.95,0.0,5.3,1.7,0.0
university,target,0.5,pooled,0.1,distance_grid_both,20,85.0,7.65,0.0,4.5,0.0,0.0
university,target,0.5,pooled,0.1,distance_exact_none,20,85.0,62.5,54.05,59.35,8.6,0.0
university,target,0.5,pooled,0.1,distance_exact_nonempty,20,85.0,59.3,52.55,56.8,0.0,0.0
university,target,0.5,pooled,0.1,distance_exact_guard,20,85.0,9.35,0.0,5.85,0.3,0.0
university,target,0.5,pooled,0.1,distance_exact_both,20,85.0,9.1,0.0,5.7,0.0,0.0
university,target,0.5,pooled,0.1,aps_grid_none,20,85.0,7.4,3.5,4.2,0.0,0.0
university,target,0.5,pooled,0.1,aps_grid_nonempty,20,85.0,7.4,3.5,4.2,0.0,0.0
university,target,0.5,pooled,0.1,aps_grid_guard,20,85.0,3.9,0.0,0.7,0.0,0.0
university,target,0.5,pooled,0.1,aps_grid_both,20,85.0,3.9,0.0,0.7,0.0,0.0
university,target,0.5,pooled,0.1,aps_exact_none,20,85.0,7.4,2.25,3.4,0.0,0.0
university,target,0.5,pooled,0.1,aps_exact_nonempty,20,85.0,7.4,2.25,3.4,0.0,0.0
university,target,0.5,pooled,0.1,aps_exact_guard,20,85.0,5.35,0.0,1.25,0.0,0.0
university,target,0.5,pooled,0.1,aps_exact_both,20,85.0,5.35,0.0,1.25,0.0,0.0
university,target,0.5,pooled,0.25,su_none,20,213.0,10.05,4.9,7.8,0.0,0.0
university,target,0.5,pooled,0.25,su_guard,20,213.0,5.25,0.0,3.0,0.0,0.0
university,target,0.5,pooled,0.25,distance_top1_none,20,213.0,10.95,4.7,7.65,0.0,0.0
university,target,0.5,pooled,0.25,distance_top1_guard,20,213.0,6.85,0.0,3.3,0.0,0.0
university,target,0.5,pooled,0.25,distance_grid_none,20,213.0,145.25,131.15,140.2,61.3,0.0
university,target,0.5,pooled,0.25,distance_grid_nonempty,20,213.0,117.45,102.1,111.65,0.0,0.0
university,target,0.5,pooled,0.25,distance_grid_guard,20,213.0,23.55,0.0,13.85,4.15,0.0
university,target,0.5,pooled,0.25,distance_grid_both,20,213.0,20.8,0.0,12.15,0.0,0.0
university,target,0.5,pooled,0.25,distance_exact_none,20,213.0,151.7,135.75,146.05,15.95,0.0
university,target,0.5,pooled,0.25,distance_exact_nonempty,20,213.0,146.45,132.5,141.5,0.0,0.0
university,target,0.5,pooled,0.25,distance_exact_guard,20,213.0,23.55,0.0,13.85,0.5,0.0
university,target,0.5,pooled,0.25,distance_exact_both,20,213.0,23.25,0.0,13.65,0.0,0.0
university,target,0.5,pooled,0.25,aps_grid_none,20,213.0,40.55,25.05,31.85,0.0,0.0
university,target,0.5,pooled,0.25,aps_grid_nonempty,20,213.0,40.55,25.05,31.85,0.0,0.0
university,target,0.5,pooled,0.25,aps_grid_guard,20,213.0,14.85,0.0,6.4,0.0,0.0
university,target,0.5,pooled,0.25,aps_grid_both,20,213.0,14.85,0.0,6.4,0.0,0.0
university,target,0.5,pooled,0.25,aps_exact_none,20,213.0,20.95,9.25,14.2,0.0,0.0
university,target,0.5,pooled,0.25,aps_exact_nonempty,20,213.0,20.95,9.25,14.2,0.0,0.0
university,target,0.5,pooled,0.25,aps_exact_guard,20,213.0,12.4,0.0,5.4,0.0,0.0
university,target,0.5,pooled,0.25,aps_exact_both,20,213.0,12.4,0.0,5.4,0.0,0.0
university,target,0.5,pooled,0.5,su_none,20,426.0,73.1,51.4,63.35,0.0,0.0
university,target,0.5,pooled,0.5,su_guard,19,426.0,43.1578947368421,0.0,21.05263157894737,0.0,0.0
university,target,0.5,pooled,0.5,distance_top1_none,20,426.0,72.05,50.75,61.8,0.0,0.0
university,target,0.5,pooled,0.5,distance_top1_guard,19,426.0,43.05263157894737,0.0,20.63157894736842,0.0,0.0
university,target,0.5,pooled,0.5,distance_grid_none,20,426.0,279.35,247.8,267.6,116.45,0.0
university,target,0.5,pooled,0.5,distance_grid_nonempty,20,426.0,214.15,184.05,202.85,0.0,0.0
university,target,0.5,pooled,0.5,distance_grid_guard,19,426.0,46.78947368421053,0.0,23.94736842105263,8.263157894736842,0.0
university,target,0.5,pooled,0.5,distance_grid_both,9,426.0,44.77777777777778,0.0,24.88888888888889,0.0,0.0
university,target,0.5,pooled,0.5,distance_exact_none,20,426.0,280.95,248.1,269.5,29.95,0.0
university,target,0.5,pooled,0.5,distance_exact_nonempty,20,426.0,267.2,236.5,256.35,0.0,0.0
university,target,0.5,pooled,0.5,distance_exact_guard,19,426.0,46.73684210526316,0.0,23.94736842105263,1.105263157894737,0.0
university,target,0.5,pooled,0.5,distance_exact_both,15,426.0,46.86666666666667,0.0,24.533333333333335,0.0,0.0
university,target,0.5,pooled,0.5,aps_grid_none,20,426.0,99.2,73.9,86.1,0.0,0.0
university,target,0.5,pooled,0.5,aps_grid_nonempty,20,426.0,99.2,73.9,86.1,0.0,0.0
university,target,0.5,pooled,0.5,aps_grid_guard,19,426.0,45.73684210526316,0.0,22.31578947368421,0.0,0.0
university,target,0.5,pooled,0.5,aps_grid_both,19,426.0,45.73684210526316,0.0,22.31578947368421,0.0,0.0
university,target,0.5,pooled,0.5,aps_exact_none,20,426.0,87.4,63.3,75.0,0.0,0.0
university,target,0.5,pooled,0.5,aps_exact_nonempty,20,426.0,87.4,63.3,75.0,0.0,0.0
university,target,0.5,pooled,0.5,aps_exact_guard,19,426.0,44.421052631578945,0.0,21.36842105263158,0.0,0.0
university,target,0.5,pooled,0.5,aps_exact_both,19,426.0,44.421052631578945,0.0,21.36842105263158,0.0,0.0
sues,target,0.25,pooled,0.1,su_none,20,142.0,1.1,0.95,0.95,0.0,0.0
sues,target,0.25,pooled,0.1,su_guard,20,142.0,0.15,0.0,0.0,0.0,0.0
sues,target,0.25,pooled,0.1,distance_top1_none,20,142.0,0.4,0.0,0.0,0.0,0.0
sues,target,0.25,pooled,0.1,distance_top1_guard,20,142.0,0.4,0.0,0.0,0.0,0.0
sues,target,0.25,pooled,0.1,distance_grid_none,20,142.0,60.25,51.45,54.15,17.25,0.0
sues,target,0.25,pooled,0.1,distance_grid_nonempty,20,142.0,52.8,42.3,46.0,0.0,0.0
sues,target,0.25,pooled,0.1,distance_grid_guard,20,142.0,17.0,0.0,5.55,4.2,0.0
sues,target,0.25,pooled,0.1,distance_grid_both,20,142.0,14.4,0.0,5.05,0.0,0.0
sues,target,0.25,pooled,0.1,distance_exact_none,20,142.0,60.65,52.05,54.75,8.5,0.0
sues,target,0.25,pooled,0.1,distance_exact_nonempty,20,142.0,56.75,47.4,50.5,0.0,0.0
sues,target,0.25,pooled,0.1,distance_exact_guard,20,142.0,16.95,0.0,5.2,2.85,0.0
sues,target,0.25,pooled,0.1,distance_exact_both,20,142.0,15.1,0.0,5.1,0.0,0.0
sues,target,0.25,pooled,0.1,aps_grid_none,20,142.0,13.8,2.8,5.25,0.0,0.0
sues,target,0.25,pooled,0.1,aps_grid_nonempty,20,142.0,13.8,2.8,5.25,0.0,0.0
sues,target,0.25,pooled,0.1,aps_grid_guard,20,142.0,11.8,0.0,2.55,0.0,0.0
sues,target,0.25,pooled,0.1,aps_grid_both,20,142.0,11.8,0.0,2.55,0.0,0.0
sues,target,0.25,pooled,0.1,aps_exact_none,20,142.0,10.9,1.35,2.3,0.0,0.0
sues,target,0.25,pooled,0.1,aps_exact_nonempty,20,142.0,10.9,1.35,2.3,0.0,0.0
sues,target,0.25,pooled,0.1,aps_exact_guard,20,142.0,9.55,0.0,0.95,0.0,0.0
sues,target,0.25,pooled,0.1,aps_exact_both,20,142.0,9.55,0.0,0.95,0.0,0.0
sues,target,0.25,pooled,0.25,su_none,20,357.0,5.85,2.75,2.95,0.0,0.0
sues,target,0.25,pooled,0.25,su_guard,20,357.0,3.1,0.0,0.2,0.0,0.0
sues,target,0.25,pooled,0.25,distance_top1_none,20,357.0,14.05,1.6,4.35,0.0,0.0
sues,target,0.25,pooled,0.25,distance_top1_guard,20,357.0,12.7,0.0,2.75,0.0,0.0
sues,target,0.25,pooled,0.25,distance_grid_none,20,357.0,147.2,110.25,121.75,30.35,0.0
sues,target,0.25,pooled,0.25,distance_grid_nonempty,20,357.0,129.15,91.95,104.6,0.0,0.0
sues,target,0.25,pooled,0.25,distance_grid_guard,20,357.0,46.0,0.0,14.45,5.5,0.0
sues,target,0.25,pooled,0.25,distance_grid_both,20,357.0,43.2,0.0,13.9,0.0,0.0
sues,target,0.25,pooled,0.25,distance_exact_none,20,357.0,147.85,111.05,122.75,14.45,0.0
sues,target,0.25,pooled,0.25,distance_exact_nonempty,20,357.0,139.2,101.85,114.1,0.0,0.0
sues,target,0.25,pooled,0.25,distance_exact_guard,20,357.0,46.35,0.0,14.6,2.9,0.0
sues,target,0.25,pooled,0.25,distance_exact_both,20,357.0,44.45,0.0,14.35,0.0,0.0
sues,target,0.25,pooled,0.25,aps_grid_none,20,357.0,42.0,12.55,17.8,0.0,0.0
sues,target,0.25,pooled,0.25,aps_grid_nonempty,20,357.0,42.0,12.55,17.8,0.0,0.0
sues,target,0.25,pooled,0.25,aps_grid_guard,20,357.0,31.2,0.0,5.85,0.0,0.0
sues,target,0.25,pooled,0.25,aps_grid_both,20,357.0,31.2,0.0,5.85,0.0,0.0
sues,target,0.25,pooled,0.25,aps_exact_none,20,357.0,39.65,11.35,16.7,0.0,0.0
sues,target,0.25,pooled,0.25,aps_exact_nonempty,20,357.0,39.65,11.35,16.7,0.0,0.0
sues,target,0.25,pooled,0.25,aps_exact_guard,20,357.0,30.05,0.0,5.75,0.0,0.0
sues,target,0.25,pooled,0.25,aps_exact_both,20,357.0,30.05,0.0,5.75,0.0,0.0
sues,target,0.25,pooled,0.5,su_none,20,714.0,43.1,21.5,27.55,0.0,0.0
sues,target,0.25,pooled,0.5,su_guard,20,714.0,23.95,0.0,6.65,0.0,0.0
sues,target,0.25,pooled,0.5,distance_top1_none,20,714.0,92.25,39.2,51.65,0.0,0.0
sues,target,0.25,pooled,0.5,distance_top1_guard,20,714.0,63.2,0.0,14.3,0.0,0.0
sues,target,0.25,pooled,0.5,distance_grid_none,20,714.0,282.65,195.85,223.05,44.35,0.0
sues,target,0.25,pooled,0.5,distance_grid_nonempty,20,714.0,258.15,172.7,199.85,0.0,0.0
sues,target,0.25,pooled,0.5,distance_grid_guard,20,714.0,111.35,0.0,31.25,13.7,0.0
sues,target,0.25,pooled,0.5,distance_grid_both,20,714.0,104.45,0.0,29.7,0.0,0.0
sues,target,0.25,pooled,0.5,distance_exact_none,20,714.0,281.5,195.6,222.45,21.5,0.0
sues,target,0.25,pooled,0.5,distance_exact_nonempty,20,714.0,269.4,184.7,211.45,0.0,0.0
sues,target,0.25,pooled,0.5,distance_exact_guard,20,714.0,110.6,0.0,31.0,8.1,0.0
sues,target,0.25,pooled,0.5,distance_exact_both,20,714.0,105.95,0.0,30.05,0.0,0.0
sues,target,0.25,pooled,0.5,aps_grid_none,20,714.0,140.0,55.55,73.7,0.0,0.0
sues,target,0.25,pooled,0.5,aps_grid_nonempty,20,714.0,140.0,55.55,73.7,0.0,0.0
sues,target,0.25,pooled,0.5,aps_grid_guard,20,714.0,98.05,0.0,21.75,0.0,0.0
sues,target,0.25,pooled,0.5,aps_grid_both,20,714.0,98.05,0.0,21.75,0.0,0.0
sues,target,0.25,pooled,0.5,aps_exact_none,20,714.0,139.25,55.9,73.5,0.0,0.0
sues,target,0.25,pooled,0.5,aps_exact_nonempty,20,714.0,139.25,55.9,73.5,0.0,0.0
sues,target,0.25,pooled,0.5,aps_exact_guard,20,714.0,94.7,0.0,20.35,0.0,0.0
sues,target,0.25,pooled,0.5,aps_exact_both,20,714.0,94.7,0.0,20.35,0.0,0.0
sues,target,0.25,150,0.1,su_none,20,35.0,0.0,0.0,0.0,0.0,0.0
sues,target,0.25,150,0.1,su_guard,20,35.0,0.0,0.0,0.0,0.0,0.0
sues,target,0.25,150,0.1,distance_top1_none,20,35.0,2.7,0.3,1.1,0.0,0.0
sues,target,0.25,150,0.1,distance_top1_guard,20,35.0,2.45,0.0,0.8,0.0,0.0
sues,target,0.25,150,0.1,distance_grid_none,20,35.0,14.45,11.2,12.15,5.65,0.0
sues,target,0.25,150,0.1,distance_grid_nonempty,20,35.0,11.25,7.5,8.55,0.0,0.0
sues,target,0.25,150,0.1,distance_grid_guard,20,35.0,5.5,0.0,1.15,1.0,0.0
sues,target,0.25,150,0.1,distance_grid_both,20,35.0,5.35,0.0,1.25,0.0,0.0
sues,target,0.25,150,0.1,distance_exact_none,20,35.0,14.3,11.25,12.05,2.9,0.0
sues,target,0.25,150,0.1,distance_exact_nonempty,20,35.0,13.25,9.7,10.75,0.0,0.0
sues,target,0.25,150,0.1,distance_exact_guard,20,35.0,5.45,0.0,1.15,1.0,0.0
sues,target,0.25,150,0.1,distance_exact_both,20,35.0,5.45,0.0,1.3,0.0,0.0
sues,target,0.25,150,0.1,aps_grid_none,20,35.0,4.75,1.2,2.2,0.0,0.0
sues,target,0.25,150,0.1,aps_grid_nonempty,20,35.0,4.75,1.2,2.2,0.0,0.0
sues,target,0.25,150,0.1,aps_grid_guard,20,35.0,3.7,0.0,1.05,0.0,0.0
sues,target,0.25,150,0.1,aps_grid_both,20,35.0,3.7,0.0,1.05,0.0,0.0
sues,target,0.25,150,0.1,aps_exact_none,20,35.0,4.8,1.3,2.35,0.0,0.0
sues,target,0.25,150,0.1,aps_exact_nonempty,20,35.0,4.8,1.3,2.35,0.0,0.0
sues,target,0.25,150,0.1,aps_exact_guard,20,35.0,3.7,0.0,1.1,0.0,0.0
sues,target,0.25,150,0.1,aps_exact_both,20,35.0,3.7,0.0,1.1,0.0,0.0
sues,target,0.25,150,0.25,su_none,20,89.0,2.9,1.4,1.95,0.0,0.0
sues,target,0.25,150,0.25,su_guard,20,89.0,1.55,0.0,0.6,0.0,0.0
sues,target,0.25,150,0.25,distance_top1_none,20,89.0,12.05,3.9,6.6,0.0,0.0
sues,target,0.25,150,0.25,distance_top1_guard,20,89.0,9.5,0.0,2.85,0.0,0.0
sues,target,0.25,150,0.25,distance_grid_none,20,89.0,40.45,25.6,29.9,9.25,0.0
sues,target,0.25,150,0.25,distance_grid_nonempty,20,89.0,35.9,19.45,24.45,0.0,0.0
sues,target,0.25,150,0.25,distance_grid_guard,20,89.0,19.95,0.0,5.95,1.45,0.0
sues,target,0.25,150,0.25,distance_grid_both,20,89.0,19.3,0.0,6.0,0.0,0.0
sues,target,0.25,150,0.25,distance_exact_none,20,89.0,41.05,25.65,30.1,5.4,0.0
sues,target,0.25,150,0.25,distance_exact_nonempty,20,89.0,38.75,22.8,27.7,0.0,0.0
sues,target,0.25,150,0.25,distance_exact_guard,20,89.0,20.1,0.0,6.0,1.45,0.0
sues,target,0.25,150,0.25,distance_exact_both,20,89.0,19.65,0.0,6.15,0.0,0.0
sues,target,0.25,150,0.25,aps_grid_none,20,89.0,22.4,6.95,10.25,0.0,0.0
sues,target,0.25,150,0.25,aps_grid_nonempty,20,89.0,22.4,6.95,10.25,0.0,0.0
sues,target,0.25,150,0.25,aps_grid_guard,20,89.0,18.2,0.0,3.8,0.0,0.0
sues,target,0.25,150,0.25,aps_grid_both,20,89.0,18.2,0.0,3.8,0.0,0.0
sues,target,0.25,150,0.25,aps_exact_none,20,89.0,22.1,6.5,9.75,0.0,0.0
sues,target,0.25,150,0.25,aps_exact_nonempty,20,89.0,22.1,6.5,9.75,0.0,0.0
sues,target,0.25,150,0.25,aps_exact_guard,20,89.0,17.55,0.0,3.4,0.0,0.0
sues,target,0.25,150,0.25,aps_exact_both,20,89.0,17.55,0.0,3.4,0.0,0.0
sues,target,0.25,150,0.5,su_none,20,178.0,27.2,12.3,17.35,0.0,0.0
sues,target,0.25,150,0.5,su_guard,20,178.0,21.15,0.0,6.35,0.0,0.0
sues,target,0.25,150,0.5,distance_top1_none,20,178.0,46.95,13.45,21.7,0.0,0.0
sues,target,0.25,150,0.5,distance_top1_guard,20,178.0,37.7,0.0,8.75,0.0,0.0
sues,target,0.25,150,0.5,distance_grid_none,20,178.0,81.15,44.6,55.55,11.75,0.0
sues,target,0.25,150,0.5,distance_grid_nonempty,20,178.0,76.2,37.65,49.5,0.0,0.0
sues,target,0.25,150,0.5,distance_grid_guard,20,178.0,48.3,0.0,13.3,4.15,0.0
sues,target,0.25,150,0.5,distance_grid_both,20,178.0,46.55,0.0,13.1,0.0,0.0
sues,target,0.25,150,0.5,distance_exact_none,20,178.0,81.35,44.4,55.4,6.45,0.0
sues,target,0.25,150,0.5,distance_exact_nonempty,20,178.0,79.2,41.2,52.65,0.0,0.0
sues,target,0.25,150,0.5,distance_exact_guard,20,178.0,48.1,0.0,13.35,2.65,0.0
sues,target,0.25,150,0.5,distance_exact_both,20,178.0,46.85,0.0,13.1,0.0,0.0
sues,target,0.25,150,0.5,aps_grid_none,20,178.0,59.6,15.25,25.2,0.0,0.0
sues,target,0.25,150,0.5,aps_grid_nonempty,20,178.0,59.6,15.25,25.2,0.0,0.0
sues,target,0.25,150,0.5,aps_grid_guard,20,178.0,46.65,0.0,10.85,0.0,0.0
sues,target,0.25,150,0.5,aps_grid_both,20,178.0,46.65,0.0,10.85,0.0,0.0
sues,target,0.25,150,0.5,aps_exact_none,20,178.0,55.65,14.85,24.7,0.0,0.0
sues,target,0.25,150,0.5,aps_exact_nonempty,20,178.0,55.65,14.85,24.7,0.0,0.0
sues,target,0.25,150,0.5,aps_exact_guard,20,178.0,45.0,0.0,10.4,0.0,0.0
sues,target,0.25,150,0.5,aps_exact_both,20,178.0,45.0,0.0,10.4,0.0,0.0
sues,target,0.25,200,0.1,su_none,20,35.0,0.0,0.0,0.0,0.0,0.0
sues,target,0.25,200,0.1,su_guard,20,35.0,0.0,0.0,0.0,0.0,0.0
sues,target,0.25,200,0.1,distance_top1_none,20,35.0,0.0,0.0,0.0,0.0,0.0
sues,target,0.25,200,0.1,distance_top1_guard,20,35.0,0.0,0.0,0.0,0.0,0.0
sues,target,0.25,200,0.1,distance_grid_none,20,35.0,14.2,14.0,14.15,4.75,0.0
sues,target,0.25,200,0.1,distance_grid_nonempty,20,35.0,11.85,11.15,11.55,0.0,0.0
sues,target,0.25,200,0.1,distance_grid_guard,20,35.0,3.5,0.0,1.35,2.45,0.0
sues,target,0.25,200,0.1,distance_grid_both,20,35.0,1.7,0.0,0.9,0.0,0.0
sues,target,0.25,200,0.1,distance_exact_none,20,35.0,14.55,14.35,14.5,1.9,0.0
sues,target,0.25,200,0.1,distance_exact_nonempty,20,35.0,13.1,12.85,13.0,0.0,0.0
sues,target,0.25,200,0.1,distance_exact_guard,20,35.0,3.65,0.0,1.45,1.1,0.0
sues,target,0.25,200,0.1,distance_exact_both,20,35.0,2.55,0.0,1.1,0.0,0.0
sues,target,0.25,200,0.1,aps_grid_none,20,35.0,5.9,1.0,1.7,0.0,0.0
sues,target,0.25,200,0.1,aps_grid_nonempty,20,35.0,5.9,1.0,1.7,0.0,0.0
sues,target,0.25,200,0.1,aps_grid_guard,20,35.0,5.15,0.0,0.7,0.0,0.0
sues,target,0.25,200,0.1,aps_grid_both,20,35.0,5.15,0.0,0.7,0.0,0.0
sues,target,0.25,200,0.1,aps_exact_none,20,35.0,3.55,0.5,1.0,0.0,0.0
sues,target,0.25,200,0.1,aps_exact_nonempty,20,35.0,3.55,0.5,1.0,0.0,0.0
sues,target,0.25,200,0.1,aps_exact_guard,20,35.0,3.15,0.0,0.55,0.0,0.0
sues,target,0.25,200,0.1,aps_exact_both,20,35.0,3.15,0.0,0.55,0.0,0.0
sues,target,0.25,200,0.25,su_none,20,89.0,0.7,0.65,0.7,0.0,0.0
sues,target,0.25,200,0.25,su_guard,20,89.0,0.1,0.0,0.1,0.0,0.0
sues,target,0.25,200,0.25,distance_top1_none,20,89.0,6.0,0.9,1.8,0.0,0.0
sues,target,0.25,200,0.25,distance_top1_guard,20,89.0,5.1,0.0,0.9,0.0,0.0
sues,target,0.25,200,0.25,distance_grid_none,20,89.0,34.65,27.5,29.5,10.05,0.0
sues,target,0.25,200,0.25,distance_grid_nonempty,20,89.0,28.8,22.35,24.4,0.0,0.0
sues,target,0.25,200,0.25,distance_grid_guard,20,89.0,10.25,0.0,2.95,2.85,0.0
sues,target,0.25,200,0.25,distance_grid_both,20,89.0,8.15,0.0,2.55,0.0,0.0
sues,target,0.25,200,0.25,distance_exact_none,20,89.0,34.65,27.65,29.65,4.4,0.0
sues,target,0.25,200,0.25,distance_exact_nonempty,20,89.0,31.8,25.55,27.35,0.0,0.0
sues,target,0.25,200,0.25,distance_exact_guard,20,89.0,10.3,0.0,2.95,1.45,0.0
sues,target,0.25,200,0.25,distance_exact_both,20,89.0,9.05,0.0,2.7,0.0,0.0
sues,target,0.25,200,0.25,aps_grid_none,20,89.0,16.65,3.95,5.9,0.0,0.0
sues,target,0.25,200,0.25,aps_grid_nonempty,20,89.0,16.65,3.95,5.9,0.0,0.0
sues,target,0.25,200,0.25,aps_grid_guard,20,89.0,13.15,0.0,2.1,0.0,0.0
sues,target,0.25,200,0.25,aps_grid_both,20,89.0,13.15,0.0,2.1,0.0,0.0
sues,target,0.25,200,0.25,aps_exact_none,20,89.0,13.75,3.9,5.75,0.0,0.0
sues,target,0.25,200,0.25,aps_exact_nonempty,20,89.0,13.75,3.9,5.75,0.0,0.0
sues,target,0.25,200,0.25,aps_exact_guard,20,89.0,10.25,0.0,1.95,0.0,0.0
sues,target,0.25,200,0.25,aps_exact_both,20,89.0,10.25,0.0,1.95,0.0,0.0
sues,target,0.25,200,0.5,su_none,20,178.0,11.4,6.95,8.65,0.0,0.0
sues,target,0.25,200,0.5,su_guard,20,178.0,6.4,0.0,2.2,0.0,0.0
sues,target,0.25,200,0.5,distance_top1_none,20,178.0,26.8,8.85,12.7,0.0,0.0
sues,target,0.25,200,0.5,distance_top1_guard,20,178.0,21.6,0.0,4.7,0.0,0.0
sues,target,0.25,200,0.5,distance_grid_none,20,178.0,69.15,49.95,55.75,13.15,0.0
sues,target,0.25,200,0.5,distance_grid_nonempty,20,178.0,60.55,43.7,48.95,0.0,0.0
sues,target,0.25,200,0.5,distance_grid_guard,20,178.0,21.6,0.0,6.35,4.4,0.0
sues,target,0.25,200,0.5,distance_grid_both,20,178.0,18.8,0.0,5.95,0.0,0.0
sues,target,0.25,200,0.5,distance_exact_none,20,178.0,69.25,49.95,55.8,5.55,0.0
sues,target,0.25,200,0.5,distance_exact_nonempty,20,178.0,65.6,47.5,53.05,0.0,0.0
sues,target,0.25,200,0.5,distance_exact_guard,20,178.0,21.15,0.0,6.3,1.45,0.0
sues,target,0.25,200,0.5,distance_exact_both,20,178.0,20.05,0.0,6.0,0.0,0.0
sues,target,0.25,200,0.5,aps_grid_none,20,178.0,39.6,11.95,17.95,0.0,0.0
sues,target,0.25,200,0.5,aps_grid_nonempty,20,178.0,39.6,11.95,17.95,0.0,0.0
sues,target,0.25,200,0.5,aps_grid_guard,20,178.0,28.8,0.0,6.45,0.0,0.0
sues,target,0.25,200,0.5,aps_grid_both,20,178.0,28.8,0.0,6.45,0.0,0.0
sues,target,0.25,200,0.5,aps_exact_none,20,178.0,38.6,12.35,17.9,0.0,0.0
sues,target,0.25,200,0.5,aps_exact_nonempty,20,178.0,38.6,12.35,17.9,0.0,0.0
sues,target,0.25,200,0.5,aps_exact_guard,20,178.0,28.05,0.0,6.25,0.0,0.0
sues,target,0.25,200,0.5,aps_exact_both,20,178.0,28.05,0.0,6.25,0.0,0.0
sues,target,0.25,250,0.1,su_none,20,35.0,0.3,0.3,0.3,0.0,0.0
sues,target,0.25,250,0.1,su_guard,20,35.0,0.0,0.0,0.0,0.0,0.0
sues,target,0.25,250,0.1,distance_top1_none,20,35.0,0.0,0.0,0.0,0.0,0.0
sues,target,0.25,250,0.1,distance_top1_guard,20,35.0,0.0,0.0,0.0,0.0,0.0
sues,target,0.25,250,0.1,distance_grid_none,20,35.0,14.1,12.7,13.35,2.75,0.0
sues,target,0.25,250,0.1,distance_grid_nonempty,20,35.0,12.25,10.7,11.5,0.0,0.0
sues,target,0.25,250,0.1,distance_grid_guard,20,35.0,1.75,0.0,0.8,0.0,0.0
sues,target,0.25,250,0.1,distance_grid_both,20,35.0,1.75,0.0,0.8,0.0,0.0
sues,target,0.25,250,0.1,distance_exact_none,20,35.0,14.5,13.1,13.75,0.95,0.0
sues,target,0.25,250,0.1,distance_exact_nonempty,20,35.0,13.8,12.4,13.05,0.0,0.0
sues,target,0.25,250,0.1,distance_exact_guard,20,35.0,1.9,0.0,0.9,0.0,0.0
sues,target,0.25,250,0.1,distance_exact_both,20,35.0,1.9,0.0,0.9,0.0,0.0
sues,target,0.25,250,0.1,aps_grid_none,20,35.0,3.15,0.5,1.15,0.0,0.0
sues,target,0.25,250,0.1,aps_grid_nonempty,20,35.0,3.15,0.5,1.15,0.0,0.0
sues,target,0.25,250,0.1,aps_grid_guard,20,35.0,2.8,0.0,0.65,0.0,0.0
sues,target,0.25,250,0.1,aps_grid_both,20,35.0,2.8,0.0,0.65,0.0,0.0
sues,target,0.25,250,0.1,aps_exact_none,20,35.0,3.8,0.35,0.6,0.0,0.0
sues,target,0.25,250,0.1,aps_exact_nonempty,20,35.0,3.8,0.35,0.6,0.0,0.0
sues,target,0.25,250,0.1,aps_exact_guard,20,35.0,3.45,0.0,0.25,0.0,0.0
sues,target,0.25,250,0.1,aps_exact_both,20,35.0,3.45,0.0,0.25,0.0,0.0
sues,target,0.25,250,0.25,su_none,20,89.0,1.55,0.75,0.8,0.0,0.0
sues,target,0.25,250,0.25,su_guard,20,89.0,0.8,0.0,0.05,0.0,0.0
sues,target,0.25,250,0.25,distance_top1_none,20,89.0,3.4,0.3,0.8,0.0,0.0
sues,target,0.25,250,0.25,distance_top1_guard,20,89.0,3.2,0.0,0.55,0.0,0.0
sues,target,0.25,250,0.25,distance_grid_none,20,89.0,35.25,28.75,31.35,5.35,0.0
sues,target,0.25,250,0.25,distance_grid_nonempty,20,89.0,31.4,24.45,27.2,0.0,0.0
sues,target,0.25,250,0.25,distance_grid_guard,20,89.0,7.25,0.0,2.8,0.75,0.0
sues,target,0.25,250,0.25,distance_grid_both,20,89.0,7.1,0.0,2.75,0.0,0.0
sues,target,0.25,250,0.25,distance_exact_none,20,89.0,35.5,28.8,31.45,1.45,0.0
sues,target,0.25,250,0.25,distance_exact_nonempty,20,89.0,34.45,27.5,30.35,0.0,0.0
sues,target,0.25,250,0.25,distance_exact_guard,20,89.0,7.2,0.0,2.8,0.15,0.0
sues,target,0.25,250,0.25,distance_exact_both,20,89.0,7.1,0.0,2.75,0.0,0.0
sues,target,0.25,250,0.25,aps_grid_none,20,89.0,8.75,2.0,3.35,0.0,0.0
sues,target,0.25,250,0.25,aps_grid_nonempty,20,89.0,8.75,2.0,3.35,0.0,0.0
sues,target,0.25,250,0.25,aps_grid_guard,20,89.0,7.05,0.0,1.45,0.0,0.0
sues,target,0.25,250,0.25,aps_grid_both,20,89.0,7.05,0.0,1.45,0.0,0.0
sues,target,0.25,250,0.25,aps_exact_none,20,89.0,9.05,2.0,3.3,0.0,0.0
sues,target,0.25,250,0.25,aps_exact_nonempty,20,89.0,9.05,2.0,3.3,0.0,0.0
sues,target,0.25,250,0.25,aps_exact_guard,20,89.0,7.25,0.0,1.4,0.0,0.0
sues,target,0.25,250,0.25,aps_exact_both,20,89.0,7.25,0.0,1.4,0.0,0.0
sues,target,0.25,250,0.5,su_none,20,178.0,7.55,3.25,4.75,0.0,0.0
sues,target,0.25,250,0.5,su_guard,20,178.0,4.4,0.0,1.4,0.0,0.0
sues,target,0.25,250,0.5,distance_top1_none,20,178.0,17.0,5.95,8.5,0.0,0.0
sues,target,0.25,250,0.5,distance_top1_guard,20,178.0,12.1,0.0,2.8,0.0,0.0
sues,target,0.25,250,0.5,distance_grid_none,20,178.0,64.9,49.85,55.35,9.75,0.0
sues,target,0.25,250,0.5,distance_grid_nonempty,20,178.0,59.2,44.45,49.95,0.0,0.0
sues,target,0.25,250,0.5,distance_grid_guard,20,178.0,20.5,0.0,6.15,2.0,0.0
sues,target,0.25,250,0.5,distance_grid_both,20,178.0,20.1,0.0,5.9,0.0,0.0
sues,target,0.25,250,0.5,distance_exact_none,20,178.0,65.05,49.75,55.45,3.75,0.0
sues,target,0.25,250,0.5,distance_exact_nonempty,20,178.0,63.1,48.35,53.85,0.0,0.0
sues,target,0.25,250,0.5,distance_exact_guard,20,178.0,20.2,0.0,6.1,1.45,0.0
sues,target,0.25,250,0.5,distance_exact_both,20,178.0,19.7,0.0,5.85,0.0,0.0
sues,target,0.25,250,0.5,aps_grid_none,20,178.0,27.05,10.9,14.15,0.0,0.0
sues,target,0.25,250,0.5,aps_grid_nonempty,20,178.0,27.05,10.9,14.15,0.0,0.0
sues,target,0.25,250,0.5,aps_grid_guard,20,178.0,17.15,0.0,3.65,0.0,0.0
sues,target,0.25,250,0.5,aps_grid_both,20,178.0,17.15,0.0,3.65,0.0,0.0
sues,target,0.25,250,0.5,aps_exact_none,20,178.0,26.35,10.75,13.75,0.0,0.0
sues,target,0.25,250,0.5,aps_exact_nonempty,20,178.0,26.35,10.75,13.75,0.0,0.0
sues,target,0.25,250,0.5,aps_exact_guard,20,178.0,17.5,0.0,3.65,0.0,0.0
sues,target,0.25,250,0.5,aps_exact_both,20,178.0,17.5,0.0,3.65,0.0,0.0
sues,target,0.25,300,0.1,su_none,20,35.0,0.0,0.0,0.0,0.0,0.0
sues,target,0.25,300,0.1,su_guard,20,35.0,0.0,0.0,0.0,0.0,0.0
sues,target,0.25,300,0.1,distance_top1_none,20,35.0,0.0,0.0,0.0,0.0,0.0
sues,target,0.25,300,0.1,distance_top1_guard,20,35.0,0.0,0.0,0.0,0.0,0.0
sues,target,0.25,300,0.1,distance_grid_none,20,35.0,15.65,14.3,15.05,3.15,0.0
sues,target,0.25,300,0.1,distance_grid_nonempty,20,35.0,13.7,12.35,13.1,0.0,0.0
sues,target,0.25,300,0.1,distance_grid_guard,20,35.0,1.75,0.0,0.8,0.4,0.0
sues,target,0.25,300,0.1,distance_grid_both,20,35.0,1.35,0.0,0.65,0.0,0.0
sues,target,0.25,300,0.1,distance_exact_none,20,35.0,15.1,13.75,14.5,1.95,0.0
sues,target,0.25,300,0.1,distance_exact_nonempty,20,35.0,14.2,12.85,13.6,0.0,0.0
sues,target,0.25,300,0.1,distance_exact_guard,20,35.0,1.8,0.0,0.8,0.0,0.0
sues,target,0.25,300,0.1,distance_exact_both,20,35.0,1.8,0.0,0.8,0.0,0.0
sues,target,0.25,300,0.1,aps_grid_none,20,35.0,2.75,0.45,0.8,0.0,0.0
sues,target,0.25,300,0.1,aps_grid_nonempty,20,35.0,2.75,0.45,0.8,0.0,0.0
sues,target,0.25,300,0.1,aps_grid_guard,20,35.0,2.3,0.0,0.35,0.0,0.0
sues,target,0.25,300,0.1,aps_grid_both,20,35.0,2.3,0.0,0.35,0.0,0.0
sues,target,0.25,300,0.1,aps_exact_none,20,35.0,1.55,0.0,0.0,0.0,0.0
sues,target,0.25,300,0.1,aps_exact_nonempty,20,35.0,1.55,0.0,0.0,0.0,0.0
sues,target,0.25,300,0.1,aps_exact_guard,20,35.0,1.55,0.0,0.0,0.0,0.0
sues,target,0.25,300,0.1,aps_exact_both,20,35.0,1.55,0.0,0.0,0.0,0.0
sues,target,0.25,300,0.25,su_none,20,89.0,2.4,0.55,0.65,0.0,0.0
sues,target,0.25,300,0.25,su_guard,20,89.0,1.85,0.0,0.1,0.0,0.0
sues,target,0.25,300,0.25,distance_top1_none,20,89.0,1.25,0.0,0.2,0.0,0.0
sues,target,0.25,300,0.25,distance_top1_guard,20,89.0,1.25,0.0,0.2,0.0,0.0
sues,target,0.25,300,0.25,distance_grid_none,20,89.0,34.7,30.3,32.05,5.5,0.0
sues,target,0.25,300,0.25,distance_grid_nonempty,20,89.0,31.1,27.15,28.75,0.0,0.0
sues,target,0.25,300,0.25,distance_grid_guard,20,89.0,4.6,0.0,1.8,0.55,0.0
sues,target,0.25,300,0.25,distance_grid_both,20,89.0,4.05,0.0,1.65,0.0,0.0
sues,target,0.25,300,0.25,distance_exact_none,20,89.0,34.55,30.15,31.9,3.3,0.0
sues,target,0.25,300,0.25,distance_exact_nonempty,20,89.0,32.5,28.05,29.8,0.0,0.0
sues,target,0.25,300,0.25,distance_exact_guard,20,89.0,4.55,0.0,1.75,0.0,0.0
sues,target,0.25,300,0.25,distance_exact_both,20,89.0,4.55,0.0,1.75,0.0,0.0
sues,target,0.25,300,0.25,aps_grid_none,20,89.0,8.0,2.3,3.3,0.0,0.0
sues,target,0.25,300,0.25,aps_grid_nonempty,20,89.0,8.0,2.3,3.3,0.0,0.0
sues,target,0.25,300,0.25,aps_grid_guard,20,89.0,5.7,0.0,1.0,0.0,0.0
sues,target,0.25,300,0.25,aps_grid_both,20,89.0,5.7,0.0,1.0,0.0,0.0
sues,target,0.25,300,0.25,aps_exact_none,20,89.0,6.8,1.15,2.05,0.0,0.0
sues,target,0.25,300,0.25,aps_exact_nonempty,20,89.0,6.8,1.15,2.05,0.0,0.0
sues,target,0.25,300,0.25,aps_exact_guard,20,89.0,5.85,0.0,0.95,0.0,0.0
sues,target,0.25,300,0.25,aps_exact_both,20,89.0,5.85,0.0,0.95,0.0,0.0
sues,target,0.25,300,0.5,su_none,20,178.0,5.6,2.15,2.6,0.0,0.0
sues,target,0.25,300,0.5,su_guard,20,178.0,3.6,0.0,0.45,0.0,0.0
sues,target,0.25,300,0.5,distance_top1_none,20,178.0,8.1,3.05,4.25,0.0,0.0
sues,target,0.25,300,0.5,distance_top1_guard,20,178.0,5.75,0.0,1.35,0.0,0.0
sues,target,0.25,300,0.5,distance_grid_none,20,178.0,61.85,53.5,56.8,7.4,0.0
sues,target,0.25,300,0.5,distance_grid_nonempty,20,178.0,56.2,48.1,51.3,0.0,0.0
sues,target,0.25,300,0.5,distance_grid_guard,20,178.0,13.25,0.0,3.05,1.7,0.0
sues,target,0.25,300,0.5,distance_grid_both,20,178.0,11.85,0.0,2.9,0.0,0.0
sues,target,0.25,300,0.5,distance_exact_none,20,178.0,61.9,53.65,56.95,4.35,0.0
sues,target,0.25,300,0.5,distance_exact_nonempty,20,178.0,58.55,50.1,53.45,0.0,0.0
sues,target,0.25,300,0.5,distance_exact_guard,20,178.0,13.1,0.0,3.05,1.15,0.0
sues,target,0.25,300,0.5,distance_exact_both,20,178.0,12.3,0.0,3.15,0.0,0.0
sues,target,0.25,300,0.5,aps_grid_none,20,178.0,20.65,9.25,12.1,0.0,0.0
sues,target,0.25,300,0.5,aps_grid_nonempty,20,178.0,20.65,9.25,12.1,0.0,0.0
sues,target,0.25,300,0.5,aps_grid_guard,20,178.0,11.35,0.0,2.9,0.0,0.0
sues,target,0.25,300,0.5,aps_grid_both,20,178.0,11.35,0.0,2.9,0.0,0.0
sues,target,0.25,300,0.5,aps_exact_none,20,178.0,18.45,8.25,10.65,0.0,0.0
sues,target,0.25,300,0.5,aps_exact_nonempty,20,178.0,18.45,8.25,10.65,0.0,0.0
sues,target,0.25,300,0.5,aps_exact_guard,20,178.0,11.05,0.0,2.55,0.0,0.0
sues,target,0.25,300,0.5,aps_exact_both,20,178.0,11.05,0.0,2.55,0.0,0.0
sues,control,0.25,pooled,0.1,su_none,20,142.0,0.0,0.0,0.0,0.0,0.0
sues,control,0.25,pooled,0.1,su_guard,20,142.0,0.0,0.0,0.0,0.0,0.0
sues,control,0.25,pooled,0.1,distance_top1_none,20,142.0,0.0,0.0,0.0,0.0,0.0
sues,control,0.25,pooled,0.1,distance_top1_guard,20,142.0,0.0,0.0,0.0,0.0,0.0
sues,control,0.25,pooled,0.1,distance_grid_none,20,142.0,9.4,0.0,0.0,4.3,0.0
sues,control,0.25,pooled,0.1,distance_grid_nonempty,20,142.0,6.9,0.0,0.0,0.0,0.0
sues,control,0.25,pooled,0.1,distance_grid_guard,20,142.0,5.3,0.0,0.0,1.45,0.0
sues,control,0.25,pooled,0.1,distance_grid_both,20,142.0,5.35,0.0,0.0,0.0,0.0
sues,control,0.25,pooled,0.1,distance_exact_none,20,142.0,9.7,0.0,0.0,1.35,0.0
sues,control,0.25,pooled,0.1,distance_exact_nonempty,20,142.0,9.0,0.0,0.0,0.0,0.0
sues,control,0.25,pooled,0.1,distance_exact_guard,20,142.0,5.25,0.0,0.0,0.45,0.0
sues,control,0.25,pooled,0.1,distance_exact_both,20,142.0,5.3,0.0,0.0,0.0,0.0
sues,control,0.25,pooled,0.1,aps_grid_none,20,142.0,7.8,0.0,0.0,0.0,0.0
sues,control,0.25,pooled,0.1,aps_grid_nonempty,20,142.0,7.8,0.0,0.0,0.0,0.0
sues,control,0.25,pooled,0.1,aps_grid_guard,20,142.0,7.1,0.0,0.0,0.0,0.0
sues,control,0.25,pooled,0.1,aps_grid_both,20,142.0,7.1,0.0,0.0,0.0,0.0
sues,control,0.25,pooled,0.1,aps_exact_none,20,142.0,10.0,0.0,0.0,0.0,0.0
sues,control,0.25,pooled,0.1,aps_exact_nonempty,20,142.0,10.0,0.0,0.0,0.0,0.0
sues,control,0.25,pooled,0.1,aps_exact_guard,20,142.0,10.0,0.0,0.0,0.0,0.0
sues,control,0.25,pooled,0.1,aps_exact_both,20,142.0,10.0,0.0,0.0,0.0,0.0
sues,control,0.25,pooled,0.25,su_none,20,357.0,0.7,0.0,0.0,0.0,0.0
sues,control,0.25,pooled,0.25,su_guard,20,357.0,0.7,0.0,0.0,0.0,0.0
sues,control,0.25,pooled,0.25,distance_top1_none,20,357.0,8.0,0.0,0.0,0.0,0.0
sues,control,0.25,pooled,0.25,distance_top1_guard,20,357.0,8.0,0.0,0.0,0.0,0.0
sues,control,0.25,pooled,0.25,distance_grid_none,20,357.0,32.75,0.0,0.0,9.9,0.0
sues,control,0.25,pooled,0.25,distance_grid_nonempty,20,357.0,26.05,0.0,0.0,0.0,0.0
sues,control,0.25,pooled,0.25,distance_grid_guard,20,357.0,25.95,0.0,0.0,4.9,0.0
sues,control,0.25,pooled,0.25,distance_grid_both,20,357.0,23.05,0.0,0.0,0.0,0.0
sues,control,0.25,pooled,0.25,distance_exact_none,20,357.0,32.25,0.0,0.0,2.05,0.0
sues,control,0.25,pooled,0.25,distance_exact_nonempty,20,357.0,31.65,0.0,0.0,0.0,0.0
sues,control,0.25,pooled,0.25,distance_exact_guard,20,357.0,26.0,0.0,0.0,1.1,0.0
sues,control,0.25,pooled,0.25,distance_exact_both,20,357.0,25.3,0.0,0.0,0.0,0.0
sues,control,0.25,pooled,0.25,aps_grid_none,20,357.0,27.4,0.0,0.0,0.0,0.0
sues,control,0.25,pooled,0.25,aps_grid_nonempty,20,357.0,27.4,0.0,0.0,0.0,0.0
sues,control,0.25,pooled,0.25,aps_grid_guard,20,357.0,26.8,0.0,0.0,0.0,0.0
sues,control,0.25,pooled,0.25,aps_grid_both,20,357.0,26.8,0.0,0.0,0.0,0.0
sues,control,0.25,pooled,0.25,aps_exact_none,20,357.0,27.15,0.0,0.0,0.0,0.0
sues,control,0.25,pooled,0.25,aps_exact_nonempty,20,357.0,27.15,0.0,0.0,0.0,0.0
sues,control,0.25,pooled,0.25,aps_exact_guard,20,357.0,26.5,0.0,0.0,0.0,0.0
sues,control,0.25,pooled,0.25,aps_exact_both,20,357.0,26.5,0.0,0.0,0.0,0.0
sues,control,0.25,pooled,0.5,su_none,20,714.0,3.9,0.0,0.0,0.0,0.0
sues,control,0.25,pooled,0.5,su_guard,20,714.0,3.95,0.0,0.0,0.0,0.0
sues,control,0.25,pooled,0.5,distance_top1_none,20,714.0,37.2,0.0,0.0,0.0,0.0
sues,control,0.25,pooled,0.5,distance_top1_guard,20,714.0,35.8,0.0,0.0,0.0,0.0
sues,control,0.25,pooled,0.5,distance_grid_none,20,714.0,79.1,0.0,0.0,15.3,0.0
sues,control,0.25,pooled,0.5,distance_grid_nonempty,20,714.0,68.9,0.0,0.0,0.0,0.0
sues,control,0.25,pooled,0.5,distance_grid_guard,20,714.0,65.0,0.0,0.0,10.1,0.0
sues,control,0.25,pooled,0.5,distance_grid_both,20,714.0,59.35,0.0,0.0,0.0,0.0
sues,control,0.25,pooled,0.5,distance_exact_none,20,714.0,76.25,0.0,0.0,4.15,0.0
sues,control,0.25,pooled,0.5,distance_exact_nonempty,20,714.0,74.1,0.0,0.0,0.0,0.0
sues,control,0.25,pooled,0.5,distance_exact_guard,20,714.0,64.95,0.0,0.0,3.2,0.0
sues,control,0.25,pooled,0.5,distance_exact_both,20,714.0,63.4,0.0,0.0,0.0,0.0
sues,control,0.25,pooled,0.5,aps_grid_none,20,714.0,65.75,0.0,0.0,0.0,0.0
sues,control,0.25,pooled,0.5,aps_grid_nonempty,20,714.0,65.75,0.0,0.0,0.0,0.0
sues,control,0.25,pooled,0.5,aps_grid_guard,20,714.0,62.0,0.0,0.0,0.0,0.0
sues,control,0.25,pooled,0.5,aps_grid_both,20,714.0,62.0,0.0,0.0,0.0,0.0
sues,control,0.25,pooled,0.5,aps_exact_none,20,714.0,68.4,0.0,0.0,0.0,0.0
sues,control,0.25,pooled,0.5,aps_exact_nonempty,20,714.0,68.4,0.0,0.0,0.0,0.0
sues,control,0.25,pooled,0.5,aps_exact_guard,20,714.0,64.4,0.0,0.0,0.0,0.0
sues,control,0.25,pooled,0.5,aps_exact_both,20,714.0,64.4,0.0,0.0,0.0,0.0
sues,control,0.25,150,0.1,su_none,20,35.0,0.0,0.0,0.0,0.0,0.0
sues,control,0.25,150,0.1,su_guard,20,35.0,0.0,0.0,0.0,0.0,0.0
sues,control,0.25,150,0.1,distance_top1_none,20,35.0,1.0,0.0,0.0,0.0,0.0
sues,control,0.25,150,0.1,distance_top1_guard,20,35.0,1.0,0.0,0.0,0.0,0.0
sues,control,0.25,150,0.1,distance_grid_none,20,35.0,4.05,0.0,0.0,0.7,0.0
sues,control,0.25,150,0.1,distance_grid_nonempty,20,35.0,3.7,0.0,0.0,0.0,0.0
sues,control,0.25,150,0.1,distance_grid_guard,20,35.0,2.55,0.0,0.0,0.35,0.0
sues,control,0.25,150,0.1,distance_grid_both,20,35.0,2.55,0.0,0.0,0.0,0.0
sues,control,0.25,150,0.1,distance_exact_none,20,35.0,4.4,0.0,0.0,0.35,0.0
sues,control,0.25,150,0.1,distance_exact_nonempty,20,35.0,4.55,0.0,0.0,0.0,0.0
sues,control,0.25,150,0.1,distance_exact_guard,20,35.0,2.65,0.0,0.0,0.35,0.0
sues,control,0.25,150,0.1,distance_exact_both,20,35.0,2.65,0.0,0.0,0.0,0.0
sues,control,0.25,150,0.1,aps_grid_none,20,35.0,3.3,0.0,0.0,0.0,0.0
sues,control,0.25,150,0.1,aps_grid_nonempty,20,35.0,3.3,0.0,0.0,0.0,0.0
sues,control,0.25,150,0.1,aps_grid_guard,20,35.0,3.3,0.0,0.0,0.0,0.0
sues,control,0.25,150,0.1,aps_grid_both,20,35.0,3.3,0.0,0.0,0.0,0.0
sues,control,0.25,150,0.1,aps_exact_none,20,35.0,3.3,0.0,0.0,0.0,0.0
sues,control,0.25,150,0.1,aps_exact_nonempty,20,35.0,3.3,0.0,0.0,0.0,0.0
sues,control,0.25,150,0.1,aps_exact_guard,20,35.0,3.3,0.0,0.0,0.0,0.0
sues,control,0.25,150,0.1,aps_exact_both,20,35.0,3.3,0.0,0.0,0.0,0.0
sues,control,0.25,150,0.25,su_none,20,89.0,0.0,0.0,0.0,0.0,0.0
sues,control,0.25,150,0.25,su_guard,20,89.0,0.0,0.0,0.0,0.0,0.0
sues,control,0.25,150,0.25,distance_top1_none,20,89.0,5.3,0.0,0.0,0.0,0.0
sues,control,0.25,150,0.25,distance_top1_guard,20,89.0,5.3,0.0,0.0,0.0,0.0
sues,control,0.25,150,0.25,distance_grid_none,20,89.0,15.1,0.0,0.0,2.85,0.0
sues,control,0.25,150,0.25,distance_grid_nonempty,20,89.0,13.75,0.0,0.0,0.0,0.0
sues,control,0.25,150,0.25,distance_grid_guard,20,89.0,11.65,0.0,0.0,0.55,0.0
sues,control,0.25,150,0.25,distance_grid_both,20,89.0,11.5,0.0,0.0,0.0,0.0
sues,control,0.25,150,0.25,distance_exact_none,20,89.0,15.2,0.0,0.0,0.55,0.0
sues,control,0.25,150,0.25,distance_exact_nonempty,20,89.0,15.15,0.0,0.0,0.0,0.0
sues,control,0.25,150,0.25,distance_exact_guard,20,89.0,11.45,0.0,0.0,0.55,0.0
sues,control,0.25,150,0.25,distance_exact_both,20,89.0,11.25,0.0,0.0,0.0,0.0
sues,control,0.25,150,0.25,aps_grid_none,20,89.0,11.9,0.0,0.0,0.0,0.0
sues,control,0.25,150,0.25,aps_grid_nonempty,20,89.0,11.9,0.0,0.0,0.0,0.0
sues,control,0.25,150,0.25,aps_grid_guard,20,89.0,10.5,0.0,0.0,0.0,0.0
sues,control,0.25,150,0.25,aps_grid_both,20,89.0,10.5,0.0,0.0,0.0,0.0
sues,control,0.25,150,0.25,aps_exact_none,20,89.0,11.85,0.0,0.0,0.0,0.0
sues,control,0.25,150,0.25,aps_exact_nonempty,20,89.0,11.85,0.0,0.0,0.0,0.0
sues,control,0.25,150,0.25,aps_exact_guard,20,89.0,10.5,0.0,0.0,0.0,0.0
sues,control,0.25,150,0.25,aps_exact_both,20,89.0,10.5,0.0,0.0,0.0,0.0
sues,control,0.25,150,0.5,su_none,20,178.0,4.85,0.0,0.0,0.0,0.0
sues,control,0.25,150,0.5,su_guard,20,178.0,4.9,0.0,0.0,0.0,0.0
sues,control,0.25,150,0.5,distance_top1_none,20,178.0,22.9,0.0,0.0,0.0,0.0
sues,control,0.25,150,0.5,distance_top1_guard,20,178.0,22.35,0.0,0.0,0.0,0.0
sues,control,0.25,150,0.5,distance_grid_none,20,178.0,34.85,0.0,0.0,4.05,0.0
sues,control,0.25,150,0.5,distance_grid_nonempty,20,178.0,32.45,0.0,0.0,0.0,0.0
sues,control,0.25,150,0.5,distance_grid_guard,20,178.0,29.1,0.0,0.0,2.65,0.0
sues,control,0.25,150,0.5,distance_grid_both,20,178.0,28.8,0.0,0.0,0.0,0.0
sues,control,0.25,150,0.5,distance_exact_none,20,178.0,34.95,0.0,0.0,0.65,0.0
sues,control,0.25,150,0.5,distance_exact_nonempty,20,178.0,34.85,0.0,0.0,0.0,0.0
sues,control,0.25,150,0.5,distance_exact_guard,20,178.0,28.55,0.0,0.0,0.65,0.0
sues,control,0.25,150,0.5,distance_exact_both,20,178.0,28.5,0.0,0.0,0.0,0.0
sues,control,0.25,150,0.5,aps_grid_none,20,178.0,39.7,0.0,0.0,0.0,0.0
sues,control,0.25,150,0.5,aps_grid_nonempty,20,178.0,39.7,0.0,0.0,0.0,0.0
sues,control,0.25,150,0.5,aps_grid_guard,20,178.0,35.3,0.0,0.0,0.0,0.0
sues,control,0.25,150,0.5,aps_grid_both,20,178.0,35.3,0.0,0.0,0.0,0.0
sues,control,0.25,150,0.5,aps_exact_none,20,178.0,34.6,0.0,0.0,0.0,0.0
sues,control,0.25,150,0.5,aps_exact_nonempty,20,178.0,34.6,0.0,0.0,0.0,0.0
sues,control,0.25,150,0.5,aps_exact_guard,20,178.0,31.1,0.0,0.0,0.0,0.0
sues,control,0.25,150,0.5,aps_exact_both,20,178.0,31.1,0.0,0.0,0.0,0.0
sues,control,0.25,200,0.1,su_none,20,35.0,0.0,0.0,0.0,0.0,0.0
sues,control,0.25,200,0.1,su_guard,20,35.0,0.0,0.0,0.0,0.0,0.0
sues,control,0.25,200,0.1,distance_top1_none,20,35.0,0.0,0.0,0.0,0.0,0.0
sues,control,0.25,200,0.1,distance_top1_guard,20,35.0,0.0,0.0,0.0,0.0,0.0
sues,control,0.25,200,0.1,distance_grid_none,20,35.0,0.0,0.0,0.0,1.0,0.0
sues,control,0.25,200,0.1,distance_grid_nonempty,20,35.0,0.0,0.0,0.0,0.0,0.0
sues,control,0.25,200,0.1,distance_grid_guard,20,35.0,0.0,0.0,0.0,1.0,0.0
sues,control,0.25,200,0.1,distance_grid_both,20,35.0,0.05,0.0,0.0,0.0,0.0
sues,control,0.25,200,0.1,distance_exact_none,20,35.0,0.0,0.0,0.0,0.0,0.0
sues,control,0.25,200,0.1,distance_exact_nonempty,20,35.0,0.0,0.0,0.0,0.0,0.0
sues,control,0.25,200,0.1,distance_exact_guard,20,35.0,0.0,0.0,0.0,0.0,0.0
sues,control,0.25,200,0.1,distance_exact_both,20,35.0,0.0,0.0,0.0,0.0,0.0
sues,control,0.25,200,0.1,aps_grid_none,20,35.0,2.3,0.0,0.0,0.0,0.0
sues,control,0.25,200,0.1,aps_grid_nonempty,20,35.0,2.3,0.0,0.0,0.0,0.0
sues,control,0.25,200,0.1,aps_grid_guard,20,35.0,1.6,0.0,0.0,0.0,0.0
sues,control,0.25,200,0.1,aps_grid_both,20,35.0,1.6,0.0,0.0,0.0,0.0
sues,control,0.25,200,0.1,aps_exact_none,20,35.0,1.3,0.0,0.0,0.0,0.0
sues,control,0.25,200,0.1,aps_exact_nonempty,20,35.0,1.3,0.0,0.0,0.0,0.0
sues,control,0.25,200,0.1,aps_exact_guard,20,35.0,0.6,0.0,0.0,0.0,0.0
sues,control,0.25,200,0.1,aps_exact_both,20,35.0,0.6,0.0,0.0,0.0,0.0
sues,control,0.25,200,0.25,su_none,20,89.0,0.0,0.0,0.0,0.0,0.0
sues,control,0.25,200,0.25,su_guard,20,89.0,0.0,0.0,0.0,0.0,0.0
sues,control,0.25,200,0.25,distance_top1_none,20,89.0,2.0,0.0,0.0,0.0,0.0
sues,control,0.25,200,0.25,distance_top1_guard,20,89.0,2.0,0.0,0.0,0.0,0.0
sues,control,0.25,200,0.25,distance_grid_none,20,89.0,6.2,0.0,0.0,5.0,0.0
sues,control,0.25,200,0.25,distance_grid_nonempty,20,89.0,2.5,0.0,0.0,0.0,0.0
sues,control,0.25,200,0.25,distance_grid_guard,20,89.0,3.9,0.0,0.0,3.35,0.0
sues,control,0.25,200,0.25,distance_grid_both,20,89.0,1.65,0.0,0.0,0.0,0.0
sues,control,0.25,200,0.25,distance_exact_none,20,89.0,5.95,0.0,0.0,0.55,0.0
sues,control,0.25,200,0.25,distance_exact_nonempty,20,89.0,5.45,0.0,0.0,0.0,0.0
sues,control,0.25,200,0.25,distance_exact_guard,20,89.0,3.9,0.0,0.0,0.55,0.0
sues,control,0.25,200,0.25,distance_exact_both,20,89.0,3.35,0.0,0.0,0.0,0.0
sues,control,0.25,200,0.25,aps_grid_none,20,89.0,10.45,0.0,0.0,0.0,0.0
sues,control,0.25,200,0.25,aps_grid_nonempty,20,89.0,10.45,0.0,0.0,0.0,0.0
sues,control,0.25,200,0.25,aps_grid_guard,20,89.0,9.8,0.0,0.0,0.0,0.0
sues,control,0.25,200,0.25,aps_grid_both,20,89.0,9.8,0.0,0.0,0.0,0.0
sues,control,0.25,200,0.25,aps_exact_none,20,89.0,10.3,0.0,0.0,0.0,0.0
sues,control,0.25,200,0.25,aps_exact_nonempty,20,89.0,10.3,0.0,0.0,0.0,0.0
sues,control,0.25,200,0.25,aps_exact_guard,20,89.0,9.6,0.0,0.0,0.0,0.0
sues,control,0.25,200,0.25,aps_exact_both,20,89.0,9.6,0.0,0.0,0.0,0.0
sues,control,0.25,200,0.5,su_none,20,178.0,1.0,0.0,0.0,0.0,0.0
sues,control,0.25,200,0.5,su_guard,20,178.0,1.0,0.0,0.0,0.0,0.0
sues,control,0.25,200,0.5,distance_top1_none,20,178.0,12.3,0.0,0.0,0.0,0.0
sues,control,0.25,200,0.5,distance_top1_guard,20,178.0,12.3,0.0,0.0,0.0,0.0
sues,control,0.25,200,0.5,distance_grid_none,20,178.0,15.3,0.0,0.0,6.05,0.0
sues,control,0.25,200,0.5,distance_grid_nonempty,20,178.0,10.4,0.0,0.0,0.0,0.0
sues,control,0.25,200,0.5,distance_grid_guard,20,178.0,12.75,0.0,0.0,4.35,0.0
sues,control,0.25,200,0.5,distance_grid_both,20,178.0,9.65,0.0,0.0,0.0,0.0
sues,control,0.25,200,0.5,distance_exact_none,20,178.0,15.3,0.0,0.0,0.55,0.0
sues,control,0.25,200,0.5,distance_exact_nonempty,20,178.0,14.75,0.0,0.0,0.0,0.0
sues,control,0.25,200,0.5,distance_exact_guard,20,178.0,12.8,0.0,0.0,0.55,0.0
sues,control,0.25,200,0.5,distance_exact_both,20,178.0,12.3,0.0,0.0,0.0,0.0
sues,control,0.25,200,0.5,aps_grid_none,20,178.0,26.5,0.0,0.0,0.0,0.0
sues,control,0.25,200,0.5,aps_grid_nonempty,20,178.0,26.5,0.0,0.0,0.0,0.0
sues,control,0.25,200,0.5,aps_grid_guard,20,178.0,25.45,0.0,0.0,0.0,0.0
sues,control,0.25,200,0.5,aps_grid_both,20,178.0,25.45,0.0,0.0,0.0,0.0
sues,control,0.25,200,0.5,aps_exact_none,20,178.0,25.65,0.0,0.0,0.0,0.0
sues,control,0.25,200,0.5,aps_exact_nonempty,20,178.0,25.65,0.0,0.0,0.0,0.0
sues,control,0.25,200,0.5,aps_exact_guard,20,178.0,24.4,0.0,0.0,0.0,0.0
sues,control,0.25,200,0.5,aps_exact_both,20,178.0,24.4,0.0,0.0,0.0,0.0
sues,control,0.25,250,0.1,su_none,20,35.0,0.0,0.0,0.0,0.0,0.0
sues,control,0.25,250,0.1,su_guard,20,35.0,0.0,0.0,0.0,0.0,0.0
sues,control,0.25,250,0.1,distance_top1_none,20,35.0,0.0,0.0,0.0,0.0,0.0
sues,control,0.25,250,0.1,distance_top1_guard,20,35.0,0.0,0.0,0.0,0.0,0.0
sues,control,0.25,250,0.1,distance_grid_none,20,35.0,0.35,0.0,0.0,0.0,0.0
sues,control,0.25,250,0.1,distance_grid_nonempty,20,35.0,0.35,0.0,0.0,0.0,0.0
sues,control,0.25,250,0.1,distance_grid_guard,20,35.0,0.35,0.0,0.0,0.0,0.0
sues,control,0.25,250,0.1,distance_grid_both,20,35.0,0.35,0.0,0.0,0.0,0.0
sues,control,0.25,250,0.1,distance_exact_none,20,35.0,0.35,0.0,0.0,0.0,0.0
sues,control,0.25,250,0.1,distance_exact_nonempty,20,35.0,0.35,0.0,0.0,0.0,0.0
sues,control,0.25,250,0.1,distance_exact_guard,20,35.0,0.35,0.0,0.0,0.0,0.0
sues,control,0.25,250,0.1,distance_exact_both,20,35.0,0.35,0.0,0.0,0.0,0.0
sues,control,0.25,250,0.1,aps_grid_none,20,35.0,2.4,0.0,0.0,0.0,0.0
sues,control,0.25,250,0.1,aps_grid_nonempty,20,35.0,2.4,0.0,0.0,0.0,0.0
sues,control,0.25,250,0.1,aps_grid_guard,20,35.0,2.4,0.0,0.0,0.0,0.0
sues,control,0.25,250,0.1,aps_grid_both,20,35.0,2.4,0.0,0.0,0.0,0.0
sues,control,0.25,250,0.1,aps_exact_none,20,35.0,3.45,0.0,0.0,0.0,0.0
sues,control,0.25,250,0.1,aps_exact_nonempty,20,35.0,3.45,0.0,0.0,0.0,0.0
sues,control,0.25,250,0.1,aps_exact_guard,20,35.0,3.45,0.0,0.0,0.0,0.0
sues,control,0.25,250,0.1,aps_exact_both,20,35.0,3.45,0.0,0.0,0.0,0.0
sues,control,0.25,250,0.25,su_none,20,89.0,0.0,0.0,0.0,0.0,0.0
sues,control,0.25,250,0.25,su_guard,20,89.0,0.0,0.0,0.0,0.0,0.0
sues,control,0.25,250,0.25,distance_top1_none,20,89.0,3.0,0.0,0.0,0.0,0.0
sues,control,0.25,250,0.25,distance_top1_guard,20,89.0,3.0,0.0,0.0,0.0,0.0
sues,control,0.25,250,0.25,distance_grid_none,20,89.0,4.45,0.0,0.0,0.0,0.0
sues,control,0.25,250,0.25,distance_grid_nonempty,20,89.0,4.45,0.0,0.0,0.0,0.0
sues,control,0.25,250,0.25,distance_grid_guard,20,89.0,4.75,0.0,0.0,0.0,0.0
sues,control,0.25,250,0.25,distance_grid_both,20,89.0,4.75,0.0,0.0,0.0,0.0
sues,control,0.25,250,0.25,distance_exact_none,20,89.0,4.95,0.0,0.0,0.0,0.0
sues,control,0.25,250,0.25,distance_exact_nonempty,20,89.0,4.95,0.0,0.0,0.0,0.0
sues,control,0.25,250,0.25,distance_exact_guard,20,89.0,5.2,0.0,0.0,0.0,0.0
sues,control,0.25,250,0.25,distance_exact_both,20,89.0,5.2,0.0,0.0,0.0,0.0
sues,control,0.25,250,0.25,aps_grid_none,20,89.0,7.6,0.0,0.0,0.0,0.0
sues,control,0.25,250,0.25,aps_grid_nonempty,20,89.0,7.6,0.0,0.0,0.0,0.0
sues,control,0.25,250,0.25,aps_grid_guard,20,89.0,7.6,0.0,0.0,0.0,0.0
sues,control,0.25,250,0.25,aps_grid_both,20,89.0,7.6,0.0,0.0,0.0,0.0
sues,control,0.25,250,0.25,aps_exact_none,20,89.0,8.6,0.0,0.0,0.0,0.0
sues,control,0.25,250,0.25,aps_exact_nonempty,20,89.0,8.6,0.0,0.0,0.0,0.0
sues,control,0.25,250,0.25,aps_exact_guard,20,89.0,8.6,0.0,0.0,0.0,0.0
sues,control,0.25,250,0.25,aps_exact_both,20,89.0,8.6,0.0,0.0,0.0,0.0
sues,control,0.25,250,0.5,su_none,20,178.0,0.35,0.0,0.0,0.0,0.0
sues,control,0.25,250,0.5,su_guard,20,178.0,0.35,0.0,0.0,0.0,0.0
sues,control,0.25,250,0.5,distance_top1_none,20,178.0,7.0,0.0,0.0,0.0,0.0
sues,control,0.25,250,0.5,distance_top1_guard,20,178.0,7.0,0.0,0.0,0.0,0.0
sues,control,0.25,250,0.5,distance_grid_none,20,178.0,11.45,0.0,0.0,2.1,0.0
sues,control,0.25,250,0.5,distance_grid_nonempty,20,178.0,10.45,0.0,0.0,0.0,0.0
sues,control,0.25,250,0.5,distance_grid_guard,20,178.0,10.8,0.0,0.0,2.1,0.0
sues,control,0.25,250,0.5,distance_grid_both,20,178.0,9.8,0.0,0.0,0.0,0.0
sues,control,0.25,250,0.5,distance_exact_none,20,178.0,11.45,0.0,0.0,2.0,0.0
sues,control,0.25,250,0.5,distance_exact_nonempty,20,178.0,10.45,0.0,0.0,0.0,0.0
sues,control,0.25,250,0.5,distance_exact_guard,20,178.0,10.8,0.0,0.0,2.0,0.0
sues,control,0.25,250,0.5,distance_exact_both,20,178.0,9.8,0.0,0.0,0.0,0.0
sues,control,0.25,250,0.5,aps_grid_none,20,178.0,14.05,0.0,0.0,0.0,0.0
sues,control,0.25,250,0.5,aps_grid_nonempty,20,178.0,14.05,0.0,0.0,0.0,0.0
sues,control,0.25,250,0.5,aps_grid_guard,20,178.0,14.05,0.0,0.0,0.0,0.0
sues,control,0.25,250,0.5,aps_grid_both,20,178.0,14.05,0.0,0.0,0.0,0.0
sues,control,0.25,250,0.5,aps_exact_none,20,178.0,13.05,0.0,0.0,0.0,0.0
sues,control,0.25,250,0.5,aps_exact_nonempty,20,178.0,13.05,0.0,0.0,0.0,0.0
sues,control,0.25,250,0.5,aps_exact_guard,20,178.0,13.05,0.0,0.0,0.0,0.0
sues,control,0.25,250,0.5,aps_exact_both,20,178.0,13.05,0.0,0.0,0.0,0.0
sues,control,0.25,300,0.1,su_none,20,35.0,0.0,0.0,0.0,0.0,0.0
sues,control,0.25,300,0.1,su_guard,20,35.0,0.0,0.0,0.0,0.0,0.0
sues,control,0.25,300,0.1,distance_top1_none,20,35.0,0.0,0.0,0.0,0.0,0.0
sues,control,0.25,300,0.1,distance_top1_guard,20,35.0,0.0,0.0,0.0,0.0,0.0
sues,control,0.25,300,0.1,distance_grid_none,20,35.0,1.65,0.0,0.0,1.0,0.0
sues,control,0.25,300,0.1,distance_grid_nonempty,20,35.0,0.95,0.0,0.0,0.0,0.0
sues,control,0.25,300,0.1,distance_grid_guard,20,35.0,0.65,0.0,0.0,0.0,0.0
sues,control,0.25,300,0.1,distance_grid_both,20,35.0,0.65,0.0,0.0,0.0,0.0
sues,control,0.25,300,0.1,distance_exact_none,20,35.0,1.65,0.0,0.0,0.95,0.0
sues,control,0.25,300,0.1,distance_exact_nonempty,20,35.0,1.0,0.0,0.0,0.0,0.0
sues,control,0.25,300,0.1,distance_exact_guard,20,35.0,0.65,0.0,0.0,0.0,0.0
sues,control,0.25,300,0.1,distance_exact_both,20,35.0,0.65,0.0,0.0,0.0,0.0
sues,control,0.25,300,0.1,aps_grid_none,20,35.0,0.6,0.0,0.0,0.0,0.0
sues,control,0.25,300,0.1,aps_grid_nonempty,20,35.0,0.6,0.0,0.0,0.0,0.0
sues,control,0.25,300,0.1,aps_grid_guard,20,35.0,0.6,0.0,0.0,0.0,0.0
sues,control,0.25,300,0.1,aps_grid_both,20,35.0,0.6,0.0,0.0,0.0,0.0
sues,control,0.25,300,0.1,aps_exact_none,20,35.0,1.0,0.0,0.0,0.0,0.0
sues,control,0.25,300,0.1,aps_exact_nonempty,20,35.0,1.0,0.0,0.0,0.0,0.0
sues,control,0.25,300,0.1,aps_exact_guard,20,35.0,1.0,0.0,0.0,0.0,0.0
sues,control,0.25,300,0.1,aps_exact_both,20,35.0,1.0,0.0,0.0,0.0,0.0
sues,control,0.25,300,0.25,su_none,20,89.0,0.0,0.0,0.0,0.0,0.0
sues,control,0.25,300,0.25,su_guard,20,89.0,0.0,0.0,0.0,0.0,0.0
sues,control,0.25,300,0.25,distance_top1_none,20,89.0,1.0,0.0,0.0,0.0,0.0
sues,control,0.25,300,0.25,distance_top1_guard,20,89.0,1.0,0.0,0.0,0.0,0.0
sues,control,0.25,300,0.25,distance_grid_none,20,89.0,3.7,0.0,0.0,2.0,0.0
sues,control,0.25,300,0.25,distance_grid_nonempty,20,89.0,2.0,0.0,0.0,0.0,0.0
sues,control,0.25,300,0.25,distance_grid_guard,20,89.0,2.7,0.0,0.0,1.0,0.0
sues,control,0.25,300,0.25,distance_grid_both,20,89.0,1.7,0.0,0.0,0.0,0.0
sues,control,0.25,300,0.25,distance_exact_none,20,89.0,3.7,0.0,0.0,0.95,0.0
sues,control,0.25,300,0.25,distance_exact_nonempty,20,89.0,3.05,0.0,0.0,0.0,0.0
sues,control,0.25,300,0.25,distance_exact_guard,20,89.0,2.7,0.0,0.0,0.0,0.0
sues,control,0.25,300,0.25,distance_exact_both,20,89.0,2.7,0.0,0.0,0.0,0.0
sues,control,0.25,300,0.25,aps_grid_none,20,89.0,7.6,0.0,0.0,0.0,0.0
sues,control,0.25,300,0.25,aps_grid_nonempty,20,89.0,7.6,0.0,0.0,0.0,0.0
sues,control,0.25,300,0.25,aps_grid_guard,20,89.0,7.6,0.0,0.0,0.0,0.0
sues,control,0.25,300,0.25,aps_grid_both,20,89.0,7.6,0.0,0.0,0.0,0.0
sues,control,0.25,300,0.25,aps_exact_none,20,89.0,5.6,0.0,0.0,0.0,0.0
sues,control,0.25,300,0.25,aps_exact_nonempty,20,89.0,5.6,0.0,0.0,0.0,0.0
sues,control,0.25,300,0.25,aps_exact_guard,20,89.0,5.6,0.0,0.0,0.0,0.0
sues,control,0.25,300,0.25,aps_exact_both,20,89.0,5.6,0.0,0.0,0.0,0.0
sues,control,0.25,300,0.5,su_none,20,178.0,0.7,0.0,0.0,0.0,0.0
sues,control,0.25,300,0.5,su_guard,20,178.0,0.7,0.0,0.0,0.0,0.0
sues,control,0.25,300,0.5,distance_top1_none,20,178.0,4.0,0.0,0.0,0.0,0.0
sues,control,0.25,300,0.5,distance_top1_guard,20,178.0,4.0,0.0,0.0,0.0,0.0
sues,control,0.25,300,0.5,distance_grid_none,20,178.0,8.5,0.0,0.0,2.05,0.0
sues,control,0.25,300,0.5,distance_grid_nonempty,20,178.0,6.75,0.0,0.0,0.0,0.0
sues,control,0.25,300,0.5,distance_grid_guard,20,178.0,6.85,0.0,0.0,1.05,0.0
sues,control,0.25,300,0.5,distance_grid_both,20,178.0,5.9,0.0,0.0,0.0,0.0
sues,control,0.25,300,0.5,distance_exact_none,20,178.0,8.45,0.0,0.0,0.95,0.0
sues,control,0.25,300,0.5,distance_exact_nonempty,20,178.0,7.8,0.0,0.0,0.0,0.0
sues,control,0.25,300,0.5,distance_exact_guard,20,178.0,6.8,0.0,0.0,0.05,0.0
sues,control,0.25,300,0.5,distance_exact_both,20,178.0,6.75,0.0,0.0,0.0,0.0
sues,control,0.25,300,0.5,aps_grid_none,20,178.0,10.0,0.0,0.0,0.0,0.0
sues,control,0.25,300,0.5,aps_grid_nonempty,20,178.0,10.0,0.0,0.0,0.0,0.0
sues,control,0.25,300,0.5,aps_grid_guard,20,178.0,9.3,0.0,0.0,0.0,0.0
sues,control,0.25,300,0.5,aps_grid_both,20,178.0,9.3,0.0,0.0,0.0,0.0
sues,control,0.25,300,0.5,aps_exact_none,20,178.0,9.3,0.0,0.0,0.0,0.0
sues,control,0.25,300,0.5,aps_exact_nonempty,20,178.0,9.3,0.0,0.0,0.0,0.0
sues,control,0.25,300,0.5,aps_exact_guard,20,178.0,9.3,0.0,0.0,0.0,0.0
sues,control,0.25,300,0.5,aps_exact_both,20,178.0,9.3,0.0,0.0,0.0,0.0
sues,target,0.5,pooled,0.1,su_none,20,142.0,3.0,1.25,2.3,0.0,0.0
sues,target,0.5,pooled,0.1,su_guard,20,142.0,1.85,0.0,1.05,0.0,0.0
sues,target,0.5,pooled,0.1,distance_top1_none,20,142.0,2.4,0.0,1.1,0.0,0.0
sues,target,0.5,pooled,0.1,distance_top1_guard,20,142.0,2.4,0.0,1.1,0.0,0.0
sues,target,0.5,pooled,0.1,distance_grid_none,20,142.0,95.1,86.05,93.15,30.95,0.0
sues,target,0.5,pooled,0.1,distance_grid_nonempty,20,142.0,85.15,74.6,82.5,0.0,0.0
sues,target,0.5,pooled,0.1,distance_grid_guard,20,142.0,21.6,0.0,13.5,2.5,0.0
sues,target,0.5,pooled,0.1,distance_grid_both,20,142.0,20.15,0.0,13.05,0.0,0.0
sues,target,0.5,pooled,0.1,distance_exact_none,20,142.0,95.2,86.55,93.35,14.2,0.0
sues,target,0.5,pooled,0.1,distance_exact_nonempty,20,142.0,90.35,80.85,88.35,0.0,0.0
sues,target,0.5,pooled,0.1,distance_exact_guard,20,142.0,21.55,0.0,13.15,1.75,0.0
sues,target,0.5,pooled,0.1,distance_exact_both,20,142.0,20.7,0.0,13.05,0.0,0.0
sues,target,0.5,pooled,0.1,aps_grid_none,20,142.0,19.05,6.4,12.4,0.0,0.0
sues,target,0.5,pooled,0.1,aps_grid_nonempty,20,142.0,19.05,6.4,12.4,0.0,0.0
sues,target,0.5,pooled,0.1,aps_grid_guard,20,142.0,12.75,0.0,6.1,0.0,0.0
sues,target,0.5,pooled,0.1,aps_grid_both,20,142.0,12.75,0.0,6.1,0.0,0.0
sues,target,0.5,pooled,0.1,aps_exact_none,20,142.0,17.35,5.65,11.15,0.0,0.0
sues,target,0.5,pooled,0.1,aps_exact_nonempty,20,142.0,17.35,5.65,11.15,0.0,0.0
sues,target,0.5,pooled,0.1,aps_exact_guard,20,142.0,12.35,0.0,5.55,0.0,0.0
sues,target,0.5,pooled,0.1,aps_exact_both,20,142.0,12.35,0.0,5.55,0.0,0.0
sues,target,0.5,pooled,0.25,su_none,20,357.0,21.6,14.95,18.8,0.0,0.0
sues,target,0.5,pooled,0.25,su_guard,20,357.0,7.4,0.0,4.05,0.0,0.0
sues,target,0.5,pooled,0.25,distance_top1_none,20,357.0,35.0,15.35,25.4,0.0,0.0
sues,target,0.5,pooled,0.25,distance_top1_guard,20,357.0,23.0,0.0,11.85,0.0,0.0
sues,target,0.5,pooled,0.25,distance_grid_none,20,357.0,238.8,206.85,226.35,51.25,0.0
sues,target,0.5,pooled,0.25,distance_grid_nonempty,20,357.0,215.8,181.2,202.25,0.0,0.0
sues,target,0.5,pooled,0.25,distance_grid_guard,20,357.0,62.35,0.0,35.85,4.3,0.0
sues,target,0.5,pooled,0.25,distance_grid_both,20,357.0,60.25,0.0,35.25,0.0,0.0
sues,target,0.5,pooled,0.25,distance_exact_none,20,357.0,237.8,205.4,224.85,24.4,0.0
sues,target,0.5,pooled,0.25,distance_exact_nonempty,20,357.0,228.15,195.25,215.35,0.0,0.0
sues,target,0.5,pooled,0.25,distance_exact_guard,20,357.0,61.75,0.0,35.45,2.25,0.0
sues,target,0.5,pooled,0.25,distance_exact_both,20,357.0,60.6,0.0,34.95,0.0,0.0
sues,target,0.5,pooled,0.25,aps_grid_none,20,357.0,78.25,40.15,57.7,0.0,0.0
sues,target,0.5,pooled,0.25,aps_grid_nonempty,20,357.0,78.25,40.15,57.7,0.0,0.0
sues,target,0.5,pooled,0.25,aps_grid_guard,20,357.0,44.2,0.0,21.45,0.0,0.0
sues,target,0.5,pooled,0.25,aps_grid_both,20,357.0,44.2,0.0,21.45,0.0,0.0
sues,target,0.5,pooled,0.25,aps_exact_none,20,357.0,73.15,37.7,54.2,0.0,0.0
sues,target,0.5,pooled,0.25,aps_exact_nonempty,20,357.0,73.15,37.7,54.2,0.0,0.0
sues,target,0.5,pooled,0.25,aps_exact_guard,20,357.0,43.15,0.0,20.1,0.0,0.0
sues,target,0.5,pooled,0.25,aps_exact_both,20,357.0,43.15,0.0,20.1,0.0,0.0
sues,target,0.5,pooled,0.5,su_none,20,714.0,181.45,120.5,155.7,0.0,0.0
sues,target,0.5,pooled,0.5,su_guard,17,714.0,128.52941176470588,0.0,70.29411764705883,0.0,0.0
sues,target,0.5,pooled,0.5,distance_top1_none,20,714.0,217.8,127.0,176.6,0.0,0.0
sues,target,0.5,pooled,0.5,distance_top1_guard,17,714.0,134.47058823529412,0.0,72.0,0.0,0.0
sues,target,0.5,pooled,0.5,distance_grid_none,20,714.0,452.3,371.25,419.35,70.1,0.0
sues,target,0.5,pooled,0.5,distance_grid_nonempty,20,714.0,420.7,336.65,387.1,0.0,0.0
sues,target,0.5,pooled,0.5,distance_grid_guard,17,714.0,146.47058823529412,0.0,80.52941176470588,10.882352941176471,0.0
sues,target,0.5,pooled,0.5,distance_grid_both,15,714.0,141.66666666666666,0.0,80.73333333333333,0.0,0.0
sues,target,0.5,pooled,0.5,distance_exact_none,20,714.0,452.0,371.25,419.25,31.4,0.0
sues,target,0.5,pooled,0.5,distance_exact_nonempty,20,714.0,437.5,356.2,404.7,0.0,0.0
sues,target,0.5,pooled,0.5,distance_exact_guard,17,714.0,146.58823529411765,0.0,80.6470588235294,6.117647058823529,0.0
sues,target,0.5,pooled,0.5,distance_exact_both,15,714.0,143.6,0.0,80.8,0.0,0.0
sues,target,0.5,pooled,0.5,aps_grid_none,20,714.0,260.9,151.5,208.6,0.0,0.0
sues,target,0.5,pooled,0.5,aps_grid_nonempty,20,714.0,260.9,151.5,208.6,0.0,0.0
sues,target,0.5,pooled,0.5,aps_grid_guard,17,714.0,139.47058823529412,0.0,74.41176470588235,0.0,0.0
sues,target,0.5,pooled,0.5,aps_grid_both,17,714.0,139.47058823529412,0.0,74.41176470588235,0.0,0.0
sues,target,0.5,pooled,0.5,aps_exact_none,20,714.0,257.25,151.9,207.05,0.0,0.0
sues,target,0.5,pooled,0.5,aps_exact_nonempty,20,714.0,257.25,151.9,207.05,0.0,0.0
sues,target,0.5,pooled,0.5,aps_exact_guard,17,714.0,140.23529411764707,0.0,74.23529411764706,0.0,0.0
sues,target,0.5,pooled,0.5,aps_exact_both,17,714.0,140.23529411764707,0.0,74.23529411764706,0.0,0.0
sues,target,0.5,150,0.1,su_none,20,35.0,0.9,0.75,0.9,0.0,0.0
sues,target,0.5,150,0.1,su_guard,20,35.0,0.15,0.0,0.15,0.0,0.0
sues,target,0.5,150,0.1,distance_top1_none,20,35.0,3.4,1.3,2.35,0.0,0.0
sues,target,0.5,150,0.1,distance_top1_guard,20,35.0,2.25,0.0,1.15,0.0,0.0
sues,target,0.5,150,0.1,distance_grid_none,20,35.0,22.7,21.1,22.4,8.9,0.0
sues,target,0.5,150,0.1,distance_grid_nonempty,20,35.0,19.6,16.25,18.45,0.0,0.0
sues,target,0.5,150,0.1,distance_grid_guard,20,35.0,7.7,0.0,4.25,0.75,0.0
sues,target,0.5,150,0.1,distance_grid_both,20,35.0,7.65,0.0,4.5,0.0,0.0
sues,target,0.5,150,0.1,distance_exact_none,20,35.0,23.1,20.9,22.4,4.15,0.0
sues,target,0.5,150,0.1,distance_exact_nonempty,20,35.0,22.1,19.2,21.15,0.0,0.0
sues,target,0.5,150,0.1,distance_exact_guard,20,35.0,7.7,0.0,4.15,0.75,0.0
sues,target,0.5,150,0.1,distance_exact_both,20,35.0,7.8,0.0,4.45,0.0,0.0
sues,target,0.5,150,0.1,aps_grid_none,20,35.0,9.35,4.3,6.9,0.0,0.0
sues,target,0.5,150,0.1,aps_grid_nonempty,20,35.0,9.35,4.3,6.9,0.0,0.0
sues,target,0.5,150,0.1,aps_grid_guard,20,35.0,6.15,0.0,2.8,0.0,0.0
sues,target,0.5,150,0.1,aps_grid_both,20,35.0,6.15,0.0,2.8,0.0,0.0
sues,target,0.5,150,0.1,aps_exact_none,20,35.0,8.7,3.7,6.0,0.0,0.0
sues,target,0.5,150,0.1,aps_exact_nonempty,20,35.0,8.7,3.7,6.0,0.0,0.0
sues,target,0.5,150,0.1,aps_exact_guard,20,35.0,5.75,0.0,2.5,0.0,0.0
sues,target,0.5,150,0.1,aps_exact_both,20,35.0,5.75,0.0,2.5,0.0,0.0
sues,target,0.5,150,0.25,su_none,20,89.0,12.3,9.1,11.25,0.0,0.0
sues,target,0.5,150,0.25,su_guard,20,89.0,6.1,0.0,4.2,0.0,0.0
sues,target,0.5,150,0.25,distance_top1_none,20,89.0,24.35,11.0,17.75,0.0,0.0
sues,target,0.5,150,0.25,distance_top1_guard,20,89.0,16.85,0.0,8.55,0.0,0.0
sues,target,0.5,150,0.25,distance_grid_none,20,89.0,59.35,48.1,54.25,14.7,0.0
sues,target,0.5,150,0.25,distance_grid_nonempty,20,89.0,55.1,41.05,49.25,0.0,0.0
sues,target,0.5,150,0.25,distance_grid_guard,20,89.0,26.2,0.0,14.85,0.95,0.0
sues,target,0.5,150,0.25,distance_grid_both,20,89.0,26.1,0.0,15.1,0.0,0.0
sues,target,0.5,150,0.25,distance_exact_none,20,89.0,59.7,48.05,54.25,7.0,0.0
sues,target,0.5,150,0.25,distance_exact_nonempty,20,89.0,57.4,44.85,51.85,0.0,0.0
sues,target,0.5,150,0.25,distance_exact_guard,20,89.0,26.0,0.0,14.75,0.85,0.0
sues,target,0.5,150,0.25,distance_exact_both,20,89.0,25.85,0.0,14.9,0.0,0.0
sues,target,0.5,150,0.25,aps_grid_none,20,89.0,35.55,14.55,25.2,0.0,0.0
sues,target,0.5,150,0.25,aps_grid_nonempty,20,89.0,35.55,14.55,25.2,0.0,0.0
sues,target,0.5,150,0.25,aps_grid_guard,20,89.0,26.55,0.0,13.7,0.0,0.0
sues,target,0.5,150,0.25,aps_grid_both,20,89.0,26.55,0.0,13.7,0.0,0.0
sues,target,0.5,150,0.25,aps_exact_none,20,89.0,35.15,14.35,24.65,0.0,0.0
sues,target,0.5,150,0.25,aps_exact_nonempty,20,89.0,35.15,14.35,24.65,0.0,0.0
sues,target,0.5,150,0.25,aps_exact_guard,20,89.0,24.25,0.0,12.45,0.0,0.0
sues,target,0.5,150,0.25,aps_exact_both,20,89.0,24.25,0.0,12.45,0.0,0.0
sues,target,0.5,150,0.5,su_none,20,178.0,65.9,36.5,53.3,0.0,0.0
sues,target,0.5,150,0.5,su_guard,19,178.0,53.21052631578947,0.0,28.473684210526315,0.0,0.0
sues,target,0.5,150,0.5,distance_top1_none,20,178.0,74.35,31.3,53.9,0.0,0.0
sues,target,0.5,150,0.5,distance_top1_guard,19,178.0,57.73684210526316,0.0,30.894736842105264,0.0,0.0
sues,target,0.5,150,0.5,distance_grid_none,20,178.0,118.55,84.45,105.15,18.4,0.0
sues,target,0.5,150,0.5,distance_grid_nonempty,20,178.0,112.7,75.8,97.7,0.0,0.0
sues,target,0.5,150,0.5,distance_grid_guard,19,178.0,62.578947368421055,0.0,33.8421052631579,5.0,0.0
sues,target,0.5,150,0.5,distance_grid_both,18,178.0,60.77777777777778,0.0,33.94444444444444,0.0,0.0
sues,target,0.5,150,0.5,distance_exact_none,20,178.0,118.4,84.75,105.1,8.35,0.0
sues,target,0.5,150,0.5,distance_exact_nonempty,20,178.0,115.7,80.7,101.75,0.0,0.0
sues,target,0.5,150,0.5,distance_exact_guard,19,178.0,62.73684210526316,0.0,33.89473684210526,3.263157894736842,0.0
sues,target,0.5,150,0.5,distance_exact_both,18,178.0,61.05555555555556,0.0,33.72222222222222,0.0,0.0
sues,target,0.5,150,0.5,aps_grid_none,20,178.0,82.9,33.3,59.1,0.0,0.0
sues,target,0.5,150,0.5,aps_grid_nonempty,20,178.0,82.9,33.3,59.1,0.0,0.0
sues,target,0.5,150,0.5,aps_grid_guard,19,178.0,59.68421052631579,0.0,31.473684210526315,0.0,0.0
sues,target,0.5,150,0.5,aps_grid_both,19,178.0,59.68421052631579,0.0,31.473684210526315,0.0,0.0
sues,target,0.5,150,0.5,aps_exact_none,20,178.0,82.95,33.75,59.35,0.0,0.0
sues,target,0.5,150,0.5,aps_exact_nonempty,20,178.0,82.95,33.75,59.35,0.0,0.0
sues,target,0.5,150,0.5,aps_exact_guard,19,178.0,59.578947368421055,0.0,31.36842105263158,0.0,0.0
sues,target,0.5,150,0.5,aps_exact_both,19,178.0,59.578947368421055,0.0,31.36842105263158,0.0,0.0
sues,target,0.5,200,0.1,su_none,20,35.0,0.45,0.45,0.45,0.0,0.0
sues,target,0.5,200,0.1,su_guard,20,35.0,0.0,0.0,0.0,0.0,0.0
sues,target,0.5,200,0.1,distance_top1_none,20,35.0,0.35,0.05,0.2,0.0,0.0
sues,target,0.5,200,0.1,distance_top1_guard,20,35.0,0.3,0.0,0.15,0.0,0.0
sues,target,0.5,200,0.1,distance_grid_none,20,35.0,23.2,22.8,23.2,7.45,0.0
sues,target,0.5,200,0.1,distance_grid_nonempty,20,35.0,21.0,20.35,21.0,0.0,0.0
sues,target,0.5,200,0.1,distance_grid_guard,20,35.0,4.6,0.0,2.75,1.65,0.0
sues,target,0.5,200,0.1,distance_grid_both,20,35.0,3.35,0.0,2.25,0.0,0.0
sues,target,0.5,200,0.1,distance_exact_none,20,35.0,23.1,22.55,23.1,3.6,0.0
sues,target,0.5,200,0.1,distance_exact_nonempty,20,35.0,22.25,21.65,22.25,0.0,0.0
sues,target,0.5,200,0.1,distance_exact_guard,20,35.0,4.65,0.0,2.8,0.9,0.0
sues,target,0.5,200,0.1,distance_exact_both,20,35.0,3.8,0.0,2.35,0.0,0.0
sues,target,0.5,200,0.1,aps_grid_none,20,35.0,6.05,1.7,3.4,0.0,0.0
sues,target,0.5,200,0.1,aps_grid_nonempty,20,35.0,6.05,1.7,3.4,0.0,0.0
sues,target,0.5,200,0.1,aps_grid_guard,20,35.0,4.7,0.0,1.8,0.0,0.0
sues,target,0.5,200,0.1,aps_grid_both,20,35.0,4.7,0.0,1.8,0.0,0.0
sues,target,0.5,200,0.1,aps_exact_none,20,35.0,5.85,1.7,3.35,0.0,0.0
sues,target,0.5,200,0.1,aps_exact_nonempty,20,35.0,5.85,1.7,3.35,0.0,0.0
sues,target,0.5,200,0.1,aps_exact_guard,20,35.0,4.45,0.0,1.7,0.0,0.0
sues,target,0.5,200,0.1,aps_exact_both,20,35.0,4.45,0.0,1.7,0.0,0.0
sues,target,0.5,200,0.25,su_none,20,89.0,5.65,4.55,5.2,0.0,0.0
sues,target,0.5,200,0.25,su_guard,20,89.0,1.2,0.0,0.65,0.0,0.0
sues,target,0.5,200,0.25,distance_top1_none,20,89.0,11.75,4.85,8.25,0.0,0.0
sues,target,0.5,200,0.25,distance_top1_guard,20,89.0,7.95,0.0,3.8,0.0,0.0
sues,target,0.5,200,0.25,distance_grid_none,20,89.0,60.1,53.15,57.3,15.5,0.0
sues,target,0.5,200,0.25,distance_grid_nonempty,20,89.0,51.05,44.55,48.35,0.0,0.0
sues,target,0.5,200,0.25,distance_grid_guard,20,89.0,13.35,0.0,6.85,1.95,0.0
sues,target,0.5,200,0.25,distance_grid_both,20,89.0,11.8,0.0,6.25,0.0,0.0
sues,target,0.5,200,0.25,distance_exact_none,20,89.0,59.95,52.8,57.0,7.8,0.0
sues,target,0.5,200,0.25,distance_exact_nonempty,20,89.0,55.4,48.9,52.65,0.0,0.0
sues,target,0.5,200,0.25,distance_exact_guard,20,89.0,13.25,0.0,6.75,0.95,0.0
sues,target,0.5,200,0.25,distance_exact_both,20,89.0,12.3,0.0,6.3,0.0,0.0
sues,target,0.5,200,0.25,aps_grid_none,20,89.0,22.15,8.7,14.85,0.0,0.0
sues,target,0.5,200,0.25,aps_grid_nonempty,20,89.0,22.15,8.7,14.85,0.0,0.0
sues,target,0.5,200,0.25,aps_grid_guard,20,89.0,15.6,0.0,7.65,0.0,0.0
sues,target,0.5,200,0.25,aps_grid_both,20,89.0,15.6,0.0,7.65,0.0,0.0
sues,target,0.5,200,0.25,aps_exact_none,20,89.0,21.75,8.5,14.65,0.0,0.0
sues,target,0.5,200,0.25,aps_exact_nonempty,20,89.0,21.75,8.5,14.65,0.0,0.0
sues,target,0.5,200,0.25,aps_exact_guard,20,89.0,15.0,0.0,7.5,0.0,0.0
sues,target,0.5,200,0.25,aps_exact_both,20,89.0,15.0,0.0,7.5,0.0,0.0
sues,target,0.5,200,0.5,su_none,20,178.0,46.55,30.0,39.85,0.0,0.0
sues,target,0.5,200,0.5,su_guard,15,178.0,31.733333333333334,0.0,18.0,0.0,0.0
sues,target,0.5,200,0.5,distance_top1_none,20,178.0,54.3,27.05,42.25,0.0,0.0
sues,target,0.5,200,0.5,distance_top1_guard,15,178.0,32.266666666666666,0.0,18.066666666666666,0.0,0.0
sues,target,0.5,200,0.5,distance_grid_none,20,178.0,112.6,94.05,104.05,22.55,0.0
sues,target,0.5,200,0.5,distance_grid_nonempty,20,178.0,103.5,84.45,95.1,0.0,0.0
sues,target,0.5,200,0.5,distance_grid_guard,15,178.0,34.53333333333333,0.0,19.866666666666667,3.466666666666667,0.0
sues,target,0.5,200,0.5,distance_grid_both,13,178.0,33.23076923076923,0.0,20.0,0.0,0.0
sues,target,0.5,200,0.5,distance_exact_none,20,178.0,112.4,94.05,103.9,10.4,0.0
sues,target,0.5,200,0.5,distance_exact_nonempty,20,178.0,108.05,89.5,99.65,0.0,0.0
sues,target,0.5,200,0.5,distance_exact_guard,15,178.0,34.53333333333333,0.0,19.866666666666667,1.4666666666666666,0.0
sues,target,0.5,200,0.5,distance_exact_both,15,178.0,33.333333333333336,0.0,19.333333333333332,0.0,0.0
sues,target,0.5,200,0.5,aps_grid_none,20,178.0,65.65,33.9,51.4,0.0,0.0
sues,target,0.5,200,0.5,aps_grid_nonempty,20,178.0,65.65,33.9,51.4,0.0,0.0
sues,target,0.5,200,0.5,aps_grid_guard,15,178.0,34.2,0.0,18.533333333333335,0.0,0.0
sues,target,0.5,200,0.5,aps_grid_both,15,178.0,34.2,0.0,18.533333333333335,0.0,0.0
sues,target,0.5,200,0.5,aps_exact_none,20,178.0,65.45,34.05,51.4,0.0,0.0
sues,target,0.5,200,0.5,aps_exact_nonempty,20,178.0,65.45,34.05,51.4,0.0,0.0
sues,target,0.5,200,0.5,aps_exact_guard,15,178.0,34.13333333333333,0.0,18.533333333333335,0.0,0.0
sues,target,0.5,200,0.5,aps_exact_both,15,178.0,34.13333333333333,0.0,18.533333333333335,0.0,0.0
sues,target,0.5,250,0.1,su_none,20,35.0,0.45,0.45,0.45,0.0,0.0
sues,target,0.5,250,0.1,su_guard,20,35.0,0.0,0.0,0.0,0.0,0.0
sues,target,0.5,250,0.1,distance_top1_none,20,35.0,0.3,0.0,0.15,0.0,0.0
sues,target,0.5,250,0.1,distance_top1_guard,20,35.0,0.3,0.0,0.15,0.0,0.0
sues,target,0.5,250,0.1,distance_grid_none,20,35.0,23.6,22.1,23.55,6.15,0.0
sues,target,0.5,250,0.1,distance_grid_nonempty,20,35.0,21.35,19.4,21.0,0.0,0.0
sues,target,0.5,250,0.1,distance_grid_guard,20,35.0,2.85,0.0,2.05,0.0,0.0
sues,target,0.5,250,0.1,distance_grid_both,20,35.0,2.85,0.0,2.05,0.0,0.0
sues,target,0.5,250,0.1,distance_exact_none,20,35.0,23.65,22.2,23.55,2.65,0.0
sues,target,0.5,250,0.1,distance_exact_nonempty,20,35.0,22.6,21.05,22.5,0.0,0.0
sues,target,0.5,250,0.1,distance_exact_guard,20,35.0,2.8,0.0,2.05,0.0,0.0
sues,target,0.5,250,0.1,distance_exact_both,20,35.0,2.8,0.0,2.05,0.0,0.0
sues,target,0.5,250,0.1,aps_grid_none,20,35.0,4.6,1.2,2.9,0.0,0.0
sues,target,0.5,250,0.1,aps_grid_nonempty,20,35.0,4.6,1.2,2.9,0.0,0.0
sues,target,0.5,250,0.1,aps_grid_guard,20,35.0,3.45,0.0,1.75,0.0,0.0
sues,target,0.5,250,0.1,aps_grid_both,20,35.0,3.45,0.0,1.75,0.0,0.0
sues,target,0.5,250,0.1,aps_exact_none,20,35.0,3.9,0.75,2.15,0.0,0.0
sues,target,0.5,250,0.1,aps_exact_nonempty,20,35.0,3.9,0.75,2.15,0.0,0.0
sues,target,0.5,250,0.1,aps_exact_guard,20,35.0,3.2,0.0,1.45,0.0,0.0
sues,target,0.5,250,0.1,aps_exact_both,20,35.0,3.2,0.0,1.45,0.0,0.0
sues,target,0.5,250,0.25,su_none,20,89.0,4.05,2.8,3.5,0.0,0.0
sues,target,0.5,250,0.25,su_guard,20,89.0,1.35,0.0,0.8,0.0,0.0
sues,target,0.5,250,0.25,distance_top1_none,20,89.0,5.0,1.45,3.05,0.0,0.0
sues,target,0.5,250,0.25,distance_top1_guard,20,89.0,3.95,0.0,1.9,0.0,0.0
sues,target,0.5,250,0.25,distance_grid_none,20,89.0,58.6,53.3,57.0,11.1,0.0
sues,target,0.5,250,0.25,distance_grid_nonempty,20,89.0,54.35,48.5,52.25,0.0,0.0
sues,target,0.5,250,0.25,distance_grid_guard,20,89.0,10.4,0.0,6.45,0.65,0.0
sues,target,0.5,250,0.25,distance_grid_both,20,89.0,10.5,0.0,6.4,0.0,0.0
sues,target,0.5,250,0.25,distance_exact_none,20,89.0,58.75,53.45,57.2,3.95,0.0
sues,target,0.5,250,0.25,distance_exact_nonempty,20,89.0,57.15,51.7,55.45,0.0,0.0
sues,target,0.5,250,0.25,distance_exact_guard,20,89.0,10.45,0.0,6.5,0.25,0.0
sues,target,0.5,250,0.25,distance_exact_both,20,89.0,10.4,0.0,6.4,0.0,0.0
sues,target,0.5,250,0.25,aps_grid_none,20,89.0,16.05,7.4,11.5,0.0,0.0
sues,target,0.5,250,0.25,aps_grid_nonempty,20,89.0,16.05,7.4,11.5,0.0,0.0
sues,target,0.5,250,0.25,aps_grid_guard,20,89.0,9.0,0.0,4.25,0.0,0.0
sues,target,0.5,250,0.25,aps_grid_both,20,89.0,9.0,0.0,4.25,0.0,0.0
sues,target,0.5,250,0.25,aps_exact_none,20,89.0,16.5,7.9,11.95,0.0,0.0
sues,target,0.5,250,0.25,aps_exact_nonempty,20,89.0,16.5,7.9,11.95,0.0,0.0
sues,target,0.5,250,0.25,aps_exact_guard,20,89.0,8.65,0.0,4.15,0.0,0.0
sues,target,0.5,250,0.25,aps_exact_both,20,89.0,8.65,0.0,4.15,0.0,0.0
sues,target,0.5,250,0.5,su_none,20,178.0,36.95,26.3,32.15,0.0,0.0
sues,target,0.5,250,0.5,su_guard,15,178.0,24.866666666666667,0.0,13.866666666666667,0.0,0.0
sues,target,0.5,250,0.5,distance_top1_none,20,178.0,44.3,28.1,36.9,0.0,0.0
sues,target,0.5,250,0.5,distance_top1_guard,15,178.0,26.333333333333332,0.0,14.266666666666667,0.0,0.0
sues,target,0.5,250,0.5,distance_grid_none,20,178.0,109.45,95.5,104.25,15.7,0.0
sues,target,0.5,250,0.5,distance_grid_nonempty,20,178.0,102.0,87.75,96.5,0.0,0.0
sues,target,0.5,250,0.5,distance_grid_guard,15,178.0,27.666666666666668,0.0,15.866666666666667,0.6,0.0
sues,target,0.5,250,0.5,distance_grid_both,15,178.0,27.466666666666665,0.0,15.666666666666666,0.0,0.0
sues,target,0.5,250,0.5,distance_exact_none,20,178.0,109.25,95.4,104.15,5.05,0.0
sues,target,0.5,250,0.5,distance_exact_nonempty,20,178.0,106.65,92.8,101.4,0.0,0.0
sues,target,0.5,250,0.5,distance_exact_guard,15,178.0,27.6,0.0,15.866666666666667,0.26666666666666666,0.0
sues,target,0.5,250,0.5,distance_exact_both,15,178.0,27.466666666666665,0.0,15.666666666666666,0.0,0.0
sues,target,0.5,250,0.5,aps_grid_none,20,178.0,57.6,35.65,47.25,0.0,0.0
sues,target,0.5,250,0.5,aps_grid_nonempty,20,178.0,57.6,35.65,47.25,0.0,0.0
sues,target,0.5,250,0.5,aps_grid_guard,15,178.0,27.2,0.0,14.733333333333333,0.0,0.0
sues,target,0.5,250,0.5,aps_grid_both,15,178.0,27.2,0.0,14.733333333333333,0.0,0.0
sues,target,0.5,250,0.5,aps_exact_none,20,178.0,58.8,37.05,48.4,0.0,0.0
sues,target,0.5,250,0.5,aps_exact_nonempty,20,178.0,58.8,37.05,48.4,0.0,0.0
sues,target,0.5,250,0.5,aps_exact_guard,15,178.0,27.066666666666666,0.0,14.666666666666666,0.0,0.0
sues,target,0.5,250,0.5,aps_exact_both,15,178.0,27.066666666666666,0.0,14.666666666666666,0.0,0.0
sues,target,0.5,300,0.1,su_none,20,35.0,0.85,0.2,0.65,0.0,0.0
sues,target,0.5,300,0.1,su_guard,20,35.0,0.65,0.0,0.45,0.0,0.0
sues,target,0.5,300,0.1,distance_top1_none,20,35.0,0.05,0.0,0.0,0.0,0.0
sues,target,0.5,300,0.1,distance_top1_guard,20,35.0,0.05,0.0,0.0,0.0,0.0
sues,target,0.5,300,0.1,distance_grid_none,20,35.0,24.65,21.95,24.25,6.15,0.0
sues,target,0.5,300,0.1,distance_grid_nonempty,20,35.0,22.25,19.45,21.85,0.0,0.0
sues,target,0.5,300,0.1,distance_grid_guard,20,35.0,3.25,0.0,2.55,0.1,0.0
sues,target,0.5,300,0.1,distance_grid_both,20,35.0,3.15,0.0,2.5,0.0,0.0
sues,target,0.5,300,0.1,distance_exact_none,20,35.0,24.55,21.9,24.15,3.2,0.0
sues,target,0.5,300,0.1,distance_exact_nonempty,20,35.0,23.45,20.75,23.05,0.0,0.0
sues,target,0.5,300,0.1,distance_exact_guard,20,35.0,3.3,0.0,2.55,0.0,0.0
sues,target,0.5,300,0.1,distance_exact_both,20,35.0,3.3,0.0,2.55,0.0,0.0
sues,target,0.5,300,0.1,aps_grid_none,20,35.0,3.55,1.05,2.4,0.0,0.0
sues,target,0.5,300,0.1,aps_grid_nonempty,20,35.0,3.55,1.05,2.4,0.0,0.0
sues,target,0.5,300,0.1,aps_grid_guard,20,35.0,2.6,0.0,1.4,0.0,0.0
sues,target,0.5,300,0.1,aps_grid_both,20,35.0,2.6,0.0,1.4,0.0,0.0
sues,target,0.5,300,0.1,aps_exact_none,20,35.0,2.55,0.55,1.2,0.0,0.0
sues,target,0.5,300,0.1,aps_exact_nonempty,20,35.0,2.55,0.55,1.2,0.0,0.0
sues,target,0.5,300,0.1,aps_exact_guard,20,35.0,2.0,0.0,0.65,0.0,0.0
sues,target,0.5,300,0.1,aps_exact_both,20,35.0,2.0,0.0,0.65,0.0,0.0
sues,target,0.5,300,0.25,su_none,20,89.0,3.75,1.35,2.45,0.0,0.0
sues,target,0.5,300,0.25,su_guard,20,89.0,2.5,0.0,1.2,0.0,0.0
sues,target,0.5,300,0.25,distance_top1_none,20,89.0,2.8,0.9,1.9,0.0,0.0
sues,target,0.5,300,0.25,distance_top1_guard,20,89.0,1.9,0.0,1.0,0.0,0.0
sues,target,0.5,300,0.25,distance_grid_none,20,89.0,58.35,53.5,56.8,10.2,0.0
sues,target,0.5,300,0.25,distance_grid_nonempty,20,89.0,53.05,48.1,51.5,0.0,0.0
sues,target,0.5,300,0.25,distance_grid_guard,20,89.0,7.25,0.0,4.9,0.2,0.0
sues,target,0.5,300,0.25,distance_grid_both,20,89.0,7.05,0.0,4.85,0.0,0.0
sues,target,0.5,300,0.25,distance_exact_none,20,89.0,58.6,53.8,57.15,5.6,0.0
sues,target,0.5,300,0.25,distance_exact_nonempty,20,89.0,55.5,50.75,54.0,0.0,0.0
sues,target,0.5,300,0.25,distance_exact_guard,20,89.0,7.15,0.0,4.8,0.1,0.0
sues,target,0.5,300,0.25,distance_exact_both,20,89.0,7.05,0.0,4.8,0.0,0.0
sues,target,0.5,300,0.25,aps_grid_none,20,89.0,9.3,4.5,6.75,0.0,0.0
sues,target,0.5,300,0.25,aps_grid_nonempty,20,89.0,9.3,4.5,6.75,0.0,0.0
sues,target,0.5,300,0.25,aps_grid_guard,20,89.0,5.2,0.0,2.6,0.0,0.0
sues,target,0.5,300,0.25,aps_grid_both,20,89.0,5.2,0.0,2.6,0.0,0.0
sues,target,0.5,300,0.25,aps_exact_none,20,89.0,9.4,4.9,7.1,0.0,0.0
sues,target,0.5,300,0.25,aps_exact_nonempty,20,89.0,9.4,4.9,7.1,0.0,0.0
sues,target,0.5,300,0.25,aps_exact_guard,20,89.0,5.4,0.0,2.8,0.0,0.0
sues,target,0.5,300,0.25,aps_exact_both,20,89.0,5.4,0.0,2.8,0.0,0.0
sues,target,0.5,300,0.5,su_none,20,178.0,30.9,22.4,27.2,0.0,0.0
sues,target,0.5,300,0.5,su_guard,14,178.0,17.785714285714285,0.0,9.785714285714286,0.0,0.0
sues,target,0.5,300,0.5,distance_top1_none,20,178.0,36.35,24.85,30.75,0.0,0.0
sues,target,0.5,300,0.5,distance_top1_guard,14,178.0,19.0,0.0,10.214285714285714,0.0,0.0
sues,target,0.5,300,0.5,distance_grid_none,20,178.0,106.6,97.2,104.0,13.7,0.0
sues,target,0.5,300,0.5,distance_grid_nonempty,20,178.0,101.2,91.25,98.15,0.0,0.0
sues,target,0.5,300,0.5,distance_grid_guard,14,178.0,20.0,0.0,11.214285714285714,1.1428571428571428,0.0
sues,target,0.5,300,0.5,distance_grid_both,14,178.0,19.857142857142858,0.0,11.357142857142858,0.0,0.0
sues,target,0.5,300,0.5,distance_exact_none,20,178.0,106.7,97.35,104.1,7.7,0.0
sues,target,0.5,300,0.5,distance_exact_nonempty,20,178.0,103.6,93.9,100.7,0.0,0.0
sues,target,0.5,300,0.5,distance_exact_guard,14,178.0,20.0,0.0,11.214285714285714,0.7857142857142857,0.0
sues,target,0.5,300,0.5,distance_exact_both,14,178.0,19.785714285714285,0.0,11.357142857142858,0.0,0.0
sues,target,0.5,300,0.5,aps_grid_none,20,178.0,47.25,33.35,39.75,0.0,0.0
sues,target,0.5,300,0.5,aps_grid_nonempty,20,178.0,47.25,33.35,39.75,0.0,0.0
sues,target,0.5,300,0.5,aps_grid_guard,14,178.0,18.642857142857142,0.0,9.571428571428571,0.0,0.0
sues,target,0.5,300,0.5,aps_grid_both,14,178.0,18.642857142857142,0.0,9.571428571428571,0.0,0.0
sues,target,0.5,300,0.5,aps_exact_none,20,178.0,47.2,32.6,39.5,0.0,0.0
sues,target,0.5,300,0.5,aps_exact_nonempty,20,178.0,47.2,32.6,39.5,0.0,0.0
sues,target,0.5,300,0.5,aps_exact_guard,14,178.0,18.785714285714285,0.0,9.642857142857142,0.0,0.0
sues,target,0.5,300,0.5,aps_exact_both,14,178.0,18.785714285714285,0.0,9.642857142857142,0.0,0.0
