dataset,arm,fraction,scope,answer_fraction,base,test,joint_masks,mean_error_reduction,min_reduction,max_reduction
university,target,0.25,pooled,0.1,distance_grid_none,distance_grid_nonempty,20,10.65,4,17
university,target,0.25,pooled,0.1,distance_grid_nonempty,distance_grid_both,20,21.8,12,33
university,target,0.25,pooled,0.1,su_guard,distance_grid_both,20,-5.3,-9,-1
university,target,0.25,pooled,0.1,su_guard,aps_grid_both,20,-4.6,-9,-1
university,target,0.25,pooled,0.1,distance_grid_none,distance_exact_none,20,-3.55,-11,4
university,target,0.25,pooled,0.1,aps_grid_none,aps_exact_none,20,0.25,-2,2
university,target,0.25,pooled,0.1,distance_grid_both,distance_exact_both,20,-0.85,-4,2
university,target,0.25,pooled,0.1,aps_grid_both,aps_exact_both,20,0.2,-2,1
university,target,0.25,pooled,0.1,su_guard,distance_exact_both,20,-6.15,-10,-2
university,target,0.25,pooled,0.1,su_guard,aps_exact_both,20,-4.4,-8,0
university,target,0.25,pooled,0.25,distance_grid_none,distance_grid_nonempty,20,25.25,17,34
university,target,0.25,pooled,0.25,distance_grid_nonempty,distance_grid_both,20,51.35,42,61
university,target,0.25,pooled,0.25,su_guard,distance_grid_both,20,-13.9,-20,-8
university,target,0.25,pooled,0.25,su_guard,aps_grid_both,20,-4.0,-8,0
university,target,0.25,pooled,0.25,distance_grid_none,distance_exact_none,20,-0.8,-5,4
university,target,0.25,pooled,0.25,aps_grid_none,aps_exact_none,20,4.3,-2,11
university,target,0.25,pooled,0.25,distance_grid_both,distance_exact_both,20,-2.2,-6,1
university,target,0.25,pooled,0.25,aps_grid_both,aps_exact_both,20,-3.35,-6,0
university,target,0.25,pooled,0.25,su_guard,distance_exact_both,20,-16.1,-21,-12
university,target,0.25,pooled,0.25,su_guard,aps_exact_both,20,-7.35,-11,0
university,target,0.25,pooled,0.5,distance_grid_none,distance_grid_nonempty,20,44.75,32,59
university,target,0.25,pooled,0.5,distance_grid_nonempty,distance_grid_both,20,92.85,80,103
university,target,0.25,pooled,0.5,su_guard,distance_grid_both,20,-23.9,-32,-11
university,target,0.25,pooled,0.5,su_guard,aps_grid_both,20,-17.1,-22,-12
university,target,0.25,pooled,0.5,distance_grid_none,distance_exact_none,20,-0.4,-5,4
university,target,0.25,pooled,0.5,aps_grid_none,aps_exact_none,20,24.5,18,31
university,target,0.25,pooled,0.5,distance_grid_both,distance_exact_both,20,-4.15,-7,-1
university,target,0.25,pooled,0.5,aps_grid_both,aps_exact_both,20,5.9,3,9
university,target,0.25,pooled,0.5,su_guard,distance_exact_both,20,-28.05,-36,-14
university,target,0.25,pooled,0.5,su_guard,aps_exact_both,20,-11.2,-15,-6
university,control,0.25,pooled,0.1,distance_grid_none,distance_grid_nonempty,20,1.4,0,2
university,control,0.25,pooled,0.1,distance_grid_nonempty,distance_grid_both,20,0.6,0,1
university,control,0.25,pooled,0.1,su_guard,distance_grid_both,20,-5.2,-7,-4
university,control,0.25,pooled,0.1,su_guard,aps_grid_both,20,-6.65,-8,-5
university,control,0.25,pooled,0.1,distance_grid_none,distance_exact_none,20,0.6,0,2
university,control,0.25,pooled,0.1,aps_grid_none,aps_exact_none,20,1.75,0,3
university,control,0.25,pooled,0.1,distance_grid_both,distance_exact_both,20,0.8,-1,2
university,control,0.25,pooled,0.1,aps_grid_both,aps_exact_both,20,1.25,0,2
university,control,0.25,pooled,0.1,su_guard,distance_exact_both,20,-4.4,-6,-4
university,control,0.25,pooled,0.1,su_guard,aps_exact_both,20,-5.4,-6,-5
university,control,0.25,pooled,0.25,distance_grid_none,distance_grid_nonempty,20,4.2,3,5
university,control,0.25,pooled,0.25,distance_grid_nonempty,distance_grid_both,20,0.6,-1,1
university,control,0.25,pooled,0.25,su_guard,distance_grid_both,20,-8.15,-10,-7
university,control,0.25,pooled,0.25,su_guard,aps_grid_both,20,-4.0,-5,-3
university,control,0.25,pooled,0.25,distance_grid_none,distance_exact_none,20,-1.75,-2,-1
university,control,0.25,pooled,0.25,aps_grid_none,aps_exact_none,20,-2.85,-5,-2
university,control,0.25,pooled,0.25,distance_grid_both,distance_exact_both,20,-2.05,-5,0
university,control,0.25,pooled,0.25,aps_grid_both,aps_exact_both,20,-2.85,-5,-2
university,control,0.25,pooled,0.25,su_guard,distance_exact_both,20,-10.2,-12,-8
university,control,0.25,pooled,0.25,su_guard,aps_exact_both,20,-6.85,-10,-5
university,control,0.25,pooled,0.5,distance_grid_none,distance_grid_nonempty,20,6.55,5,8
university,control,0.25,pooled,0.5,distance_grid_nonempty,distance_grid_both,20,0.75,-1,2
university,control,0.25,pooled,0.5,su_guard,distance_grid_both,20,-16.1,-19,-14
university,control,0.25,pooled,0.5,su_guard,aps_grid_both,20,-10.8,-16,-8
university,control,0.25,pooled,0.5,distance_grid_none,distance_exact_none,20,-1.55,-2,0
university,control,0.25,pooled,0.5,aps_grid_none,aps_exact_none,20,4.25,3,5
university,control,0.25,pooled,0.5,distance_grid_both,distance_exact_both,20,-5.05,-6,-4
university,control,0.25,pooled,0.5,aps_grid_both,aps_exact_both,20,2.7,1,5
university,control,0.25,pooled,0.5,su_guard,distance_exact_both,20,-21.15,-25,-19
university,control,0.25,pooled,0.5,su_guard,aps_exact_both,20,-8.1,-12,-6
university,target,0.5,pooled,0.1,distance_grid_none,distance_grid_nonempty,20,12.1,5,19
university,target,0.5,pooled,0.1,distance_grid_nonempty,distance_grid_both,20,40.55,34,52
university,target,0.5,pooled,0.1,su_guard,distance_grid_both,20,-5.85,-10,-1
university,target,0.5,pooled,0.1,su_guard,aps_grid_both,20,-2.1,-6,2
university,target,0.5,pooled,0.1,distance_grid_none,distance_exact_none,20,-2.2,-11,8
university,target,0.5,pooled,0.1,aps_grid_none,aps_exact_none,20,0.0,-5,6
university,target,0.5,pooled,0.1,distance_grid_both,distance_exact_both,20,-1.45,-4,2
university,target,0.5,pooled,0.1,aps_grid_both,aps_exact_both,20,-1.45,-4,0
university,target,0.5,pooled,0.1,su_guard,distance_exact_both,20,-7.3,-13,-2
university,target,0.5,pooled,0.1,su_guard,aps_exact_both,20,-3.55,-7,-1
university,target,0.5,pooled,0.25,distance_grid_none,distance_grid_nonempty,20,27.8,19,44
university,target,0.5,pooled,0.25,distance_grid_nonempty,distance_grid_both,20,96.65,89,103
university,target,0.5,pooled,0.25,su_guard,distance_grid_both,20,-15.55,-21,-8
university,target,0.5,pooled,0.25,su_guard,aps_grid_both,20,-9.6,-14,-5
university,target,0.5,pooled,0.25,distance_grid_none,distance_exact_none,20,-6.45,-18,7
university,target,0.5,pooled,0.25,aps_grid_none,aps_exact_none,20,19.6,7,27
university,target,0.5,pooled,0.25,distance_grid_both,distance_exact_both,20,-2.45,-5,0
university,target,0.5,pooled,0.25,aps_grid_both,aps_exact_both,20,2.45,-1,7
university,target,0.5,pooled,0.25,su_guard,distance_exact_both,20,-18.0,-24,-11
university,target,0.5,pooled,0.25,su_guard,aps_exact_both,20,-7.15,-10,-3
university,target,0.5,pooled,0.5,distance_grid_none,distance_grid_nonempty,20,65.2,46,85
university,target,0.5,pooled,0.5,distance_grid_nonempty,distance_grid_both,9,171.55555555555554,162,180
university,target,0.5,pooled,0.5,su_guard,distance_grid_both,9,-2.7777777777777777,-7,3
university,target,0.5,pooled,0.5,su_guard,aps_grid_both,19,-2.5789473684210527,-9,2
university,target,0.5,pooled,0.5,distance_grid_none,distance_exact_none,20,-1.6,-10,11
university,target,0.5,pooled,0.5,aps_grid_none,aps_exact_none,20,11.8,4,19
university,target,0.5,pooled,0.5,distance_grid_both,distance_exact_both,9,-2.6666666666666665,-4,-1
university,target,0.5,pooled,0.5,aps_grid_both,aps_exact_both,19,1.3157894736842106,-2,6
university,target,0.5,pooled,0.5,su_guard,distance_exact_both,15,-4.266666666666667,-9,0
university,target,0.5,pooled,0.5,su_guard,aps_exact_both,19,-1.263157894736842,-6,2
sues,target,0.25,pooled,0.1,distance_grid_none,distance_grid_nonempty,20,7.45,1,15
sues,target,0.25,pooled,0.1,distance_grid_nonempty,distance_grid_both,20,38.4,31,46
sues,target,0.25,pooled,0.1,su_guard,distance_grid_both,20,-14.25,-18,-10
sues,target,0.25,pooled,0.1,su_guard,aps_grid_both,20,-11.65,-19,-5
sues,target,0.25,pooled,0.1,distance_grid_none,distance_exact_none,20,-0.4,-3,1
sues,target,0.25,pooled,0.1,aps_grid_none,aps_exact_none,20,2.9,-6,20
sues,target,0.25,pooled,0.1,distance_grid_both,distance_exact_both,20,-0.7,-3,2
sues,target,0.25,pooled,0.1,aps_grid_both,aps_exact_both,20,2.25,-6,10
sues,target,0.25,pooled,0.1,su_guard,distance_exact_both,20,-14.95,-20,-11
sues,target,0.25,pooled,0.1,su_guard,aps_exact_both,20,-9.4,-16,-5
sues,target,0.25,pooled,0.25,distance_grid_none,distance_grid_nonempty,20,18.05,8,26
sues,target,0.25,pooled,0.25,distance_grid_nonempty,distance_grid_both,20,85.95,67,103
sues,target,0.25,pooled,0.25,su_guard,distance_grid_both,20,-40.1,-46,-33
sues,target,0.25,pooled,0.25,su_guard,aps_grid_both,20,-28.1,-41,-10
sues,target,0.25,pooled,0.25,distance_grid_none,distance_exact_none,20,-0.65,-4,3
sues,target,0.25,pooled,0.25,aps_grid_none,aps_exact_none,20,2.35,-2,11
sues,target,0.25,pooled,0.25,distance_grid_both,distance_exact_both,20,-1.25,-3,1
sues,target,0.25,pooled,0.25,aps_grid_both,aps_exact_both,20,1.15,-3,8
sues,target,0.25,pooled,0.25,su_guard,distance_exact_both,20,-41.35,-47,-34
sues,target,0.25,pooled,0.25,su_guard,aps_exact_both,20,-26.95,-40,-10
sues,target,0.25,pooled,0.5,distance_grid_none,distance_grid_nonempty,20,24.5,13,41
sues,target,0.25,pooled,0.5,distance_grid_nonempty,distance_grid_both,20,153.7,132,191
sues,target,0.25,pooled,0.5,su_guard,distance_grid_both,20,-80.5,-97,-54
sues,target,0.25,pooled,0.5,su_guard,aps_grid_both,20,-74.1,-87,-62
sues,target,0.25,pooled,0.5,distance_grid_none,distance_exact_none,20,1.15,-3,5
sues,target,0.25,pooled,0.5,aps_grid_none,aps_exact_none,20,0.75,-5,7
sues,target,0.25,pooled,0.5,distance_grid_both,distance_exact_both,20,-1.5,-5,1
sues,target,0.25,pooled,0.5,aps_grid_both,aps_exact_both,20,3.35,-2,13
sues,target,0.25,pooled,0.5,su_guard,distance_exact_both,20,-82.0,-96,-59
sues,target,0.25,pooled,0.5,su_guard,aps_exact_both,20,-70.75,-80,-58
sues,target,0.25,150,0.1,distance_grid_none,distance_grid_nonempty,20,3.2,0,7
sues,target,0.25,150,0.1,distance_grid_nonempty,distance_grid_both,20,5.9,3,8
sues,target,0.25,150,0.1,su_guard,distance_grid_both,20,-5.35,-7,-3
sues,target,0.25,150,0.1,su_guard,aps_grid_both,20,-3.7,-7,-1
sues,target,0.25,150,0.1,distance_grid_none,distance_exact_none,20,0.15,-1,2
sues,target,0.25,150,0.1,aps_grid_none,aps_exact_none,20,-0.05,-2,1
sues,target,0.25,150,0.1,distance_grid_both,distance_exact_both,20,-0.1,-1,0
sues,target,0.25,150,0.1,aps_grid_both,aps_exact_both,20,0.0,-1,1
sues,target,0.25,150,0.1,su_guard,distance_exact_both,20,-5.45,-7,-3
sues,target,0.25,150,0.1,su_guard,aps_exact_both,20,-3.7,-6,-1
sues,target,0.25,150,0.25,distance_grid_none,distance_grid_nonempty,20,4.55,0,9
sues,target,0.25,150,0.25,distance_grid_nonempty,distance_grid_both,20,16.6,12,22
sues,target,0.25,150,0.25,su_guard,distance_grid_both,20,-17.75,-21,-13
sues,target,0.25,150,0.25,su_guard,aps_grid_both,20,-16.65,-21,-12
sues,target,0.25,150,0.25,distance_grid_none,distance_exact_none,20,-0.6,-2,1
sues,target,0.25,150,0.25,aps_grid_none,aps_exact_none,20,0.3,-2,3
sues,target,0.25,150,0.25,distance_grid_both,distance_exact_both,20,-0.35,-2,1
sues,target,0.25,150,0.25,aps_grid_both,aps_exact_both,20,0.65,-1,3
sues,target,0.25,150,0.25,su_guard,distance_exact_both,20,-18.1,-22,-13
sues,target,0.25,150,0.25,su_guard,aps_exact_both,20,-16.0,-20,-12
sues,target,0.25,150,0.5,distance_grid_none,distance_grid_nonempty,20,4.95,3,9
sues,target,0.25,150,0.5,distance_grid_nonempty,distance_grid_both,20,29.65,23,37
sues,target,0.25,150,0.5,su_guard,distance_grid_both,20,-25.4,-32,-14
sues,target,0.25,150,0.5,su_guard,aps_grid_both,20,-25.5,-30,-17
sues,target,0.25,150,0.5,distance_grid_none,distance_exact_none,20,-0.2,-2,1
sues,target,0.25,150,0.5,aps_grid_none,aps_exact_none,20,3.95,0,8
sues,target,0.25,150,0.5,distance_grid_both,distance_exact_both,20,-0.3,-2,1
sues,target,0.25,150,0.5,aps_grid_both,aps_exact_both,20,1.65,0,4
sues,target,0.25,150,0.5,su_guard,distance_exact_both,20,-25.7,-32,-15
sues,target,0.25,150,0.5,su_guard,aps_exact_both,20,-23.85,-28,-16
sues,target,0.25,200,0.1,distance_grid_none,distance_grid_nonempty,20,2.35,0,8
sues,target,0.25,200,0.1,distance_grid_nonempty,distance_grid_both,20,10.15,5,14
sues,target,0.25,200,0.1,su_guard,distance_grid_both,20,-1.7,-5,-1
sues,target,0.25,200,0.1,su_guard,aps_grid_both,20,-5.15,-8,-2
sues,target,0.25,200,0.1,distance_grid_none,distance_exact_none,20,-0.35,-2,1
sues,target,0.25,200,0.1,aps_grid_none,aps_exact_none,20,2.35,0,6
sues,target,0.25,200,0.1,distance_grid_both,distance_exact_both,20,-0.85,-2,0
sues,target,0.25,200,0.1,aps_grid_both,aps_exact_both,20,2.0,0,5
sues,target,0.25,200,0.1,su_guard,distance_exact_both,20,-2.55,-5,-1
sues,target,0.25,200,0.1,su_guard,aps_exact_both,20,-3.15,-5,-2
sues,target,0.25,200,0.25,distance_grid_none,distance_grid_nonempty,20,5.85,4,9
sues,target,0.25,200,0.25,distance_grid_nonempty,distance_grid_both,20,20.65,15,26
sues,target,0.25,200,0.25,su_guard,distance_grid_both,20,-8.05,-11,-5
sues,target,0.25,200,0.25,su_guard,aps_grid_both,20,-13.05,-17,-8
sues,target,0.25,200,0.25,distance_grid_none,distance_exact_none,20,0.0,-1,1
sues,target,0.25,200,0.25,aps_grid_none,aps_exact_none,20,2.9,-1,7
sues,target,0.25,200,0.25,distance_grid_both,distance_exact_both,20,-0.9,-3,0
sues,target,0.25,200,0.25,aps_grid_both,aps_exact_both,20,2.9,-1,5
sues,target,0.25,200,0.25,su_guard,distance_exact_both,20,-8.95,-11,-6
sues,target,0.25,200,0.25,su_guard,aps_exact_both,20,-10.15,-15,-4
sues,target,0.25,200,0.5,distance_grid_none,distance_grid_nonempty,20,8.6,4,16
sues,target,0.25,200,0.5,distance_grid_nonempty,distance_grid_both,20,41.75,33,57
sues,target,0.25,200,0.5,su_guard,distance_grid_both,20,-12.4,-20,-7
sues,target,0.25,200,0.5,su_guard,aps_grid_both,20,-22.4,-28,-16
sues,target,0.25,200,0.5,distance_grid_none,distance_exact_none,20,-0.1,-1,1
sues,target,0.25,200,0.5,aps_grid_none,aps_exact_none,20,1.0,-1,3
sues,target,0.25,200,0.5,distance_grid_both,distance_exact_both,20,-1.25,-4,0
sues,target,0.25,200,0.5,aps_grid_both,aps_exact_both,20,0.75,0,2
sues,target,0.25,200,0.5,su_guard,distance_exact_both,20,-13.65,-21,-8
sues,target,0.25,200,0.5,su_guard,aps_exact_both,20,-21.65,-27,-15
sues,target,0.25,250,0.1,distance_grid_none,distance_grid_nonempty,20,1.85,0,4
sues,target,0.25,250,0.1,distance_grid_nonempty,distance_grid_both,20,10.5,6,15
sues,target,0.25,250,0.1,su_guard,distance_grid_both,20,-1.75,-3,-1
sues,target,0.25,250,0.1,su_guard,aps_grid_both,20,-2.8,-5,-1
sues,target,0.25,250,0.1,distance_grid_none,distance_exact_none,20,-0.4,-3,1
sues,target,0.25,250,0.1,aps_grid_none,aps_exact_none,20,-0.65,-4,4
sues,target,0.25,250,0.1,distance_grid_both,distance_exact_both,20,-0.15,-1,0
sues,target,0.25,250,0.1,aps_grid_both,aps_exact_both,20,-0.65,-4,3
sues,target,0.25,250,0.1,su_guard,distance_exact_both,20,-1.9,-3,-1
sues,target,0.25,250,0.1,su_guard,aps_exact_both,20,-3.45,-5,0
sues,target,0.25,250,0.25,distance_grid_none,distance_grid_nonempty,20,3.85,1,7
sues,target,0.25,250,0.25,distance_grid_nonempty,distance_grid_both,20,24.3,17,29
sues,target,0.25,250,0.25,su_guard,distance_grid_both,20,-6.3,-9,-4
sues,target,0.25,250,0.25,su_guard,aps_grid_both,20,-6.25,-10,-2
sues,target,0.25,250,0.25,distance_grid_none,distance_exact_none,20,-0.25,-2,1
sues,target,0.25,250,0.25,aps_grid_none,aps_exact_none,20,-0.3,-1,0
sues,target,0.25,250,0.25,distance_grid_both,distance_exact_both,20,0.0,0,0
sues,target,0.25,250,0.25,aps_grid_both,aps_exact_both,20,-0.2,-1,1
sues,target,0.25,250,0.25,su_guard,distance_exact_both,20,-6.3,-9,-4
sues,target,0.25,250,0.25,su_guard,aps_exact_both,20,-6.45,-10,-2
sues,target,0.25,250,0.5,distance_grid_none,distance_grid_nonempty,20,5.7,1,11
sues,target,0.25,250,0.5,distance_grid_nonempty,distance_grid_both,20,39.1,32,48
sues,target,0.25,250,0.5,su_guard,distance_grid_both,20,-15.7,-20,-10
sues,target,0.25,250,0.5,su_guard,aps_grid_both,20,-12.75,-16,-9
sues,target,0.25,250,0.5,distance_grid_none,distance_exact_none,20,-0.15,-2,2
sues,target,0.25,250,0.5,aps_grid_none,aps_exact_none,20,0.7,-2,3
sues,target,0.25,250,0.5,distance_grid_both,distance_exact_both,20,0.4,0,1
sues,target,0.25,250,0.5,aps_grid_both,aps_exact_both,20,-0.35,-1,0
sues,target,0.25,250,0.5,su_guard,distance_exact_both,20,-15.3,-19,-9
sues,target,0.25,250,0.5,su_guard,aps_exact_both,20,-13.1,-17,-9
sues,target,0.25,300,0.1,distance_grid_none,distance_grid_nonempty,20,1.95,0,6
sues,target,0.25,300,0.1,distance_grid_nonempty,distance_grid_both,20,12.35,7,17
sues,target,0.25,300,0.1,su_guard,distance_grid_both,20,-1.35,-4,-1
sues,target,0.25,300,0.1,su_guard,aps_grid_both,20,-2.3,-5,0
sues,target,0.25,300,0.1,distance_grid_none,distance_exact_none,20,0.55,-1,2
sues,target,0.25,300,0.1,aps_grid_none,aps_exact_none,20,1.2,-3,4
sues,target,0.25,300,0.1,distance_grid_both,distance_exact_both,20,-0.45,-1,0
sues,target,0.25,300,0.1,aps_grid_both,aps_exact_both,20,0.75,-3,3
sues,target,0.25,300,0.1,su_guard,distance_exact_both,20,-1.8,-4,-1
sues,target,0.25,300,0.1,su_guard,aps_exact_both,20,-1.55,-3,0
sues,target,0.25,300,0.25,distance_grid_none,distance_grid_nonempty,20,3.6,0,7
sues,target,0.25,300,0.25,distance_grid_nonempty,distance_grid_both,20,27.05,20,34
sues,target,0.25,300,0.25,su_guard,distance_grid_both,20,-2.2,-5,0
sues,target,0.25,300,0.25,su_guard,aps_grid_both,20,-3.85,-6,-1
sues,target,0.25,300,0.25,distance_grid_none,distance_exact_none,20,0.15,-1,1
sues,target,0.25,300,0.25,aps_grid_none,aps_exact_none,20,1.2,-1,7
sues,target,0.25,300,0.25,distance_grid_both,distance_exact_both,20,-0.5,-1,1
sues,target,0.25,300,0.25,aps_grid_both,aps_exact_both,20,-0.15,-1,1
sues,target,0.25,300,0.25,su_guard,distance_exact_both,20,-2.7,-5,-1
sues,target,0.25,300,0.25,su_guard,aps_exact_both,20,-4.0,-7,-1
sues,target,0.25,300,0.5,distance_grid_none,distance_grid_nonempty,20,5.65,3,11
sues,target,0.25,300,0.5,distance_grid_nonempty,distance_grid_both,20,44.35,36,53
sues,target,0.25,300,0.5,su_guard,distance_grid_both,20,-8.25,-10,-6
sues,target,0.25,300,0.5,su_guard,aps_grid_both,20,-7.75,-11,-4
sues,target,0.25,300,0.5,distance_grid_none,distance_exact_none,20,-0.05,-1,1
sues,target,0.25,300,0.5,aps_grid_none,aps_exact_none,20,2.2,-2,5
sues,target,0.25,300,0.5,distance_grid_both,distance_exact_both,20,-0.45,-1,1
sues,target,0.25,300,0.5,aps_grid_both,aps_exact_both,20,0.3,-2,2
sues,target,0.25,300,0.5,su_guard,distance_exact_both,20,-8.7,-10,-7
sues,target,0.25,300,0.5,su_guard,aps_exact_both,20,-7.45,-10,-2
sues,control,0.25,pooled,0.1,distance_grid_none,distance_grid_nonempty,20,2.5,1,4
sues,control,0.25,pooled,0.1,distance_grid_nonempty,distance_grid_both,20,1.55,0,3
sues,control,0.25,pooled,0.1,su_guard,distance_grid_both,20,-5.35,-9,-3
sues,control,0.25,pooled,0.1,su_guard,aps_grid_both,20,-7.1,-12,-5
sues,control,0.25,pooled,0.1,distance_grid_none,distance_exact_none,20,-0.3,-1,0
sues,control,0.25,pooled,0.1,aps_grid_none,aps_exact_none,20,-2.2,-4,2
sues,control,0.25,pooled,0.1,distance_grid_both,distance_exact_both,20,0.05,0,1
sues,control,0.25,pooled,0.1,aps_grid_both,aps_exact_both,20,-2.9,-5,2
sues,control,0.25,pooled,0.1,su_guard,distance_exact_both,20,-5.3,-9,-3
sues,control,0.25,pooled,0.1,su_guard,aps_exact_both,20,-10.0,-10,-10
sues,control,0.25,pooled,0.25,distance_grid_none,distance_grid_nonempty,20,6.7,4,9
sues,control,0.25,pooled,0.25,distance_grid_nonempty,distance_grid_both,20,3.0,-1,6
sues,control,0.25,pooled,0.25,su_guard,distance_grid_both,20,-22.35,-28,-19
sues,control,0.25,pooled,0.25,su_guard,aps_grid_both,20,-26.1,-32,-22
sues,control,0.25,pooled,0.25,distance_grid_none,distance_exact_none,20,0.5,-2,2
sues,control,0.25,pooled,0.25,aps_grid_none,aps_exact_none,20,0.25,-2,1
sues,control,0.25,pooled,0.25,distance_grid_both,distance_exact_both,20,-2.25,-4,-1
sues,control,0.25,pooled,0.25,aps_grid_both,aps_exact_both,20,0.3,-2,1
sues,control,0.25,pooled,0.25,su_guard,distance_exact_both,20,-24.6,-29,-22
sues,control,0.25,pooled,0.25,su_guard,aps_exact_both,20,-25.8,-31,-22
sues,control,0.25,pooled,0.5,distance_grid_none,distance_grid_nonempty,20,10.2,8,13
sues,control,0.25,pooled,0.5,distance_grid_nonempty,distance_grid_both,20,9.55,5,13
sues,control,0.25,pooled,0.5,su_guard,distance_grid_both,20,-55.4,-63,-49
sues,control,0.25,pooled,0.5,su_guard,aps_grid_both,20,-58.05,-71,-51
sues,control,0.25,pooled,0.5,distance_grid_none,distance_exact_none,20,2.85,0,5
sues,control,0.25,pooled,0.5,aps_grid_none,aps_exact_none,20,-2.65,-5,3
sues,control,0.25,pooled,0.5,distance_grid_both,distance_exact_both,20,-4.05,-5,-2
sues,control,0.25,pooled,0.5,aps_grid_both,aps_exact_both,20,-2.4,-5,3
sues,control,0.25,pooled,0.5,su_guard,distance_exact_both,20,-59.45,-68,-54
sues,control,0.25,pooled,0.5,su_guard,aps_exact_both,20,-60.45,-71,-54
sues,control,0.25,150,0.1,distance_grid_none,distance_grid_nonempty,20,0.35,0,1
sues,control,0.25,150,0.1,distance_grid_nonempty,distance_grid_both,20,1.15,-1,2
sues,control,0.25,150,0.1,su_guard,distance_grid_both,20,-2.55,-3,-2
sues,control,0.25,150,0.1,su_guard,aps_grid_both,20,-3.3,-4,-2
sues,control,0.25,150,0.1,distance_grid_none,distance_exact_none,20,-0.35,-1,0
sues,control,0.25,150,0.1,aps_grid_none,aps_exact_none,20,0.0,0,0
sues,control,0.25,150,0.1,distance_grid_both,distance_exact_both,20,-0.1,-1,0
sues,control,0.25,150,0.1,aps_grid_both,aps_exact_both,20,0.0,0,0
sues,control,0.25,150,0.1,su_guard,distance_exact_both,20,-2.65,-3,-2
sues,control,0.25,150,0.1,su_guard,aps_exact_both,20,-3.3,-4,-2
sues,control,0.25,150,0.25,distance_grid_none,distance_grid_nonempty,20,1.35,0,3
sues,control,0.25,150,0.25,distance_grid_nonempty,distance_grid_both,20,2.25,0,3
sues,control,0.25,150,0.25,su_guard,distance_grid_both,20,-11.5,-14,-10
sues,control,0.25,150,0.25,su_guard,aps_grid_both,20,-10.5,-15,-9
sues,control,0.25,150,0.25,distance_grid_none,distance_exact_none,20,-0.1,-2,1
sues,control,0.25,150,0.25,aps_grid_none,aps_exact_none,20,0.05,0,1
sues,control,0.25,150,0.25,distance_grid_both,distance_exact_both,20,0.25,-1,2
sues,control,0.25,150,0.25,aps_grid_both,aps_exact_both,20,0.0,0,0
sues,control,0.25,150,0.25,su_guard,distance_exact_both,20,-11.25,-14,-9
sues,control,0.25,150,0.25,su_guard,aps_exact_both,20,-10.5,-15,-9
sues,control,0.25,150,0.5,distance_grid_none,distance_grid_nonempty,20,2.4,1,5
sues,control,0.25,150,0.5,distance_grid_nonempty,distance_grid_both,20,3.65,1,6
sues,control,0.25,150,0.5,su_guard,distance_grid_both,20,-23.9,-33,-20
sues,control,0.25,150,0.5,su_guard,aps_grid_both,20,-30.4,-39,-27
sues,control,0.25,150,0.5,distance_grid_none,distance_exact_none,20,-0.1,-1,2
sues,control,0.25,150,0.5,aps_grid_none,aps_exact_none,20,5.1,3,7
sues,control,0.25,150,0.5,distance_grid_both,distance_exact_both,20,0.3,-1,1
sues,control,0.25,150,0.5,aps_grid_both,aps_exact_both,20,4.2,3,6
sues,control,0.25,150,0.5,su_guard,distance_exact_both,20,-23.6,-32,-19
sues,control,0.25,150,0.5,su_guard,aps_exact_both,20,-26.2,-34,-23
sues,control,0.25,200,0.1,distance_grid_none,distance_grid_nonempty,20,0.0,0,0
sues,control,0.25,200,0.1,distance_grid_nonempty,distance_grid_both,20,-0.05,-1,0
sues,control,0.25,200,0.1,su_guard,distance_grid_both,20,-0.05,-1,0
sues,control,0.25,200,0.1,su_guard,aps_grid_both,20,-1.6,-3,-1
sues,control,0.25,200,0.1,distance_grid_none,distance_exact_none,20,0.0,0,0
sues,control,0.25,200,0.1,aps_grid_none,aps_exact_none,20,1.0,1,1
sues,control,0.25,200,0.1,distance_grid_both,distance_exact_both,20,0.05,0,1
sues,control,0.25,200,0.1,aps_grid_both,aps_exact_both,20,1.0,1,1
sues,control,0.25,200,0.1,su_guard,distance_exact_both,20,0.0,0,0
sues,control,0.25,200,0.1,su_guard,aps_exact_both,20,-0.6,-2,0
sues,control,0.25,200,0.25,distance_grid_none,distance_grid_nonempty,20,3.7,2,5
sues,control,0.25,200,0.25,distance_grid_nonempty,distance_grid_both,20,0.85,0,1
sues,control,0.25,200,0.25,su_guard,distance_grid_both,20,-1.65,-3,0
sues,control,0.25,200,0.25,su_guard,aps_grid_both,20,-9.8,-12,-9
sues,control,0.25,200,0.25,distance_grid_none,distance_exact_none,20,0.25,-1,1
sues,control,0.25,200,0.25,aps_grid_none,aps_exact_none,20,0.15,0,1
sues,control,0.25,200,0.25,distance_grid_both,distance_exact_both,20,-1.7,-2,-1
sues,control,0.25,200,0.25,aps_grid_both,aps_exact_both,20,0.2,0,1
sues,control,0.25,200,0.25,su_guard,distance_exact_both,20,-3.35,-5,-2
sues,control,0.25,200,0.25,su_guard,aps_exact_both,20,-9.6,-11,-9
sues,control,0.25,200,0.5,distance_grid_none,distance_grid_nonempty,20,4.9,4,6
sues,control,0.25,200,0.5,distance_grid_nonempty,distance_grid_both,20,0.75,-1,1
sues,control,0.25,200,0.5,su_guard,distance_grid_both,20,-8.65,-11,-7
sues,control,0.25,200,0.5,su_guard,aps_grid_both,20,-24.45,-27,-22
sues,control,0.25,200,0.5,distance_grid_none,distance_exact_none,20,0.0,0,0
sues,control,0.25,200,0.5,aps_grid_none,aps_exact_none,20,0.85,0,2
sues,control,0.25,200,0.5,distance_grid_both,distance_exact_both,20,-2.65,-3,-2
sues,control,0.25,200,0.5,aps_grid_both,aps_exact_both,20,1.05,0,2
sues,control,0.25,200,0.5,su_guard,distance_exact_both,20,-11.3,-14,-10
sues,control,0.25,200,0.5,su_guard,aps_exact_both,20,-23.4,-27,-22
sues,control,0.25,250,0.1,distance_grid_none,distance_grid_nonempty,20,0.0,0,0
sues,control,0.25,250,0.1,distance_grid_nonempty,distance_grid_both,20,0.0,0,0
sues,control,0.25,250,0.1,su_guard,distance_grid_both,20,-0.35,-1,0
sues,control,0.25,250,0.1,su_guard,aps_grid_both,20,-2.4,-4,-1
sues,control,0.25,250,0.1,distance_grid_none,distance_exact_none,20,0.0,0,0
sues,control,0.25,250,0.1,aps_grid_none,aps_exact_none,20,-1.05,-2,1
sues,control,0.25,250,0.1,distance_grid_both,distance_exact_both,20,0.0,0,0
sues,control,0.25,250,0.1,aps_grid_both,aps_exact_both,20,-1.05,-2,1
sues,control,0.25,250,0.1,su_guard,distance_exact_both,20,-0.35,-1,0
sues,control,0.25,250,0.1,su_guard,aps_exact_both,20,-3.45,-4,-3
sues,control,0.25,250,0.25,distance_grid_none,distance_grid_nonempty,20,0.0,0,0
sues,control,0.25,250,0.25,distance_grid_nonempty,distance_grid_both,20,-0.3,-1,0
sues,control,0.25,250,0.25,su_guard,distance_grid_both,20,-4.75,-6,-4
sues,control,0.25,250,0.25,su_guard,aps_grid_both,20,-7.6,-9,-7
sues,control,0.25,250,0.25,distance_grid_none,distance_exact_none,20,-0.5,-2,0
sues,control,0.25,250,0.25,aps_grid_none,aps_exact_none,20,-1.0,-1,-1
sues,control,0.25,250,0.25,distance_grid_both,distance_exact_both,20,-0.45,-1,0
sues,control,0.25,250,0.25,aps_grid_both,aps_exact_both,20,-1.0,-1,-1
sues,control,0.25,250,0.25,su_guard,distance_exact_both,20,-5.2,-6,-4
sues,control,0.25,250,0.25,su_guard,aps_exact_both,20,-8.6,-10,-8
sues,control,0.25,250,0.5,distance_grid_none,distance_grid_nonempty,20,1.0,1,1
sues,control,0.25,250,0.5,distance_grid_nonempty,distance_grid_both,20,0.65,0,1
sues,control,0.25,250,0.5,su_guard,distance_grid_both,20,-9.45,-10,-9
sues,control,0.25,250,0.5,su_guard,aps_grid_both,20,-13.7,-16,-12
sues,control,0.25,250,0.5,distance_grid_none,distance_exact_none,20,0.0,0,0
sues,control,0.25,250,0.5,aps_grid_none,aps_exact_none,20,1.0,1,1
sues,control,0.25,250,0.5,distance_grid_both,distance_exact_both,20,0.0,0,0
sues,control,0.25,250,0.5,aps_grid_both,aps_exact_both,20,1.0,1,1
sues,control,0.25,250,0.5,su_guard,distance_exact_both,20,-9.45,-10,-9
sues,control,0.25,250,0.5,su_guard,aps_exact_both,20,-12.7,-15,-11
sues,control,0.25,300,0.1,distance_grid_none,distance_grid_nonempty,20,0.7,0,2
sues,control,0.25,300,0.1,distance_grid_nonempty,distance_grid_both,20,0.3,0,1
sues,control,0.25,300,0.1,su_guard,distance_grid_both,20,-0.65,-2,0
sues,control,0.25,300,0.1,su_guard,aps_grid_both,20,-0.6,-2,0
sues,control,0.25,300,0.1,distance_grid_none,distance_exact_none,20,0.0,0,0
sues,control,0.25,300,0.1,aps_grid_none,aps_exact_none,20,-0.4,-1,1
sues,control,0.25,300,0.1,distance_grid_both,distance_exact_both,20,0.0,0,0
sues,control,0.25,300,0.1,aps_grid_both,aps_exact_both,20,-0.4,-1,1
sues,control,0.25,300,0.1,su_guard,distance_exact_both,20,-0.65,-2,0
sues,control,0.25,300,0.1,su_guard,aps_exact_both,20,-1.0,-1,-1
sues,control,0.25,300,0.25,distance_grid_none,distance_grid_nonempty,20,1.7,1,3
sues,control,0.25,300,0.25,distance_grid_nonempty,distance_grid_both,20,0.3,0,1
sues,control,0.25,300,0.25,su_guard,distance_grid_both,20,-1.7,-3,-1
sues,control,0.25,300,0.25,su_guard,aps_grid_both,20,-7.6,-9,-7
sues,control,0.25,300,0.25,distance_grid_none,distance_exact_none,20,0.0,0,0
sues,control,0.25,300,0.25,aps_grid_none,aps_exact_none,20,2.0,2,2
sues,control,0.25,300,0.25,distance_grid_both,distance_exact_both,20,-1.0,-1,-1
sues,control,0.25,300,0.25,aps_grid_both,aps_exact_both,20,2.0,2,2
sues,control,0.25,300,0.25,su_guard,distance_exact_both,20,-2.7,-4,-2
sues,control,0.25,300,0.25,su_guard,aps_exact_both,20,-5.6,-7,-5
sues,control,0.25,300,0.5,distance_grid_none,distance_grid_nonempty,20,1.75,1,3
sues,control,0.25,300,0.5,distance_grid_nonempty,distance_grid_both,20,0.85,-1,2
sues,control,0.25,300,0.5,su_guard,distance_grid_both,20,-5.2,-6,-5
sues,control,0.25,300,0.5,su_guard,aps_grid_both,20,-8.6,-10,-7
sues,control,0.25,300,0.5,distance_grid_none,distance_exact_none,20,0.05,0,1
sues,control,0.25,300,0.5,aps_grid_none,aps_exact_none,20,0.7,0,1
sues,control,0.25,300,0.5,distance_grid_both,distance_exact_both,20,-0.85,-1,0
sues,control,0.25,300,0.5,aps_grid_both,aps_exact_both,20,0.0,0,0
sues,control,0.25,300,0.5,su_guard,distance_exact_both,20,-6.05,-7,-6
sues,control,0.25,300,0.5,su_guard,aps_exact_both,20,-8.6,-10,-7
sues,target,0.5,pooled,0.1,distance_grid_none,distance_grid_nonempty,20,9.95,4,20
sues,target,0.5,pooled,0.1,distance_grid_nonempty,distance_grid_both,20,65.0,47,82
sues,target,0.5,pooled,0.1,su_guard,distance_grid_both,20,-18.3,-24,-13
sues,target,0.5,pooled,0.1,su_guard,aps_grid_both,20,-10.9,-22,0
sues,target,0.5,pooled,0.1,distance_grid_none,distance_exact_none,20,-0.1,-4,4
sues,target,0.5,pooled,0.1,aps_grid_none,aps_exact_none,20,1.7,-2,15
sues,target,0.5,pooled,0.1,distance_grid_both,distance_exact_both,20,-0.55,-3,1
sues,target,0.5,pooled,0.1,aps_grid_both,aps_exact_both,20,0.4,-2,10
sues,target,0.5,pooled,0.1,su_guard,distance_exact_both,20,-18.85,-25,-13
sues,target,0.5,pooled,0.1,su_guard,aps_exact_both,20,-10.5,-19,0
sues,target,0.5,pooled,0.25,distance_grid_none,distance_grid_nonempty,20,23.0,11,37
sues,target,0.5,pooled,0.25,distance_grid_nonempty,distance_grid_both,20,155.55,134,198
sues,target,0.5,pooled,0.25,su_guard,distance_grid_both,20,-52.85,-70,-37
sues,target,0.5,pooled,0.25,su_guard,aps_grid_both,20,-36.8,-58,-18
sues,target,0.5,pooled,0.25,distance_grid_none,distance_exact_none,20,1.0,-5,6
sues,target,0.5,pooled,0.25,aps_grid_none,aps_exact_none,20,5.1,-1,13
sues,target,0.5,pooled,0.25,distance_grid_both,distance_exact_both,20,-0.35,-3,2
sues,target,0.5,pooled,0.25,aps_grid_both,aps_exact_both,20,1.05,-3,5
sues,target,0.5,pooled,0.25,su_guard,distance_exact_both,20,-53.2,-68,-37
sues,target,0.5,pooled,0.25,su_guard,aps_exact_both,20,-35.75,-53,-18
sues,target,0.5,pooled,0.5,distance_grid_none,distance_grid_nonempty,20,31.6,20,48
sues,target,0.5,pooled,0.5,distance_grid_nonempty,distance_grid_both,15,274.8666666666667,228,328
sues,target,0.5,pooled,0.5,su_guard,distance_grid_both,15,-13.333333333333334,-34,0
sues,target,0.5,pooled,0.5,su_guard,aps_grid_both,17,-10.941176470588236,-26,0
sues,target,0.5,pooled,0.5,distance_grid_none,distance_exact_none,20,0.3,-2,4
sues,target,0.5,pooled,0.5,aps_grid_none,aps_exact_none,20,3.65,-7,13
sues,target,0.5,pooled,0.5,distance_grid_both,distance_exact_both,15,-1.9333333333333333,-4,1
sues,target,0.5,pooled,0.5,aps_grid_both,aps_exact_both,17,-0.7647058823529411,-4,2
sues,target,0.5,pooled,0.5,su_guard,distance_exact_both,15,-15.266666666666667,-36,-1
sues,target,0.5,pooled,0.5,su_guard,aps_exact_both,17,-11.705882352941176,-28,-1
sues,target,0.5,150,0.1,distance_grid_none,distance_grid_nonempty,20,3.1,-1,8
sues,target,0.5,150,0.1,distance_grid_nonempty,distance_grid_both,20,11.95,9,16
sues,target,0.5,150,0.1,su_guard,distance_grid_both,20,-7.5,-13,-3
sues,target,0.5,150,0.1,su_guard,aps_grid_both,20,-6.0,-11,-2
sues,target,0.5,150,0.1,distance_grid_none,distance_exact_none,20,-0.4,-2,2
sues,target,0.5,150,0.1,aps_grid_none,aps_exact_none,20,0.65,-2,4
sues,target,0.5,150,0.1,distance_grid_both,distance_exact_both,20,-0.15,-1,1
sues,target,0.5,150,0.1,aps_grid_both,aps_exact_both,20,0.4,-1,2
sues,target,0.5,150,0.1,su_guard,distance_exact_both,20,-7.65,-12,-3
sues,target,0.5,150,0.1,su_guard,aps_exact_both,20,-5.6,-9,-2
sues,target,0.5,150,0.25,distance_grid_none,distance_grid_nonempty,20,4.25,0,11
sues,target,0.5,150,0.25,distance_grid_nonempty,distance_grid_both,20,29.0,24,36
sues,target,0.5,150,0.25,su_guard,distance_grid_both,20,-20.0,-27,-12
sues,target,0.5,150,0.25,su_guard,aps_grid_both,20,-20.45,-30,-14
sues,target,0.5,150,0.25,distance_grid_none,distance_exact_none,20,-0.35,-2,1
sues,target,0.5,150,0.25,aps_grid_none,aps_exact_none,20,0.4,-2,4
sues,target,0.5,150,0.25,distance_grid_both,distance_exact_both,20,0.25,-1,2
sues,target,0.5,150,0.25,aps_grid_both,aps_exact_both,20,2.3,-2,6
sues,target,0.5,150,0.25,su_guard,distance_exact_both,20,-19.75,-26,-13
sues,target,0.5,150,0.25,su_guard,aps_exact_both,20,-18.15,-26,-13
sues,target,0.5,150,0.5,distance_grid_none,distance_grid_nonempty,20,5.85,0,14
sues,target,0.5,150,0.5,distance_grid_nonempty,distance_grid_both,18,51.388888888888886,38,65
sues,target,0.5,150,0.5,su_guard,distance_grid_both,18,-7.722222222222222,-14,0
sues,target,0.5,150,0.5,su_guard,aps_grid_both,19,-6.473684210526316,-14,0
sues,target,0.5,150,0.5,distance_grid_none,distance_exact_none,20,0.15,-1,1
sues,target,0.5,150,0.5,aps_grid_none,aps_exact_none,20,-0.05,-4,4
sues,target,0.5,150,0.5,distance_grid_both,distance_exact_both,18,-0.2777777777777778,-2,1
sues,target,0.5,150,0.5,aps_grid_both,aps_exact_both,19,0.10526315789473684,-1,1
sues,target,0.5,150,0.5,su_guard,distance_exact_both,18,-8.0,-15,-1
sues,target,0.5,150,0.5,su_guard,aps_exact_both,19,-6.368421052631579,-14,0
sues,target,0.5,200,0.1,distance_grid_none,distance_grid_nonempty,20,2.2,-1,6
sues,target,0.5,200,0.1,distance_grid_nonempty,distance_grid_both,20,17.65,12,23
sues,target,0.5,200,0.1,su_guard,distance_grid_both,20,-3.35,-6,-1
sues,target,0.5,200,0.1,su_guard,aps_grid_both,20,-4.7,-8,-1
sues,target,0.5,200,0.1,distance_grid_none,distance_exact_none,20,0.1,-2,2
sues,target,0.5,200,0.1,aps_grid_none,aps_exact_none,20,0.2,0,1
sues,target,0.5,200,0.1,distance_grid_both,distance_exact_both,20,-0.45,-2,1
sues,target,0.5,200,0.1,aps_grid_both,aps_exact_both,20,0.25,0,1
sues,target,0.5,200,0.1,su_guard,distance_exact_both,20,-3.8,-6,-1
sues,target,0.5,200,0.1,su_guard,aps_exact_both,20,-4.45,-8,-1
sues,target,0.5,200,0.25,distance_grid_none,distance_grid_nonempty,20,9.05,3,15
sues,target,0.5,200,0.25,distance_grid_nonempty,distance_grid_both,20,39.25,32,54
sues,target,0.5,200,0.25,su_guard,distance_grid_both,20,-10.6,-17,-7
sues,target,0.5,200,0.25,su_guard,aps_grid_both,20,-14.4,-24,-9
sues,target,0.5,200,0.25,distance_grid_none,distance_exact_none,20,0.15,-2,2
sues,target,0.5,200,0.25,aps_grid_none,aps_exact_none,20,0.4,-1,6
sues,target,0.5,200,0.25,distance_grid_both,distance_exact_both,20,-0.5,-2,1
sues,target,0.5,200,0.25,aps_grid_both,aps_exact_both,20,0.6,-1,3
sues,target,0.5,200,0.25,su_guard,distance_exact_both,20,-11.1,-16,-7
sues,target,0.5,200,0.25,su_guard,aps_exact_both,20,-13.8,-22,-9
sues,target,0.5,200,0.5,distance_grid_none,distance_grid_nonempty,20,9.1,4,15
sues,target,0.5,200,0.5,distance_grid_nonempty,distance_grid_both,13,69.15384615384616,57,78
sues,target,0.5,200,0.5,su_guard,distance_grid_both,13,-0.8461538461538461,-7,3
sues,target,0.5,200,0.5,su_guard,aps_grid_both,15,-2.466666666666667,-6,0
sues,target,0.5,200,0.5,distance_grid_none,distance_exact_none,20,0.2,-1,1
sues,target,0.5,200,0.5,aps_grid_none,aps_exact_none,20,0.2,-5,5
sues,target,0.5,200,0.5,distance_grid_both,distance_exact_both,13,-1.0769230769230769,-2,0
sues,target,0.5,200,0.5,aps_grid_both,aps_exact_both,15,0.06666666666666667,-1,1
sues,target,0.5,200,0.5,su_guard,distance_exact_both,15,-1.6,-9,3
sues,target,0.5,200,0.5,su_guard,aps_exact_both,15,-2.4,-5,-1
sues,target,0.5,250,0.1,distance_grid_none,distance_grid_nonempty,20,2.25,0,5
sues,target,0.5,250,0.1,distance_grid_nonempty,distance_grid_both,20,18.5,12,26
sues,target,0.5,250,0.1,su_guard,distance_grid_both,20,-2.85,-4,-1
sues,target,0.5,250,0.1,su_guard,aps_grid_both,20,-3.45,-6,0
sues,target,0.5,250,0.1,distance_grid_none,distance_exact_none,20,-0.05,-1,1
sues,target,0.5,250,0.1,aps_grid_none,aps_exact_none,20,0.7,-3,3
sues,target,0.5,250,0.1,distance_grid_both,distance_exact_both,20,0.05,0,1
sues,target,0.5,250,0.1,aps_grid_both,aps_exact_both,20,0.25,-4,3
sues,target,0.5,250,0.1,su_guard,distance_exact_both,20,-2.8,-4,-1
sues,target,0.5,250,0.1,su_guard,aps_exact_both,20,-3.2,-6,0
sues,target,0.5,250,0.25,distance_grid_none,distance_grid_nonempty,20,4.25,1,8
sues,target,0.5,250,0.25,distance_grid_nonempty,distance_grid_both,20,43.85,38,53
sues,target,0.5,250,0.25,su_guard,distance_grid_both,20,-9.15,-14,-6
sues,target,0.5,250,0.25,su_guard,aps_grid_both,20,-7.65,-12,-2
sues,target,0.5,250,0.25,distance_grid_none,distance_exact_none,20,-0.15,-2,2
sues,target,0.5,250,0.25,aps_grid_none,aps_exact_none,20,-0.45,-3,5
sues,target,0.5,250,0.25,distance_grid_both,distance_exact_both,20,0.1,-1,1
sues,target,0.5,250,0.25,aps_grid_both,aps_exact_both,20,0.35,-1,2
sues,target,0.5,250,0.25,su_guard,distance_exact_both,20,-9.05,-14,-6
sues,target,0.5,250,0.25,su_guard,aps_exact_both,20,-7.3,-12,-2
sues,target,0.5,250,0.5,distance_grid_none,distance_grid_nonempty,20,7.45,4,10
sues,target,0.5,250,0.5,distance_grid_nonempty,distance_grid_both,15,73.93333333333334,58,90
sues,target,0.5,250,0.5,su_guard,distance_grid_both,15,-2.6,-8,3
sues,target,0.5,250,0.5,su_guard,aps_grid_both,15,-2.3333333333333335,-7,1
sues,target,0.5,250,0.5,distance_grid_none,distance_exact_none,20,0.2,-1,1
sues,target,0.5,250,0.5,aps_grid_none,aps_exact_none,20,-1.2,-5,1
sues,target,0.5,250,0.5,distance_grid_both,distance_exact_both,15,0.0,0,0
sues,target,0.5,250,0.5,aps_grid_both,aps_exact_both,15,0.13333333333333333,0,1
sues,target,0.5,250,0.5,su_guard,distance_exact_both,15,-2.6,-8,3
sues,target,0.5,250,0.5,su_guard,aps_exact_both,15,-2.2,-7,1
sues,target,0.5,300,0.1,distance_grid_none,distance_grid_nonempty,20,2.4,0,7
sues,target,0.5,300,0.1,distance_grid_nonempty,distance_grid_both,20,19.1,13,25
sues,target,0.5,300,0.1,su_guard,distance_grid_both,20,-2.5,-5,1
sues,target,0.5,300,0.1,su_guard,aps_grid_both,20,-1.95,-6,1
sues,target,0.5,300,0.1,distance_grid_none,distance_exact_none,20,0.1,0,1
sues,target,0.5,300,0.1,aps_grid_none,aps_exact_none,20,1.0,-2,4
sues,target,0.5,300,0.1,distance_grid_both,distance_exact_both,20,-0.15,-1,0
sues,target,0.5,300,0.1,aps_grid_both,aps_exact_both,20,0.6,-2,3
sues,target,0.5,300,0.1,su_guard,distance_exact_both,20,-2.65,-6,1
sues,target,0.5,300,0.1,su_guard,aps_exact_both,20,-1.35,-4,1
sues,target,0.5,300,0.25,distance_grid_none,distance_grid_nonempty,20,5.3,0,11
sues,target,0.5,300,0.25,distance_grid_nonempty,distance_grid_both,20,46.0,34,57
sues,target,0.5,300,0.25,su_guard,distance_grid_both,20,-4.55,-7,-2
sues,target,0.5,300,0.25,su_guard,aps_grid_both,20,-2.7,-6,1
sues,target,0.5,300,0.25,distance_grid_none,distance_exact_none,20,-0.25,-2,2
sues,target,0.5,300,0.25,aps_grid_none,aps_exact_none,20,-0.1,-4,5
sues,target,0.5,300,0.25,distance_grid_both,distance_exact_both,20,0.0,-1,1
sues,target,0.5,300,0.25,aps_grid_both,aps_exact_both,20,-0.2,-3,3
sues,target,0.5,300,0.25,su_guard,distance_exact_both,20,-4.55,-6,-2
sues,target,0.5,300,0.25,su_guard,aps_exact_both,20,-2.9,-6,1
sues,target,0.5,300,0.5,distance_grid_none,distance_grid_nonempty,20,5.4,3,10
sues,target,0.5,300,0.5,distance_grid_nonempty,distance_grid_both,14,80.21428571428571,70,90
sues,target,0.5,300,0.5,su_guard,distance_grid_both,14,-2.0714285714285716,-7,0
sues,target,0.5,300,0.5,su_guard,aps_grid_both,14,-0.8571428571428571,-4,1
sues,target,0.5,300,0.5,distance_grid_none,distance_exact_none,20,-0.1,-2,1
sues,target,0.5,300,0.5,aps_grid_none,aps_exact_none,20,0.05,-2,3
sues,target,0.5,300,0.5,distance_grid_both,distance_exact_both,14,0.07142857142857142,-1,1
sues,target,0.5,300,0.5,aps_grid_both,aps_exact_both,14,-0.14285714285714285,-1,1
sues,target,0.5,300,0.5,su_guard,distance_exact_both,14,-2.0,-7,0
sues,target,0.5,300,0.5,su_guard,aps_exact_both,14,-1.0,-4,1
