dataset,case_id,arm,fraction,family,queries,grid_empty,exact_empty,grid_unresolved,exact_unresolved,grid_unique_scores,exact_unique_scores,guard_eligible,missing_truth,l2_vs_normalized_cosine_prediction_disagreements
university,full,full,0.0,distance,852,28,10,0,0,56,215,852,0,0
university,full,full,0.0,aps,852,0,0,0,0,4,40,852,0,0
university,target_71_3407,target,0.25,distance,852,71,12,0,0,44,178,641,213,0
university,target_71_3407,target,0.25,aps,852,0,0,0,0,4,38,641,213,0
university,control_71_3407,control,0.25,distance,852,28,12,0,0,54,212,844,0,0
university,control_71_3407,control,0.25,aps,852,0,0,0,0,4,39,844,0,0
university,target_142_3407,target,0.5,distance,852,145,26,0,0,40,149,427,426,0
university,target_142_3407,target,0.5,aps,852,0,0,0,0,4,36,427,426,0
university,target_71_3408,target,0.25,distance,852,91,18,0,0,47,183,632,213,0
university,target_71_3408,target,0.25,aps,852,0,0,0,0,4,37,632,213,0
university,control_71_3408,control,0.25,distance,852,28,12,0,0,51,207,836,0,0
university,control_71_3408,control,0.25,aps,852,0,0,0,0,4,40,836,0,0
university,target_142_3408,target,0.5,distance,852,158,35,0,0,39,156,434,426,0
university,target_142_3408,target,0.5,aps,852,0,0,0,0,4,36,434,426,0
university,target_71_3409,target,0.25,distance,852,85,25,0,0,52,195,641,213,0
university,target_71_3409,target,0.25,aps,852,0,0,0,0,4,40,641,213,0
university,control_71_3409,control,0.25,distance,852,29,12,0,0,53,211,833,0,0
university,control_71_3409,control,0.25,aps,852,0,0,0,0,4,39,833,0,0
university,target_142_3409,target,0.5,distance,852,160,42,0,0,47,169,430,426,0
university,target_142_3409,target,0.5,aps,852,0,0,0,0,4,37,430,426,0
university,target_71_3410,target,0.25,distance,852,79,16,0,0,45,185,638,213,0
university,target_71_3410,target,0.25,aps,852,0,0,0,0,4,39,638,213,0
university,control_71_3410,control,0.25,distance,852,28,13,0,0,54,210,843,0,0
university,control_71_3410,control,0.25,aps,852,0,0,0,0,4,39,843,0,0
university,target_142_3410,target,0.5,distance,852,156,41,0,0,40,160,432,426,0
university,target_142_3410,target,0.5,aps,852,0,0,0,0,4,39,432,426,0
university,target_71_3411,target,0.25,distance,852,91,19,0,0,48,186,639,213,0
university,target_71_3411,target,0.25,aps,852,0,0,0,0,4,39,639,213,0
university,control_71_3411,control,0.25,distance,852,28,12,0,0,51,205,835,0,0
university,control_71_3411,control,0.25,aps,852,0,0,0,0,4,38,835,0,0
university,target_142_3411,target,0.5,distance,852,158,44,0,0,40,155,439,426,0
university,target_142_3411,target,0.5,aps,852,0,0,0,0,4,38,439,426,0
university,target_71_3412,target,0.25,distance,852,86,20,0,0,46,183,641,213,0
university,target_71_3412,target,0.25,aps,852,0,0,0,0,4,40,641,213,0
university,control_71_3412,control,0.25,distance,852,31,13,0,0,51,206,833,0,0
university,control_71_3412,control,0.25,aps,852,0,0,0,0,4,38,833,0,0
university,target_142_3412,target,0.5,distance,852,165,34,0,0,42,150,434,426,0
university,target_142_3412,target,0.5,aps,852,0,0,0,0,4,36,434,426,0
university,target_71_3413,target,0.25,distance,852,80,23,0,0,49,190,639,213,0
university,target_71_3413,target,0.25,aps,852,0,0,0,0,4,39,639,213,0
university,control_71_3413,control,0.25,distance,852,29,11,0,0,52,208,839,0,0
university,control_71_3413,control,0.25,aps,852,0,0,0,0,4,39,839,0,0
university,target_142_3413,target,0.5,distance,852,136,38,0,0,36,156,441,426,0
university,target_142_3413,target,0.5,aps,852,0,0,0,0,4,36,441,426,0
university,target_71_3414,target,0.25,distance,852,82,20,0,0,46,189,640,213,0
university,target_71_3414,target,0.25,aps,852,0,0,0,0,4,40,640,213,0
university,control_71_3414,control,0.25,distance,852,29,13,0,0,53,210,839,0,0
university,control_71_3414,control,0.25,aps,852,0,0,0,0,4,40,839,0,0
university,target_142_3414,target,0.5,distance,852,174,36,0,0,36,167,429,426,0
university,target_142_3414,target,0.5,aps,852,0,0,0,0,4,37,429,426,0
university,target_71_3415,target,0.25,distance,852,94,21,0,0,52,199,647,213,0
university,target_71_3415,target,0.25,aps,852,0,0,0,0,4,39,647,213,0
university,control_71_3415,control,0.25,distance,852,28,13,0,0,53,210,835,0,0
university,control_71_3415,control,0.25,aps,852,0,0,0,0,4,40,835,0,0
university,target_142_3415,target,0.5,distance,852,193,53,0,0,47,177,431,426,0
university,target_142_3415,target,0.5,aps,852,0,0,0,0,4,38,431,426,0
university,target_71_3416,target,0.25,distance,852,84,22,0,0,52,191,645,213,0
university,target_71_3416,target,0.25,aps,852,0,0,0,0,4,38,645,213,0
university,control_71_3416,control,0.25,distance,852,29,11,0,0,52,207,837,0,0
university,control_71_3416,control,0.25,aps,852,0,0,0,0,4,38,837,0,0
university,target_142_3416,target,0.5,distance,852,158,29,0,0,36,140,428,426,0
university,target_142_3416,target,0.5,aps,852,0,0,0,0,4,34,428,426,0
university,target_71_3417,target,0.25,distance,852,95,25,0,0,49,188,655,213,0
university,target_71_3417,target,0.25,aps,852,0,0,0,0,4,38,655,213,0
university,control_71_3417,control,0.25,distance,852,27,11,0,0,53,210,839,0,0
university,control_71_3417,control,0.25,aps,852,0,0,0,0,4,38,839,0,0
university,target_142_3417,target,0.5,distance,852,154,38,0,0,47,171,454,426,0
university,target_142_3417,target,0.5,aps,852,0,0,0,0,4,37,454,426,0
university,target_71_3418,target,0.25,distance,852,82,20,0,0,45,183,639,213,0
university,target_71_3418,target,0.25,aps,852,0,0,0,0,4,39,639,213,0
university,control_71_3418,control,0.25,distance,852,29,13,0,0,53,208,834,0,0
university,control_71_3418,control,0.25,aps,852,0,0,0,0,4,40,834,0,0
university,target_142_3418,target,0.5,distance,852,165,44,0,0,34,156,436,426,0
university,target_142_3418,target,0.5,aps,852,0,0,0,0,4,35,436,426,0
university,target_71_3419,target,0.25,distance,852,75,13,0,0,48,193,652,213,0
university,target_71_3419,target,0.25,aps,852,0,0,0,0,4,39,652,213,0
university,control_71_3419,control,0.25,distance,852,29,11,0,0,51,207,836,0,0
university,control_71_3419,control,0.25,aps,852,0,0,0,0,4,40,836,0,0
university,target_142_3419,target,0.5,distance,852,140,34,0,0,37,150,445,426,0
university,target_142_3419,target,0.5,aps,852,0,0,0,0,4,38,445,426,0
university,target_71_3420,target,0.25,distance,852,72,20,0,0,49,178,651,213,0
university,target_71_3420,target,0.25,aps,852,0,0,0,0,4,39,651,213,0
university,control_71_3420,control,0.25,distance,852,28,10,0,0,53,208,836,0,0
university,control_71_3420,control,0.25,aps,852,0,0,0,0,4,39,836,0,0
university,target_142_3420,target,0.5,distance,852,160,38,0,0,42,157,443,426,0
university,target_142_3420,target,0.5,aps,852,0,0,0,0,4,36,443,426,0
university,target_71_3421,target,0.25,distance,852,72,14,0,0,47,186,644,213,0
university,target_71_3421,target,0.25,aps,852,0,0,0,0,4,37,644,213,0
university,control_71_3421,control,0.25,distance,852,29,12,0,0,53,212,843,0,0
university,control_71_3421,control,0.25,aps,852,0,0,0,0,4,39,843,0,0
university,target_142_3421,target,0.5,distance,852,147,30,0,0,43,168,438,426,0
university,target_142_3421,target,0.5,aps,852,0,0,0,0,4,37,438,426,0
university,target_71_3422,target,0.25,distance,852,95,25,0,0,51,194,641,213,0
university,target_71_3422,target,0.25,aps,852,0,0,0,0,4,36,641,213,0
university,control_71_3422,control,0.25,distance,852,29,13,0,0,55,214,840,0,0
university,control_71_3422,control,0.25,aps,852,0,0,0,0,4,38,840,0,0
university,target_142_3422,target,0.5,distance,852,176,42,0,0,45,159,435,426,0
university,target_142_3422,target,0.5,aps,852,0,0,0,0,4,34,435,426,0
university,target_71_3423,target,0.25,distance,852,82,23,0,0,48,188,646,213,0
university,target_71_3423,target,0.25,aps,852,0,0,0,0,4,40,646,213,0
university,control_71_3423,control,0.25,distance,852,28,12,0,0,52,207,837,0,0
university,control_71_3423,control,0.25,aps,852,0,0,0,0,4,39,837,0,0
university,target_142_3423,target,0.5,distance,852,149,40,0,0,41,157,429,426,0
university,target_142_3423,target,0.5,aps,852,0,0,0,0,4,38,429,426,0
university,target_71_3424,target,0.25,distance,852,89,25,0,0,44,182,635,213,0
university,target_71_3424,target,0.25,aps,852,0,0,0,0,4,36,635,213,0
university,control_71_3424,control,0.25,distance,852,29,13,0,0,53,208,834,0,0
university,control_71_3424,control,0.25,aps,852,0,0,0,0,4,38,834,0,0
university,target_142_3424,target,0.5,distance,852,155,37,0,0,33,141,426,426,0
university,target_142_3424,target,0.5,aps,852,0,0,0,0,4,37,426,426,0
university,target_71_3425,target,0.25,distance,852,94,25,0,0,48,192,638,213,0
university,target_71_3425,target,0.25,aps,852,0,0,0,0,4,38,638,213,0
university,control_71_3425,control,0.25,distance,852,29,12,0,0,51,206,835,0,0
university,control_71_3425,control,0.25,aps,852,0,0,0,0,4,39,835,0,0
university,target_142_3425,target,0.5,distance,852,175,41,0,0,36,151,424,426,0
university,target_142_3425,target,0.5,aps,852,0,0,0,0,4,34,424,426,0
university,target_71_3426,target,0.25,distance,852,77,25,0,0,45,183,652,213,0
university,target_71_3426,target,0.25,aps,852,0,0,0,0,4,39,652,213,0
university,control_71_3426,control,0.25,distance,852,29,13,0,0,55,211,843,0,0
university,control_71_3426,control,0.25,aps,852,0,0,0,0,4,39,843,0,0
university,target_142_3426,target,0.5,distance,852,138,36,0,0,37,163,446,426,0
university,target_142_3426,target,0.5,aps,852,0,0,0,0,4,37,446,426,0
sues,full,full,0.0,distance,1428,32,18,0,0,76,210,1428,0,0
sues,full,full,0.0,aps,1428,0,0,0,0,10,38,1428,0,0
sues,target_25_290928,target,0.25,distance,1428,84,41,0,0,73,203,1071,360,0
sues,target_25_290928,target,0.25,aps,1428,0,0,0,0,11,40,1071,360,0
sues,target_50_290928,target,0.5,distance,1428,87,38,0,0,67,187,782,720,0
sues,target_50_290928,target,0.5,aps,1428,0,0,0,0,11,40,782,720,0
sues,control_25_290928,control,0.25,distance,1428,29,11,0,0,75,209,1371,0,0
sues,control_25_290928,control,0.25,aps,1428,0,0,0,0,10,37,1371,0,0
sues,target_25_290929,target,0.25,distance,1428,68,37,0,0,73,198,1091,360,0
sues,target_25_290929,target,0.25,aps,1428,0,0,0,0,11,40,1091,360,0
sues,target_50_290929,target,0.5,distance,1428,102,51,0,0,72,184,746,720,0
sues,target_50_290929,target,0.5,aps,1428,0,0,0,0,11,40,746,720,0
sues,control_25_290929,control,0.25,distance,1428,29,12,0,0,75,206,1376,0,0
sues,control_25_290929,control,0.25,aps,1428,0,0,0,0,10,37,1376,0,0
sues,target_25_290930,target,0.25,distance,1428,60,30,0,0,73,199,1048,360,0
sues,target_25_290930,target,0.25,aps,1428,0,0,0,0,10,38,1048,360,0
sues,target_50_290930,target,0.5,distance,1428,94,51,0,0,69,187,738,720,0
sues,target_50_290930,target,0.5,aps,1428,0,0,0,0,11,40,738,720,0
sues,control_25_290930,control,0.25,distance,1428,32,12,0,0,76,211,1389,0,0
sues,control_25_290930,control,0.25,aps,1428,0,0,0,0,10,36,1389,0,0
sues,target_25_290931,target,0.25,distance,1428,59,32,0,0,75,201,1066,360,0
sues,target_25_290931,target,0.25,aps,1428,0,0,0,0,11,40,1066,360,0
sues,target_50_290931,target,0.5,distance,1428,102,51,0,0,67,178,682,720,0
sues,target_50_290931,target,0.5,aps,1428,0,0,0,0,11,40,682,720,0
sues,control_25_290931,control,0.25,distance,1428,29,11,0,0,75,204,1374,0,0
sues,control_25_290931,control,0.25,aps,1428,0,0,0,0,10,36,1374,0,0
sues,target_25_290932,target,0.25,distance,1428,67,33,0,0,71,205,1063,360,0
sues,target_25_290932,target,0.25,aps,1428,0,0,0,0,11,39,1063,360,0
sues,target_50_290932,target,0.5,distance,1428,106,50,0,0,69,195,711,720,0
sues,target_50_290932,target,0.5,aps,1428,0,0,0,0,11,40,711,720,0
sues,control_25_290932,control,0.25,distance,1428,28,9,0,0,75,204,1361,0,0
sues,control_25_290932,control,0.25,aps,1428,0,0,0,0,10,37,1361,0,0
sues,target_25_290933,target,0.25,distance,1428,65,36,0,0,74,202,1097,360,0
sues,target_25_290933,target,0.25,aps,1428,0,0,0,0,11,40,1097,360,0
sues,target_50_290933,target,0.5,distance,1428,111,55,0,0,61,174,719,720,0
sues,target_50_290933,target,0.5,aps,1428,0,0,0,0,11,40,719,720,0
sues,control_25_290933,control,0.25,distance,1428,26,10,0,0,75,206,1367,0,0
sues,control_25_290933,control,0.25,aps,1428,0,0,0,0,10,37,1367,0,0
sues,target_25_290934,target,0.25,distance,1428,63,25,0,0,65,187,1076,360,0
sues,target_25_290934,target,0.25,aps,1428,0,0,0,0,11,40,1076,360,0
sues,target_50_290934,target,0.5,distance,1428,96,37,0,0,65,179,715,720,0
sues,target_50_290934,target,0.5,aps,1428,0,0,0,0,11,40,715,720,0
sues,control_25_290934,control,0.25,distance,1428,27,11,0,0,75,205,1370,0,0
sues,control_25_290934,control,0.25,aps,1428,0,0,0,0,10,36,1370,0,0
sues,target_25_290935,target,0.25,distance,1428,59,40,0,0,69,191,1068,360,0
sues,target_25_290935,target,0.25,aps,1428,0,0,0,0,10,38,1068,360,0
sues,target_50_290935,target,0.5,distance,1428,100,51,0,0,65,170,776,720,0
sues,target_50_290935,target,0.5,aps,1428,0,0,0,0,11,40,776,720,0
sues,control_25_290935,control,0.25,distance,1428,26,10,0,0,75,207,1364,0,0
sues,control_25_290935,control,0.25,aps,1428,0,0,0,0,10,37,1364,0,0
sues,target_25_290936,target,0.25,distance,1428,71,38,0,0,70,196,1080,360,0
sues,target_25_290936,target,0.25,aps,1428,0,0,0,0,11,40,1080,360,0
sues,target_50_290936,target,0.5,distance,1428,111,59,0,0,62,174,752,720,0
sues,target_50_290936,target,0.5,aps,1428,0,0,0,0,11,40,752,720,0
sues,control_25_290936,control,0.25,distance,1428,32,10,0,0,76,211,1378,0,0
sues,control_25_290936,control,0.25,aps,1428,0,0,0,0,10,37,1378,0,0
sues,target_25_290937,target,0.25,distance,1428,73,35,0,0,71,202,1091,360,0
sues,target_25_290937,target,0.25,aps,1428,0,0,0,0,11,40,1091,360,0
sues,target_50_290937,target,0.5,distance,1428,103,54,0,0,69,185,735,720,0
sues,target_50_290937,target,0.5,aps,1428,0,0,0,0,11,40,735,720,0
sues,control_25_290937,control,0.25,distance,1428,27,13,0,0,75,204,1378,0,0
sues,control_25_290937,control,0.25,aps,1428,0,0,0,0,10,37,1378,0,0
sues,target_25_290938,target,0.25,distance,1428,88,44,0,0,75,207,1126,360,0
sues,target_25_290938,target,0.25,aps,1428,0,0,0,0,11,40,1126,360,0
sues,target_50_290938,target,0.5,distance,1428,100,47,0,0,73,195,766,720,0
sues,target_50_290938,target,0.5,aps,1428,0,0,0,0,11,39,766,720,0
sues,control_25_290938,control,0.25,distance,1428,27,9,0,0,75,204,1361,0,0
sues,control_25_290938,control,0.25,aps,1428,0,0,0,0,10,38,1361,0,0
sues,target_25_290939,target,0.25,distance,1428,58,29,0,0,71,192,1059,360,0
sues,target_25_290939,target,0.25,aps,1428,0,0,0,0,11,39,1059,360,0
sues,target_50_290939,target,0.5,distance,1428,109,52,0,0,61,174,732,720,0
sues,target_50_290939,target,0.5,aps,1428,0,0,0,0,11,39,732,720,0
sues,control_25_290939,control,0.25,distance,1428,29,10,0,0,75,205,1362,0,0
sues,control_25_290939,control,0.25,aps,1428,0,0,0,0,10,38,1362,0,0
sues,target_25_290940,target,0.25,distance,1428,54,28,0,0,73,201,1101,360,0
sues,target_25_290940,target,0.25,aps,1428,0,0,0,0,10,38,1101,360,0
sues,target_50_290940,target,0.5,distance,1428,89,38,0,0,69,184,759,720,0
sues,target_50_290940,target,0.5,aps,1428,0,0,0,0,11,39,759,720,0
sues,control_25_290940,control,0.25,distance,1428,26,11,0,0,76,207,1378,0,0
sues,control_25_290940,control,0.25,aps,1428,0,0,0,0,10,37,1378,0,0
sues,target_25_290941,target,0.25,distance,1428,61,32,0,0,70,188,1078,360,0
sues,target_25_290941,target,0.25,aps,1428,0,0,0,0,11,40,1078,360,0
sues,target_50_290941,target,0.5,distance,1428,88,45,0,0,58,169,778,720,0
sues,target_50_290941,target,0.5,aps,1428,0,0,0,0,11,40,778,720,0
sues,control_25_290941,control,0.25,distance,1428,27,10,0,0,76,208,1390,0,0
sues,control_25_290941,control,0.25,aps,1428,0,0,0,0,10,37,1390,0,0
sues,target_25_290942,target,0.25,distance,1428,75,41,0,0,70,198,1083,360,0
sues,target_25_290942,target,0.25,aps,1428,0,0,0,0,11,38,1083,360,0
sues,target_50_290942,target,0.5,distance,1428,92,40,0,0,65,184,771,720,0
sues,target_50_290942,target,0.5,aps,1428,0,0,0,0,11,39,771,720,0
sues,control_25_290942,control,0.25,distance,1428,27,10,0,0,76,205,1378,0,0
sues,control_25_290942,control,0.25,aps,1428,0,0,0,0,10,37,1378,0,0
sues,target_25_290943,target,0.25,distance,1428,63,29,0,0,74,195,1108,360,0
sues,target_25_290943,target,0.25,aps,1428,0,0,0,0,11,40,1108,360,0
sues,target_50_290943,target,0.5,distance,1428,87,35,0,0,69,178,766,720,0
sues,target_50_290943,target,0.5,aps,1428,0,0,0,0,11,40,766,720,0
sues,control_25_290943,control,0.25,distance,1428,26,9,0,0,75,205,1369,0,0
sues,control_25_290943,control,0.25,aps,1428,0,0,0,0,10,37,1369,0,0
sues,target_25_290944,target,0.25,distance,1428,61,31,0,0,67,189,1041,360,0
sues,target_25_290944,target,0.25,aps,1428,0,0,0,0,11,39,1041,360,0
sues,target_50_290944,target,0.5,distance,1428,96,44,0,0,63,177,697,720,0
sues,target_50_290944,target,0.5,aps,1428,0,0,0,0,11,40,697,720,0
sues,control_25_290944,control,0.25,distance,1428,27,10,0,0,76,207,1388,0,0
sues,control_25_290944,control,0.25,aps,1428,0,0,0,0,10,37,1388,0,0
sues,target_25_290945,target,0.25,distance,1428,55,27,0,0,73,191,1076,360,0
sues,target_25_290945,target,0.25,aps,1428,0,0,0,0,10,38,1076,360,0
sues,target_50_290945,target,0.5,distance,1428,90,50,0,0,73,189,742,720,0
sues,target_50_290945,target,0.5,aps,1428,0,0,0,0,11,40,742,720,0
sues,control_25_290945,control,0.25,distance,1428,33,14,0,0,75,211,1382,0,0
sues,control_25_290945,control,0.25,aps,1428,0,0,0,0,10,36,1382,0,0
sues,target_25_290946,target,0.25,distance,1428,58,28,0,0,73,198,1080,360,0
sues,target_25_290946,target,0.25,aps,1428,0,0,0,0,10,38,1080,360,0
sues,target_50_290946,target,0.5,distance,1428,101,56,0,0,67,181,750,720,0
sues,target_50_290946,target,0.5,aps,1428,0,0,0,0,11,38,750,720,0
sues,control_25_290946,control,0.25,distance,1428,26,10,0,0,75,204,1367,0,0
sues,control_25_290946,control,0.25,aps,1428,0,0,0,0,10,37,1367,0,0
sues,target_25_290947,target,0.25,distance,1428,65,31,0,0,68,189,1105,360,0
sues,target_25_290947,target,0.25,aps,1428,0,0,0,0,10,37,1105,360,0
sues,target_50_290947,target,0.5,distance,1428,74,37,0,0,65,181,779,720,0
sues,target_50_290947,target,0.5,aps,1428,0,0,0,0,11,39,779,720,0
sues,control_25_290947,control,0.25,distance,1428,26,10,0,0,75,203,1367,0,0
sues,control_25_290947,control,0.25,aps,1428,0,0,0,0,10,38,1367,0,0
