experiment,fold,method,case_id,feasible,answered,errors,new_vs_old,version_created_persisting,deletion_created_after_version_correct,inherited_never_repaired,recreated_after_version_repair,t000,t001,t010,t011,t100,t101,t110,t111
A-DENSEUAV-EXTERNAL-001,west_to_east,current_su,target_25_300930,True,100,86,19,17,2,67,0,6,2,1,17,7,0,0,67
A-DENSEUAV-EXTERNAL-001,west_to_east,current_su_guard,target_25_300930,True,100,87,13,13,0,74,0,6,0,1,13,6,0,0,74
A-DENSEUAV-EXTERNAL-001,west_to_east,old_su,target_25_300930,True,100,90,23,21,2,66,1,5,2,1,21,4,1,0,66
A-DENSEUAV-EXTERNAL-001,west_to_east,old_su_guard,target_25_300930,True,100,90,17,17,0,73,0,5,0,1,17,4,0,0,73
A-DENSEUAV-EXTERNAL-001,west_to_east,current_margin,target_25_300930,True,100,91,18,16,2,72,1,4,2,1,16,4,1,0,72
A-DENSEUAV-EXTERNAL-001,west_to_east,current_margin_guard,target_25_300930,True,100,89,14,14,0,75,0,5,0,1,14,5,0,0,75
A-DENSEUAV-EXTERNAL-001,west_to_east,old_margin_guard,target_25_300930,True,100,93,17,17,0,76,0,4,0,0,17,3,0,0,76
A-DENSEUAV-EXTERNAL-001,west_to_east,sq8_margin_guard,target_25_300930,True,100,91,10,10,0,80,1,2,0,0,10,6,1,1,80
A-DENSEUAV-EXTERNAL-001,east_to_west,current_su,target_25_300930,True,288,174,38,32,6,109,27,31,6,7,32,63,27,13,109
A-DENSEUAV-EXTERNAL-001,east_to_west,current_su_guard,target_25_300930,True,288,179,29,29,0,128,22,36,0,7,29,56,22,10,128
A-DENSEUAV-EXTERNAL-001,east_to_west,old_su,target_25_300930,True,288,200,58,49,9,121,21,35,9,6,49,38,21,9,121
A-DENSEUAV-EXTERNAL-001,east_to_west,old_su_guard,target_25_300930,True,288,199,45,45,0,137,17,36,0,7,45,39,17,7,137
A-DENSEUAV-EXTERNAL-001,east_to_west,current_margin,target_25_300930,True,288,190,35,29,6,132,23,26,6,7,29,55,23,10,132
A-DENSEUAV-EXTERNAL-001,east_to_west,current_margin_guard,target_25_300930,True,288,191,28,28,0,145,18,29,0,7,28,52,18,9,145
A-DENSEUAV-EXTERNAL-001,east_to_west,old_margin_guard,target_25_300930,True,288,200,41,41,0,145,14,33,0,9,41,40,14,6,145
A-DENSEUAV-EXTERNAL-001,east_to_west,sq8_margin_guard,target_25_300930,True,288,178,29,24,5,131,18,32,5,7,24,60,18,11,131
A-DENSEUAV-EXTERNAL-001,west_to_east,current_su,target_25_300931,True,100,87,18,18,0,67,2,8,0,0,18,5,2,0,67
A-DENSEUAV-EXTERNAL-001,west_to_east,current_su_guard,target_25_300931,True,100,90,14,14,0,74,2,8,0,0,14,2,2,0,74
A-DENSEUAV-EXTERNAL-001,west_to_east,old_su,target_25_300931,True,100,90,22,22,0,66,2,7,0,0,22,3,2,0,66
A-DENSEUAV-EXTERNAL-001,west_to_east,old_su_guard,target_25_300931,True,100,92,17,17,0,74,1,7,0,0,17,1,1,0,74
A-DENSEUAV-EXTERNAL-001,west_to_east,current_margin,target_25_300931,True,100,92,15,15,0,74,3,5,0,0,15,3,3,0,74
A-DENSEUAV-EXTERNAL-001,west_to_east,current_margin_guard,target_25_300931,True,100,91,12,12,0,77,2,7,0,0,12,2,2,0,77
A-DENSEUAV-EXTERNAL-001,west_to_east,old_margin_guard,target_25_300931,True,100,94,13,13,0,79,2,6,0,0,13,0,2,0,79
A-DENSEUAV-EXTERNAL-001,west_to_east,sq8_margin_guard,target_25_300931,False,0,0,0,0,0,0,0,0,0,0,0,0,0,0,0
A-DENSEUAV-EXTERNAL-001,east_to_west,current_su,target_25_300931,True,288,165,39,33,6,110,16,38,6,5,33,74,16,6,110
A-DENSEUAV-EXTERNAL-001,east_to_west,current_su_guard,target_25_300931,True,288,175,29,29,0,131,15,39,0,6,29,59,15,9,131
A-DENSEUAV-EXTERNAL-001,east_to_west,old_su,target_25_300931,True,288,191,55,48,7,123,13,37,7,7,48,46,13,7,123
A-DENSEUAV-EXTERNAL-001,east_to_west,old_su_guard,target_25_300931,True,288,198,40,40,0,146,12,39,0,8,40,35,12,8,146
A-DENSEUAV-EXTERNAL-001,east_to_west,current_margin,target_25_300931,True,288,189,35,31,4,138,16,31,4,3,31,61,16,4,138
A-DENSEUAV-EXTERNAL-001,east_to_west,current_margin_guard,target_25_300931,True,288,195,33,33,0,146,16,35,0,3,33,51,16,4,146
A-DENSEUAV-EXTERNAL-001,east_to_west,old_margin_guard,target_25_300931,True,288,202,35,35,0,154,13,35,0,7,35,36,13,8,154
A-DENSEUAV-EXTERNAL-001,east_to_west,sq8_margin_guard,target_25_300931,True,288,179,28,26,2,137,14,34,2,2,26,66,14,7,137
A-DENSEUAV-EXTERNAL-001,west_to_east,current_su,target_25_300932,True,100,87,16,16,0,69,2,7,0,0,16,6,2,0,69
A-DENSEUAV-EXTERNAL-001,west_to_east,current_su_guard,target_25_300932,True,100,89,9,9,0,78,2,7,0,0,9,4,2,0,78
A-DENSEUAV-EXTERNAL-001,west_to_east,old_su,target_25_300932,True,100,90,23,22,1,66,1,6,1,0,22,4,1,0,66
A-DENSEUAV-EXTERNAL-001,west_to_east,old_su_guard,target_25_300932,True,100,90,15,15,0,73,2,6,0,0,15,4,2,0,73
A-DENSEUAV-EXTERNAL-001,west_to_east,current_margin,target_25_300932,True,100,91,16,16,0,74,1,5,0,0,16,4,1,0,74
A-DENSEUAV-EXTERNAL-001,west_to_east,current_margin_guard,target_25_300932,True,100,90,9,9,0,80,1,6,0,0,9,4,1,0,80
A-DENSEUAV-EXTERNAL-001,west_to_east,old_margin_guard,target_25_300932,True,100,92,13,13,0,77,2,6,0,0,13,2,2,0,77
A-DENSEUAV-EXTERNAL-001,west_to_east,sq8_margin_guard,target_25_300932,True,100,93,9,9,0,82,2,3,0,0,9,4,2,0,82
A-DENSEUAV-EXTERNAL-001,east_to_west,current_su,target_25_300932,True,288,173,46,37,9,110,17,32,9,3,37,76,17,4,110
A-DENSEUAV-EXTERNAL-001,east_to_west,current_su_guard,target_25_300932,True,288,179,30,30,0,132,17,34,0,4,30,68,17,3,132
A-DENSEUAV-EXTERNAL-001,east_to_west,old_su,target_25_300932,True,288,204,66,52,14,124,14,30,14,3,52,45,14,6,124
A-DENSEUAV-EXTERNAL-001,east_to_west,old_su_guard,target_25_300932,True,288,209,47,47,0,146,16,32,0,4,47,39,16,4,146
A-DENSEUAV-EXTERNAL-001,east_to_west,current_margin,target_25_300932,True,288,195,42,35,7,138,15,28,7,2,35,58,15,5,138
A-DENSEUAV-EXTERNAL-001,east_to_west,current_margin_guard,target_25_300932,True,288,198,32,32,0,150,16,30,0,2,32,57,16,1,150
A-DENSEUAV-EXTERNAL-001,east_to_west,old_margin_guard,target_25_300932,True,288,210,43,43,0,152,15,30,0,2,43,42,15,4,152
A-DENSEUAV-EXTERNAL-001,east_to_west,sq8_margin_guard,target_25_300932,True,288,186,30,28,2,139,17,30,2,2,28,67,17,3,139
A-DENSEUAV-EXTERNAL-001,west_to_east,current_su,target_25_300933,True,100,85,20,17,3,63,2,5,3,1,17,6,2,3,63
A-DENSEUAV-EXTERNAL-001,west_to_east,current_su_guard,target_25_300933,True,100,90,16,16,0,72,2,5,0,1,16,4,2,0,72
A-DENSEUAV-EXTERNAL-001,west_to_east,old_su,target_25_300933,True,100,88,23,21,2,63,2,5,2,1,21,3,2,3,63
A-DENSEUAV-EXTERNAL-001,west_to_east,old_su_guard,target_25_300933,True,100,92,18,18,0,72,2,5,0,1,18,2,2,0,72
A-DENSEUAV-EXTERNAL-001,west_to_east,current_margin,target_25_300933,True,100,90,20,18,2,68,2,4,2,1,18,4,2,1,68
A-DENSEUAV-EXTERNAL-001,west_to_east,current_margin_guard,target_25_300933,True,100,91,14,14,0,75,2,5,0,1,14,3,2,0,75
A-DENSEUAV-EXTERNAL-001,west_to_east,old_margin_guard,target_25_300933,True,100,94,15,15,0,77,2,4,0,1,15,1,2,0,77
A-DENSEUAV-EXTERNAL-001,west_to_east,sq8_margin_guard,target_25_300933,False,0,0,0,0,0,0,0,0,0,0,0,0,0,0,0
A-DENSEUAV-EXTERNAL-001,east_to_west,current_su,target_25_300933,True,288,172,44,37,7,111,17,36,7,0,37,70,17,10,111
A-DENSEUAV-EXTERNAL-001,east_to_west,current_su_guard,target_25_300933,True,288,179,33,33,0,133,13,36,0,0,33,64,13,9,133
A-DENSEUAV-EXTERNAL-001,east_to_west,old_su,target_25_300933,True,288,200,63,55,8,123,14,36,8,0,55,45,14,7,123
A-DENSEUAV-EXTERNAL-001,east_to_west,old_su_guard,target_25_300933,True,288,205,48,48,0,145,12,37,0,0,48,42,12,4,145
A-DENSEUAV-EXTERNAL-001,east_to_west,current_margin,target_25_300933,True,288,189,38,34,4,135,16,31,4,0,34,61,16,7,135
A-DENSEUAV-EXTERNAL-001,east_to_west,current_margin_guard,target_25_300933,True,288,197,34,34,0,150,13,33,0,1,34,52,13,5,150
A-DENSEUAV-EXTERNAL-001,east_to_west,old_margin_guard,target_25_300933,True,288,203,43,43,0,150,10,33,0,1,43,44,10,7,150
A-DENSEUAV-EXTERNAL-001,east_to_west,sq8_margin_guard,target_25_300933,True,288,180,34,32,2,131,15,36,2,0,32,64,15,8,131
A-DENSEUAV-EXTERNAL-001,west_to_east,current_su,target_25_300934,True,100,88,16,14,2,69,3,5,2,2,14,5,3,0,69
A-DENSEUAV-EXTERNAL-001,west_to_east,current_su_guard,target_25_300934,True,100,88,15,15,0,70,3,5,0,2,15,5,3,0,70
A-DENSEUAV-EXTERNAL-001,west_to_east,old_su,target_25_300934,True,100,90,23,20,3,66,1,4,3,2,20,4,1,0,66
A-DENSEUAV-EXTERNAL-001,west_to_east,old_su_guard,target_25_300934,True,100,89,18,18,0,70,1,4,0,2,18,5,1,0,70
A-DENSEUAV-EXTERNAL-001,west_to_east,current_margin,target_25_300934,True,100,92,18,17,1,71,3,3,1,1,17,4,3,0,71
A-DENSEUAV-EXTERNAL-001,west_to_east,current_margin_guard,target_25_300934,True,100,89,16,16,0,70,3,4,0,2,16,5,3,0,70
A-DENSEUAV-EXTERNAL-001,west_to_east,old_margin_guard,target_25_300934,True,100,90,17,17,0,72,1,5,0,1,17,4,1,0,72
A-DENSEUAV-EXTERNAL-001,west_to_east,sq8_margin_guard,target_25_300934,False,0,0,0,0,0,0,0,0,0,0,0,0,0,0,0
A-DENSEUAV-EXTERNAL-001,east_to_west,current_su,target_25_300934,True,288,164,41,34,7,112,11,35,7,4,34,82,11,3,112
A-DENSEUAV-EXTERNAL-001,east_to_west,current_su_guard,target_25_300934,True,288,170,30,30,0,129,11,37,0,5,30,73,11,3,129
A-DENSEUAV-EXTERNAL-001,east_to_west,old_su,target_25_300934,True,288,201,62,51,11,126,13,33,11,4,51,46,13,4,126
A-DENSEUAV-EXTERNAL-001,east_to_west,old_su_guard,target_25_300934,True,288,189,42,42,0,135,12,37,0,6,42,54,12,2,135
A-DENSEUAV-EXTERNAL-001,east_to_west,current_margin,target_25_300934,True,288,186,39,33,6,137,10,31,6,2,33,67,10,2,137
A-DENSEUAV-EXTERNAL-001,east_to_west,current_margin_guard,target_25_300934,True,288,182,30,30,0,143,9,36,0,4,30,64,9,2,143
A-DENSEUAV-EXTERNAL-001,east_to_west,old_margin_guard,target_25_300934,True,288,193,38,38,0,144,11,34,0,6,38,51,11,4,144
A-DENSEUAV-EXTERNAL-001,east_to_west,sq8_margin_guard,target_25_300934,True,288,173,31,29,2,132,10,34,2,3,29,75,10,3,132
A-DENSEUAV-EXTERNAL-001,west_to_east,current_su,target_25_300935,True,100,88,19,17,2,67,2,5,2,1,17,6,2,0,67
A-DENSEUAV-EXTERNAL-001,west_to_east,current_su_guard,target_25_300935,True,100,91,14,14,0,76,1,5,0,1,14,3,1,0,76
A-DENSEUAV-EXTERNAL-001,west_to_east,old_su,target_25_300935,True,100,91,24,21,3,66,1,4,3,1,21,4,1,0,66
A-DENSEUAV-EXTERNAL-001,west_to_east,old_su_guard,target_25_300935,True,100,93,15,15,0,77,1,4,0,1,15,2,1,0,77
A-DENSEUAV-EXTERNAL-001,west_to_east,current_margin,target_25_300935,True,100,93,20,18,2,71,2,3,2,1,18,3,2,0,71
A-DENSEUAV-EXTERNAL-001,west_to_east,current_margin_guard,target_25_300935,True,100,93,14,14,0,78,1,4,0,1,14,2,1,0,78
A-DENSEUAV-EXTERNAL-001,west_to_east,old_margin_guard,target_25_300935,True,100,94,13,13,0,80,1,4,0,0,13,2,1,0,80
A-DENSEUAV-EXTERNAL-001,west_to_east,sq8_margin_guard,target_25_300935,False,0,0,0,0,0,0,0,0,0,0,0,0,0,0,0
A-DENSEUAV-EXTERNAL-001,east_to_west,current_su,target_25_300935,True,288,170,43,39,4,110,17,35,4,2,39,70,17,11,110
A-DENSEUAV-EXTERNAL-001,east_to_west,current_su_guard,target_25_300935,True,288,179,36,36,0,123,20,40,0,4,36,58,20,7,123
A-DENSEUAV-EXTERNAL-001,east_to_west,old_su,target_25_300935,True,288,193,59,50,9,120,14,35,9,5,50,45,14,10,120
A-DENSEUAV-EXTERNAL-001,east_to_west,old_su_guard,target_25_300935,True,288,192,46,46,0,131,15,39,0,6,46,45,15,6,131
A-DENSEUAV-EXTERNAL-001,east_to_west,current_margin,target_25_300935,True,288,193,37,32,5,137,19,28,5,3,32,55,19,9,137
A-DENSEUAV-EXTERNAL-001,east_to_west,current_margin_guard,target_25_300935,True,288,199,37,37,0,143,19,35,0,3,37,45,19,6,143
A-DENSEUAV-EXTERNAL-001,east_to_west,old_margin_guard,target_25_300935,True,288,194,41,41,0,139,14,36,0,6,41,46,14,6,139
A-DENSEUAV-EXTERNAL-001,east_to_west,sq8_margin_guard,target_25_300935,False,0,0,0,0,0,0,0,0,0,0,0,0,0,0,0
A-DENSEUAV-EXTERNAL-001,west_to_east,current_su,target_25_300936,True,100,85,18,17,1,66,1,7,1,1,17,7,1,0,66
A-DENSEUAV-EXTERNAL-001,west_to_east,current_su_guard,target_25_300936,True,100,86,15,15,0,70,1,7,0,1,15,6,1,0,70
A-DENSEUAV-EXTERNAL-001,west_to_east,old_su,target_25_300936,True,100,89,22,21,1,66,1,6,1,1,21,4,1,0,66
A-DENSEUAV-EXTERNAL-001,west_to_east,old_su_guard,target_25_300936,True,100,88,16,16,0,71,1,6,0,1,16,5,1,0,71
A-DENSEUAV-EXTERNAL-001,west_to_east,current_margin,target_25_300936,True,100,91,18,17,1,73,0,4,1,1,17,4,0,0,73
A-DENSEUAV-EXTERNAL-001,west_to_east,current_margin_guard,target_25_300936,True,100,89,14,14,0,75,0,6,0,1,14,4,0,0,75
A-DENSEUAV-EXTERNAL-001,west_to_east,old_margin_guard,target_25_300936,True,100,92,17,17,0,74,1,5,0,0,17,3,1,0,74
A-DENSEUAV-EXTERNAL-001,west_to_east,sq8_margin_guard,target_25_300936,True,100,91,9,9,0,81,1,4,0,0,9,5,1,0,81
A-DENSEUAV-EXTERNAL-001,east_to_west,current_su,target_25_300936,True,288,174,46,33,13,108,20,28,13,7,33,71,20,8,108
A-DENSEUAV-EXTERNAL-001,east_to_west,current_su_guard,target_25_300936,True,288,178,33,33,0,126,19,29,0,8,33,67,19,6,126
A-DENSEUAV-EXTERNAL-001,east_to_west,old_su,target_25_300936,True,288,207,64,49,15,127,16,29,15,6,49,43,16,3,127
A-DENSEUAV-EXTERNAL-001,east_to_west,old_su_guard,target_25_300936,True,288,209,49,49,0,146,14,32,0,8,49,36,14,3,146
A-DENSEUAV-EXTERNAL-001,east_to_west,current_margin,target_25_300936,True,288,194,44,33,11,136,14,23,11,5,33,60,14,6,136
A-DENSEUAV-EXTERNAL-001,east_to_west,current_margin_guard,target_25_300936,True,288,193,37,37,0,142,14,25,0,6,37,58,14,6,142
A-DENSEUAV-EXTERNAL-001,east_to_west,old_margin_guard,target_25_300936,True,288,206,42,42,0,153,11,30,0,8,42,40,11,4,153
A-DENSEUAV-EXTERNAL-001,east_to_west,sq8_margin_guard,target_25_300936,True,288,179,35,29,6,129,15,29,6,6,29,69,15,5,129
A-DENSEUAV-EXTERNAL-001,west_to_east,current_su,target_25_300937,True,100,87,17,16,1,69,1,5,1,2,16,6,1,0,69
A-DENSEUAV-EXTERNAL-001,west_to_east,current_su_guard,target_25_300937,True,100,87,12,12,0,74,1,6,0,2,12,5,1,0,74
A-DENSEUAV-EXTERNAL-001,west_to_east,old_su,target_25_300937,True,100,89,22,20,2,66,1,5,2,2,20,4,1,0,66
A-DENSEUAV-EXTERNAL-001,west_to_east,old_su_guard,target_25_300937,True,100,88,15,15,0,72,1,5,0,2,15,5,1,0,72
A-DENSEUAV-EXTERNAL-001,west_to_east,current_margin,target_25_300937,True,100,90,18,17,1,71,1,4,1,1,17,5,1,0,71
A-DENSEUAV-EXTERNAL-001,west_to_east,current_margin_guard,target_25_300937,True,100,89,13,13,0,75,1,5,0,2,13,4,1,0,75
A-DENSEUAV-EXTERNAL-001,west_to_east,old_margin_guard,target_25_300937,True,100,91,13,13,0,78,0,4,0,1,13,4,0,0,78
A-DENSEUAV-EXTERNAL-001,west_to_east,sq8_margin_guard,target_25_300937,False,0,0,0,0,0,0,0,0,0,0,0,0,0,0,0
A-DENSEUAV-EXTERNAL-001,east_to_west,current_su,target_25_300937,True,288,165,44,36,8,107,14,35,8,3,36,78,14,7,107
A-DENSEUAV-EXTERNAL-001,east_to_west,current_su_guard,target_25_300937,True,288,177,31,31,0,129,17,38,0,5,31,64,17,4,129
A-DENSEUAV-EXTERNAL-001,east_to_west,old_su,target_25_300937,True,288,196,60,51,9,121,15,35,9,4,51,44,15,9,121
A-DENSEUAV-EXTERNAL-001,east_to_west,old_su_guard,target_25_300937,True,288,203,44,44,0,145,14,38,0,5,44,38,14,4,145
A-DENSEUAV-EXTERNAL-001,east_to_west,current_margin,target_25_300937,True,288,184,38,32,6,130,16,31,6,4,32,64,16,5,130
A-DENSEUAV-EXTERNAL-001,east_to_west,current_margin_guard,target_25_300937,True,288,191,33,33,0,141,17,35,0,5,33,53,17,4,141
A-DENSEUAV-EXTERNAL-001,east_to_west,old_margin_guard,target_25_300937,True,288,213,42,42,0,156,15,32,0,3,42,37,15,3,156
A-DENSEUAV-EXTERNAL-001,east_to_west,sq8_margin_guard,target_25_300937,True,288,179,31,29,2,136,12,33,2,1,29,68,12,7,136
A-DENSEUAV-EXTERNAL-001,west_to_east,current_su,target_25_300938,True,100,86,21,18,3,64,1,5,3,1,18,6,1,2,64
A-DENSEUAV-EXTERNAL-001,west_to_east,current_su_guard,target_25_300938,True,100,89,15,15,0,73,1,5,0,1,15,5,1,0,73
A-DENSEUAV-EXTERNAL-001,west_to_east,old_su,target_25_300938,True,100,88,23,21,2,64,1,5,2,1,21,4,1,2,64
A-DENSEUAV-EXTERNAL-001,west_to_east,old_su_guard,target_25_300938,True,100,90,17,17,0,72,1,5,0,1,17,4,1,0,72
A-DENSEUAV-EXTERNAL-001,west_to_east,current_margin,target_25_300938,True,100,90,17,17,0,71,2,5,0,0,17,5,2,0,71
A-DENSEUAV-EXTERNAL-001,west_to_east,current_margin_guard,target_25_300938,True,100,90,13,13,0,76,1,5,0,0,13,5,1,0,76
A-DENSEUAV-EXTERNAL-001,west_to_east,old_margin_guard,target_25_300938,True,100,93,16,16,0,76,1,3,0,1,16,3,1,0,76
A-DENSEUAV-EXTERNAL-001,west_to_east,sq8_margin_guard,target_25_300938,False,0,0,0,0,0,0,0,0,0,0,0,0,0,0,0
A-DENSEUAV-EXTERNAL-001,east_to_west,current_su,target_25_300938,True,288,164,38,31,7,109,17,36,7,5,31,76,17,7,109
A-DENSEUAV-EXTERNAL-001,east_to_west,current_su_guard,target_25_300938,True,288,169,24,24,0,125,20,38,0,5,24,67,20,9,125
A-DENSEUAV-EXTERNAL-001,east_to_west,old_su,target_25_300938,True,288,198,58,47,11,125,15,33,11,8,47,44,15,5,125
A-DENSEUAV-EXTERNAL-001,east_to_west,old_su_guard,target_25_300938,True,288,196,38,38,0,143,15,35,0,8,38,43,15,6,143
A-DENSEUAV-EXTERNAL-001,east_to_west,current_margin,target_25_300938,True,288,193,35,31,4,143,15,29,4,3,31,60,15,3,143
A-DENSEUAV-EXTERNAL-001,east_to_west,current_margin_guard,target_25_300938,True,288,191,25,25,0,146,20,33,0,3,25,57,20,4,146
A-DENSEUAV-EXTERNAL-001,east_to_west,old_margin_guard,target_25_300938,True,288,202,34,34,0,152,16,32,0,7,34,40,16,7,152
A-DENSEUAV-EXTERNAL-001,east_to_west,sq8_margin_guard,target_25_300938,True,288,180,27,24,3,137,16,31,3,3,24,69,16,5,137
A-DENSEUAV-EXTERNAL-001,west_to_east,current_su,target_25_300939,True,100,87,17,17,0,67,3,7,0,1,17,5,3,0,67
A-DENSEUAV-EXTERNAL-001,west_to_east,current_su_guard,target_25_300939,True,100,89,13,13,0,74,2,7,0,1,13,3,2,0,74
A-DENSEUAV-EXTERNAL-001,west_to_east,old_su,target_25_300939,True,100,90,22,21,1,66,2,6,1,1,21,3,2,0,66
A-DENSEUAV-EXTERNAL-001,west_to_east,old_su_guard,target_25_300939,True,100,92,17,17,0,73,2,6,0,1,17,1,2,0,73
A-DENSEUAV-EXTERNAL-001,west_to_east,current_margin,target_25_300939,True,100,92,18,18,0,71,3,4,0,1,18,3,3,0,71
A-DENSEUAV-EXTERNAL-001,west_to_east,current_margin_guard,target_25_300939,True,100,91,14,14,0,75,2,6,0,1,14,2,2,0,75
A-DENSEUAV-EXTERNAL-001,west_to_east,old_margin_guard,target_25_300939,True,100,93,13,13,0,78,2,6,0,0,13,1,2,0,78
A-DENSEUAV-EXTERNAL-001,west_to_east,sq8_margin_guard,target_25_300939,False,0,0,0,0,0,0,0,0,0,0,0,0,0,0,0
A-DENSEUAV-EXTERNAL-001,east_to_west,current_su,target_25_300939,True,288,173,48,38,10,108,17,28,10,2,38,73,17,12,108
A-DENSEUAV-EXTERNAL-001,east_to_west,current_su_guard,target_25_300939,True,288,178,30,30,0,133,15,31,0,2,30,73,15,4,133
A-DENSEUAV-EXTERNAL-001,east_to_west,old_su,target_25_300939,True,288,198,67,52,15,122,9,29,15,3,52,50,9,8,122
A-DENSEUAV-EXTERNAL-001,east_to_west,old_su_guard,target_25_300939,True,288,193,44,44,0,137,12,31,0,3,44,58,12,3,137
A-DENSEUAV-EXTERNAL-001,east_to_west,current_margin,target_25_300939,True,288,196,41,32,9,140,15,22,9,2,32,58,15,10,140
A-DENSEUAV-EXTERNAL-001,east_to_west,current_margin_guard,target_25_300939,True,288,191,30,30,0,147,14,28,0,2,30,63,14,4,147
A-DENSEUAV-EXTERNAL-001,east_to_west,old_margin_guard,target_25_300939,True,288,197,39,39,0,145,13,30,0,3,39,52,13,6,145
A-DENSEUAV-EXTERNAL-001,east_to_west,sq8_margin_guard,target_25_300939,True,288,177,33,28,5,129,15,30,5,1,28,75,15,5,129
A-DENSEUAV-EXTERNAL-001,west_to_east,current_su,target_25_300940,True,100,87,17,16,1,69,1,7,1,0,16,6,1,0,69
A-DENSEUAV-EXTERNAL-001,west_to_east,current_su_guard,target_25_300940,True,100,88,14,14,0,73,1,7,0,0,14,5,1,0,73
A-DENSEUAV-EXTERNAL-001,west_to_east,old_su,target_25_300940,True,100,91,23,22,1,66,2,6,1,0,22,3,2,0,66
A-DENSEUAV-EXTERNAL-001,west_to_east,old_su_guard,target_25_300940,True,100,91,18,18,0,72,1,6,0,0,18,3,1,0,72
A-DENSEUAV-EXTERNAL-001,west_to_east,current_margin,target_25_300940,True,100,91,18,18,0,71,2,5,0,0,18,4,2,0,71
A-DENSEUAV-EXTERNAL-001,west_to_east,current_margin_guard,target_25_300940,True,100,90,17,17,0,72,1,6,0,0,17,4,1,0,72
A-DENSEUAV-EXTERNAL-001,west_to_east,old_margin_guard,target_25_300940,True,100,92,18,18,0,74,0,5,0,0,18,3,0,0,74
A-DENSEUAV-EXTERNAL-001,west_to_east,sq8_margin_guard,target_25_300940,True,100,93,9,9,0,83,1,1,0,0,9,5,1,1,83
A-DENSEUAV-EXTERNAL-001,east_to_west,current_su,target_25_300940,True,288,168,37,34,3,112,19,39,3,4,34,71,19,6,112
A-DENSEUAV-EXTERNAL-001,east_to_west,current_su_guard,target_25_300940,True,288,173,26,26,0,126,21,42,0,7,26,59,21,7,126
A-DENSEUAV-EXTERNAL-001,east_to_west,old_su,target_25_300940,True,288,196,56,49,7,123,17,37,7,6,49,42,17,7,123
A-DENSEUAV-EXTERNAL-001,east_to_west,old_su_guard,target_25_300940,True,288,195,41,41,0,135,19,38,0,7,41,42,19,6,135
A-DENSEUAV-EXTERNAL-001,east_to_west,current_margin,target_25_300940,True,288,188,35,30,5,135,18,31,5,5,30,60,18,4,135
A-DENSEUAV-EXTERNAL-001,east_to_west,current_margin_guard,target_25_300940,True,288,188,23,23,0,145,20,35,0,6,23,55,20,4,145
A-DENSEUAV-EXTERNAL-001,east_to_west,old_margin_guard,target_25_300940,True,288,200,34,34,0,146,20,36,0,6,34,39,20,7,146
A-DENSEUAV-EXTERNAL-001,east_to_west,sq8_margin_guard,target_25_300940,True,288,178,22,21,1,137,19,37,1,4,21,64,19,5,137
A-DENSEUAV-EXTERNAL-001,west_to_east,current_su,target_25_300941,True,100,86,17,17,0,68,1,6,0,1,17,7,1,0,68
A-DENSEUAV-EXTERNAL-001,west_to_east,current_su_guard,target_25_300941,True,100,87,14,14,0,73,0,6,0,1,14,6,0,0,73
A-DENSEUAV-EXTERNAL-001,west_to_east,old_su,target_25_300941,True,100,90,23,21,2,66,1,5,2,1,21,4,1,0,66
A-DENSEUAV-EXTERNAL-001,west_to_east,old_su_guard,target_25_300941,True,100,90,17,17,0,73,0,5,0,1,17,4,0,0,73
A-DENSEUAV-EXTERNAL-001,west_to_east,current_margin,target_25_300941,True,100,89,18,18,0,70,1,5,0,1,18,5,1,0,70
A-DENSEUAV-EXTERNAL-001,west_to_east,current_margin_guard,target_25_300941,True,100,89,13,13,0,76,0,5,0,1,13,5,0,0,76
A-DENSEUAV-EXTERNAL-001,west_to_east,old_margin_guard,target_25_300941,True,100,92,16,16,0,76,0,4,0,1,16,3,0,0,76
A-DENSEUAV-EXTERNAL-001,west_to_east,sq8_margin_guard,target_25_300941,True,100,90,10,10,0,80,0,5,0,0,10,5,0,0,80
A-DENSEUAV-EXTERNAL-001,east_to_west,current_su,target_25_300941,True,288,178,48,40,8,112,18,32,8,2,40,72,18,4,112
A-DENSEUAV-EXTERNAL-001,east_to_west,current_su_guard,target_25_300941,True,288,182,38,38,0,128,16,35,0,2,38,65,16,4,128
A-DENSEUAV-EXTERNAL-001,east_to_west,old_su,target_25_300941,True,288,204,63,51,12,127,14,32,12,4,51,45,14,3,127
A-DENSEUAV-EXTERNAL-001,east_to_west,old_su_guard,target_25_300941,True,288,201,44,44,0,140,17,35,0,4,44,46,17,2,140
A-DENSEUAV-EXTERNAL-001,east_to_west,current_margin,target_25_300941,True,288,196,39,33,6,143,14,27,6,2,33,59,14,4,143
A-DENSEUAV-EXTERNAL-001,east_to_west,current_margin_guard,target_25_300941,True,288,193,33,33,0,144,16,30,0,2,33,60,16,3,144
A-DENSEUAV-EXTERNAL-001,east_to_west,old_margin_guard,target_25_300941,True,288,204,38,38,0,150,16,30,0,4,38,46,16,4,150
A-DENSEUAV-EXTERNAL-001,east_to_west,sq8_margin_guard,target_25_300941,True,288,185,35,31,4,137,13,29,4,2,31,67,13,5,137
A-DENSEUAV-EXTERNAL-001,west_to_east,current_su,target_25_300942,True,100,85,16,16,0,66,3,8,0,2,16,5,3,0,66
A-DENSEUAV-EXTERNAL-001,west_to_east,current_su_guard,target_25_300942,True,100,86,14,14,0,69,3,8,0,2,14,4,3,0,69
A-DENSEUAV-EXTERNAL-001,west_to_east,old_su,target_25_300942,True,100,88,20,20,0,66,2,7,0,2,20,3,2,0,66
A-DENSEUAV-EXTERNAL-001,west_to_east,old_su_guard,target_25_300942,True,100,89,16,16,0,70,3,7,0,2,16,2,3,0,70
A-DENSEUAV-EXTERNAL-001,west_to_east,current_margin,target_25_300942,True,100,90,17,17,0,70,3,5,0,1,17,4,3,0,70
A-DENSEUAV-EXTERNAL-001,west_to_east,current_margin_guard,target_25_300942,True,100,88,13,13,0,72,3,7,0,2,13,3,3,0,72
A-DENSEUAV-EXTERNAL-001,west_to_east,old_margin_guard,target_25_300942,True,100,90,16,16,0,73,1,6,0,1,16,3,1,0,73
A-DENSEUAV-EXTERNAL-001,west_to_east,sq8_margin_guard,target_25_300942,False,0,0,0,0,0,0,0,0,0,0,0,0,0,0,0
A-DENSEUAV-EXTERNAL-001,east_to_west,current_su,target_25_300942,True,288,169,46,40,6,111,12,35,6,0,40,78,12,6,111
A-DENSEUAV-EXTERNAL-001,east_to_west,current_su_guard,target_25_300942,True,288,175,31,31,0,128,16,36,0,1,31,72,16,4,128
A-DENSEUAV-EXTERNAL-001,east_to_west,old_su,target_25_300942,True,288,191,61,54,7,120,10,37,7,1,54,49,10,10,120
A-DENSEUAV-EXTERNAL-001,east_to_west,old_su_guard,target_25_300942,True,288,191,44,44,0,135,12,40,0,2,44,51,12,4,135
A-DENSEUAV-EXTERNAL-001,east_to_west,current_margin,target_25_300942,True,288,191,38,31,7,140,13,28,7,0,31,62,13,7,140
A-DENSEUAV-EXTERNAL-001,east_to_west,current_margin_guard,target_25_300942,True,288,196,30,30,0,152,14,33,0,1,30,56,14,2,152
A-DENSEUAV-EXTERNAL-001,east_to_west,old_margin_guard,target_25_300942,True,288,200,41,41,0,147,12,36,0,1,41,48,12,3,147
A-DENSEUAV-EXTERNAL-001,east_to_west,sq8_margin_guard,target_25_300942,True,288,177,36,32,4,133,8,33,4,1,32,73,8,4,133
A-DENSEUAV-EXTERNAL-001,west_to_east,current_su,target_25_300943,True,100,88,19,18,1,66,3,7,1,0,18,5,3,0,66
A-DENSEUAV-EXTERNAL-001,west_to_east,current_su_guard,target_25_300943,True,100,90,13,13,0,75,2,7,0,0,13,3,2,0,75
A-DENSEUAV-EXTERNAL-001,west_to_east,old_su,target_25_300943,True,100,90,23,22,1,66,1,6,1,0,22,4,1,0,66
A-DENSEUAV-EXTERNAL-001,west_to_east,old_su_guard,target_25_300943,True,100,91,16,16,0,74,1,6,0,0,16,3,1,0,74
A-DENSEUAV-EXTERNAL-001,west_to_east,current_margin,target_25_300943,True,100,91,20,19,1,69,2,5,1,0,19,4,2,0,69
A-DENSEUAV-EXTERNAL-001,west_to_east,current_margin_guard,target_25_300943,True,100,90,12,12,0,76,2,7,0,0,12,3,2,0,76
A-DENSEUAV-EXTERNAL-001,west_to_east,old_margin_guard,target_25_300943,True,100,92,13,13,0,77,2,5,0,0,13,3,2,0,77
A-DENSEUAV-EXTERNAL-001,west_to_east,sq8_margin_guard,target_25_300943,False,0,0,0,0,0,0,0,0,0,0,0,0,0,0,0
A-DENSEUAV-EXTERNAL-001,east_to_west,current_su,target_25_300943,True,288,169,41,36,5,106,22,37,5,5,36,68,22,9,106
A-DENSEUAV-EXTERNAL-001,east_to_west,current_su_guard,target_25_300943,True,288,169,29,29,0,117,23,40,0,6,29,65,23,8,117
A-DENSEUAV-EXTERNAL-001,east_to_west,old_su,target_25_300943,True,288,197,58,50,8,121,18,36,8,5,50,41,18,9,121
A-DENSEUAV-EXTERNAL-001,east_to_west,old_su_guard,target_25_300943,True,288,195,46,46,0,133,16,38,0,6,46,41,16,8,133
A-DENSEUAV-EXTERNAL-001,east_to_west,current_margin,target_25_300943,True,288,189,36,32,4,130,23,33,4,4,32,54,23,8,130
A-DENSEUAV-EXTERNAL-001,east_to_west,current_margin_guard,target_25_300943,True,288,189,32,32,0,137,20,35,0,4,32,54,20,6,137
A-DENSEUAV-EXTERNAL-001,east_to_west,old_margin_guard,target_25_300943,True,288,204,42,42,0,145,17,33,0,5,42,38,17,8,145
A-DENSEUAV-EXTERNAL-001,east_to_west,sq8_margin_guard,target_25_300943,True,288,178,26,24,2,134,18,33,2,4,24,66,18,7,134
A-DENSEUAV-EXTERNAL-001,west_to_east,current_su,target_25_300944,True,100,87,21,20,1,65,1,7,1,0,20,6,1,0,65
A-DENSEUAV-EXTERNAL-001,west_to_east,current_su_guard,target_25_300944,True,100,87,16,16,0,70,1,7,0,0,16,6,1,0,70
A-DENSEUAV-EXTERNAL-001,west_to_east,old_su,target_25_300944,True,100,90,23,22,1,66,1,6,1,0,22,4,1,0,66
A-DENSEUAV-EXTERNAL-001,west_to_east,old_su_guard,target_25_300944,True,100,89,16,16,0,73,0,6,0,0,16,5,0,0,73
A-DENSEUAV-EXTERNAL-001,west_to_east,current_margin,target_25_300944,True,100,91,20,20,0,70,1,5,0,0,20,4,1,0,70
A-DENSEUAV-EXTERNAL-001,west_to_east,current_margin_guard,target_25_300944,True,100,89,15,15,0,73,1,6,0,0,15,5,1,0,73
A-DENSEUAV-EXTERNAL-001,west_to_east,old_margin_guard,target_25_300944,True,100,90,14,14,0,76,0,5,0,0,14,5,0,0,76
A-DENSEUAV-EXTERNAL-001,west_to_east,sq8_margin_guard,target_25_300944,False,0,0,0,0,0,0,0,0,0,0,0,0,0,0,0
A-DENSEUAV-EXTERNAL-001,east_to_west,current_su,target_25_300944,True,288,171,49,37,12,103,19,31,12,3,37,78,19,5,103
A-DENSEUAV-EXTERNAL-001,east_to_west,current_su_guard,target_25_300944,True,288,177,31,31,0,132,14,33,0,3,31,68,14,7,132
A-DENSEUAV-EXTERNAL-001,east_to_west,old_su,target_25_300944,True,288,205,67,52,15,122,16,29,15,3,52,43,16,8,122
A-DENSEUAV-EXTERNAL-001,east_to_west,old_su_guard,target_25_300944,True,288,205,48,48,0,146,11,31,0,4,48,43,11,5,146
A-DENSEUAV-EXTERNAL-001,east_to_west,current_margin,target_25_300944,True,288,191,44,37,7,132,15,27,7,2,37,63,15,5,132
A-DENSEUAV-EXTERNAL-001,east_to_west,current_margin_guard,target_25_300944,True,288,195,36,36,0,147,12,29,0,2,36,58,12,4,147
A-DENSEUAV-EXTERNAL-001,east_to_west,old_margin_guard,target_25_300944,True,288,209,43,43,0,154,12,28,0,3,43,42,12,6,154
A-DENSEUAV-EXTERNAL-001,east_to_west,sq8_margin_guard,target_25_300944,True,288,182,33,28,5,136,13,26,5,2,28,74,13,4,136
A-DENSEUAV-EXTERNAL-001,west_to_east,current_su,target_25_300945,True,100,86,16,14,2,68,2,5,2,2,14,6,2,1,68
A-DENSEUAV-EXTERNAL-001,west_to_east,current_su_guard,target_25_300945,True,100,89,15,15,0,72,2,5,0,2,15,4,2,0,72
A-DENSEUAV-EXTERNAL-001,west_to_east,old_su,target_25_300945,True,100,89,23,20,3,65,1,4,3,2,20,4,1,1,65
A-DENSEUAV-EXTERNAL-001,west_to_east,old_su_guard,target_25_300945,True,100,92,18,18,0,72,2,4,0,2,18,2,2,0,72
A-DENSEUAV-EXTERNAL-001,west_to_east,current_margin,target_25_300945,True,100,93,15,14,1,76,2,2,1,1,14,4,2,0,76
A-DENSEUAV-EXTERNAL-001,west_to_east,current_margin_guard,target_25_300945,True,100,93,16,16,0,75,2,3,0,2,16,2,2,0,75
A-DENSEUAV-EXTERNAL-001,west_to_east,old_margin_guard,target_25_300945,True,100,92,16,16,0,76,0,4,0,2,16,2,0,0,76
A-DENSEUAV-EXTERNAL-001,west_to_east,sq8_margin_guard,target_25_300945,True,100,94,8,8,0,85,1,1,0,0,8,5,1,0,85
A-DENSEUAV-EXTERNAL-001,east_to_west,current_su,target_25_300945,True,288,162,40,37,3,102,20,39,3,3,37,75,20,9,102
A-DENSEUAV-EXTERNAL-001,east_to_west,current_su_guard,target_25_300945,True,288,171,33,33,0,120,18,40,0,3,33,68,18,6,120
A-DENSEUAV-EXTERNAL-001,east_to_west,old_su,target_25_300945,True,288,200,58,52,6,124,18,38,6,3,52,41,18,6,124
A-DENSEUAV-EXTERNAL-001,east_to_west,old_su_guard,target_25_300945,True,288,199,41,41,0,141,17,39,0,4,41,43,17,3,141
A-DENSEUAV-EXTERNAL-001,east_to_west,current_margin,target_25_300945,True,288,187,37,34,3,132,18,30,3,3,34,57,18,11,132
A-DENSEUAV-EXTERNAL-001,east_to_west,current_margin_guard,target_25_300945,True,288,189,26,26,0,148,15,34,0,3,26,56,15,6,148
A-DENSEUAV-EXTERNAL-001,east_to_west,old_margin_guard,target_25_300945,True,288,204,38,38,0,147,19,35,0,4,38,40,19,5,147
A-DENSEUAV-EXTERNAL-001,east_to_west,sq8_margin_guard,target_25_300945,True,288,175,31,28,3,133,11,34,3,2,28,69,11,8,133
A-DENSEUAV-EXTERNAL-001,west_to_east,current_su,target_25_300946,True,100,87,16,16,0,69,2,7,0,0,16,6,2,0,69
A-DENSEUAV-EXTERNAL-001,west_to_east,current_su_guard,target_25_300946,True,100,87,14,14,0,71,2,7,0,0,14,6,2,0,71
A-DENSEUAV-EXTERNAL-001,west_to_east,old_su,target_25_300946,True,100,90,23,22,1,66,1,6,1,0,22,4,1,0,66
A-DENSEUAV-EXTERNAL-001,west_to_east,old_su_guard,target_25_300946,True,100,89,17,17,0,71,1,6,0,0,17,5,1,0,71
A-DENSEUAV-EXTERNAL-001,west_to_east,current_margin,target_25_300946,True,100,92,14,14,0,77,1,4,0,0,14,4,1,0,77
A-DENSEUAV-EXTERNAL-001,west_to_east,current_margin_guard,target_25_300946,True,100,90,12,12,0,77,1,5,0,0,12,5,1,0,77
A-DENSEUAV-EXTERNAL-001,west_to_east,old_margin_guard,target_25_300946,True,100,90,14,14,0,74,2,6,0,1,14,3,2,0,74
A-DENSEUAV-EXTERNAL-001,west_to_east,sq8_margin_guard,target_25_300946,False,0,0,0,0,0,0,0,0,0,0,0,0,0,0,0
A-DENSEUAV-EXTERNAL-001,east_to_west,current_su,target_25_300946,True,288,172,48,38,10,101,23,32,10,1,38,75,23,8,101
A-DENSEUAV-EXTERNAL-001,east_to_west,current_su_guard,target_25_300946,True,288,171,30,30,0,119,22,36,0,3,30,69,22,9,119
A-DENSEUAV-EXTERNAL-001,east_to_west,old_su,target_25_300946,True,288,208,62,53,9,125,21,35,9,2,53,38,21,5,125
A-DENSEUAV-EXTERNAL-001,east_to_west,old_su_guard,target_25_300946,True,288,207,44,44,0,145,18,36,0,3,44,38,18,4,145
A-DENSEUAV-EXTERNAL-001,east_to_west,current_margin,target_25_300946,True,288,186,38,32,6,127,21,27,6,3,32,62,21,10,127
A-DENSEUAV-EXTERNAL-001,east_to_west,current_margin_guard,target_25_300946,True,288,187,27,27,0,139,21,30,0,3,27,60,21,8,139
A-DENSEUAV-EXTERNAL-001,east_to_west,old_margin_guard,target_25_300946,True,288,211,38,38,0,156,17,32,0,2,38,40,17,3,156
A-DENSEUAV-EXTERNAL-001,east_to_west,sq8_margin_guard,target_25_300946,True,288,179,31,26,5,131,17,31,5,2,26,69,17,7,131
A-DENSEUAV-EXTERNAL-001,west_to_east,current_su,target_25_300947,True,100,85,16,15,1,68,1,7,1,1,15,6,1,1,68
A-DENSEUAV-EXTERNAL-001,west_to_east,current_su_guard,target_25_300947,True,100,87,11,11,0,76,0,7,0,1,11,5,0,0,76
A-DENSEUAV-EXTERNAL-001,west_to_east,old_su,target_25_300947,True,100,88,22,21,1,65,1,6,1,1,21,4,1,1,65
A-DENSEUAV-EXTERNAL-001,west_to_east,old_su_guard,target_25_300947,True,100,89,16,16,0,73,0,6,0,1,16,4,0,0,73
A-DENSEUAV-EXTERNAL-001,west_to_east,current_margin,target_25_300947,True,100,89,16,15,1,72,1,5,1,1,15,4,1,1,72
A-DENSEUAV-EXTERNAL-001,west_to_east,current_margin_guard,target_25_300947,True,100,89,9,9,0,80,0,6,0,1,9,4,0,0,80
A-DENSEUAV-EXTERNAL-001,west_to_east,old_margin_guard,target_25_300947,True,100,89,15,15,0,74,0,6,0,1,15,4,0,0,74
A-DENSEUAV-EXTERNAL-001,west_to_east,sq8_margin_guard,target_25_300947,False,0,0,0,0,0,0,0,0,0,0,0,0,0,0,0
A-DENSEUAV-EXTERNAL-001,east_to_west,current_su,target_25_300947,True,288,180,45,36,9,120,15,31,9,1,36,73,15,3,120
A-DENSEUAV-EXTERNAL-001,east_to_west,current_su_guard,target_25_300947,True,288,187,31,31,0,138,18,33,0,2,31,64,18,2,138
A-DENSEUAV-EXTERNAL-001,east_to_west,old_su,target_25_300947,True,288,205,65,53,12,126,14,32,12,2,53,45,14,4,126
A-DENSEUAV-EXTERNAL-001,east_to_west,old_su_guard,target_25_300947,True,288,209,48,48,0,149,12,33,0,2,48,43,12,1,149
A-DENSEUAV-EXTERNAL-001,east_to_west,current_margin,target_25_300947,True,288,196,36,32,4,144,16,27,4,1,32,61,16,3,144
A-DENSEUAV-EXTERNAL-001,east_to_west,current_margin_guard,target_25_300947,True,288,199,29,29,0,155,15,32,0,1,29,54,15,2,155
A-DENSEUAV-EXTERNAL-001,east_to_west,old_margin_guard,target_25_300947,True,288,212,44,44,0,156,12,30,0,2,44,42,12,2,156
A-DENSEUAV-EXTERNAL-001,east_to_west,sq8_margin_guard,target_25_300947,True,288,194,34,31,3,146,14,30,3,0,31,62,14,2,146
A-DENSEUAV-EXTERNAL-001,west_to_east,current_su,target_25_300948,True,100,85,18,17,1,64,3,7,1,0,17,5,3,3,64
A-DENSEUAV-EXTERNAL-001,west_to_east,current_su_guard,target_25_300948,True,100,90,16,16,0,71,3,7,0,0,16,2,3,1,71
A-DENSEUAV-EXTERNAL-001,west_to_east,old_su,target_25_300948,True,100,88,23,22,1,63,2,6,1,0,22,3,2,3,63
A-DENSEUAV-EXTERNAL-001,west_to_east,old_su_guard,target_25_300948,True,100,92,20,20,0,69,3,6,0,0,20,1,3,1,69
A-DENSEUAV-EXTERNAL-001,west_to_east,current_margin,target_25_300948,True,100,90,17,17,0,70,3,4,0,0,17,5,3,1,70
A-DENSEUAV-EXTERNAL-001,west_to_east,current_margin_guard,target_25_300948,True,100,92,16,16,0,73,3,6,0,0,16,2,3,0,73
A-DENSEUAV-EXTERNAL-001,west_to_east,old_margin_guard,target_25_300948,True,100,94,17,17,0,75,2,5,0,0,17,0,2,1,75
A-DENSEUAV-EXTERNAL-001,west_to_east,sq8_margin_guard,target_25_300948,True,100,95,12,12,0,82,1,1,0,0,12,4,1,0,82
A-DENSEUAV-EXTERNAL-001,east_to_west,current_su,target_25_300948,True,288,176,50,38,12,104,22,30,12,2,38,72,22,8,104
A-DENSEUAV-EXTERNAL-001,east_to_west,current_su_guard,target_25_300948,True,288,183,32,32,0,127,24,32,0,2,32,65,24,6,127
A-DENSEUAV-EXTERNAL-001,east_to_west,old_su,target_25_300948,True,288,211,68,53,15,128,15,29,15,2,53,44,15,2,128
A-DENSEUAV-EXTERNAL-001,east_to_west,old_su_guard,target_25_300948,True,288,213,49,49,0,146,18,30,0,2,49,40,18,3,146
A-DENSEUAV-EXTERNAL-001,east_to_west,current_margin,target_25_300948,True,288,193,46,36,10,128,19,27,10,2,36,61,19,5,128
A-DENSEUAV-EXTERNAL-001,east_to_west,current_margin_guard,target_25_300948,True,288,198,35,35,0,144,19,29,0,2,35,55,19,4,144
A-DENSEUAV-EXTERNAL-001,east_to_west,old_margin_guard,target_25_300948,True,288,215,42,42,0,155,18,27,0,2,42,40,18,4,155
A-DENSEUAV-EXTERNAL-001,east_to_west,sq8_margin_guard,target_25_300948,True,288,198,38,33,5,143,17,24,5,1,33,62,17,3,143
A-DENSEUAV-EXTERNAL-001,west_to_east,current_su,target_25_300949,True,100,89,18,17,1,68,3,6,1,0,17,5,3,0,68
A-DENSEUAV-EXTERNAL-001,west_to_east,current_su_guard,target_25_300949,True,100,91,12,12,0,76,3,7,0,0,12,2,3,0,76
A-DENSEUAV-EXTERNAL-001,west_to_east,old_su,target_25_300949,True,100,89,23,22,1,66,0,6,1,0,22,5,0,0,66
A-DENSEUAV-EXTERNAL-001,west_to_east,old_su_guard,target_25_300949,True,100,91,15,15,0,75,1,6,0,0,15,2,1,1,75
A-DENSEUAV-EXTERNAL-001,west_to_east,current_margin,target_25_300949,True,100,93,18,18,0,72,3,4,0,0,18,3,3,0,72
A-DENSEUAV-EXTERNAL-001,west_to_east,current_margin_guard,target_25_300949,True,100,92,13,13,0,76,3,6,0,0,13,2,3,0,76
A-DENSEUAV-EXTERNAL-001,west_to_east,old_margin_guard,target_25_300949,True,100,93,16,16,0,75,2,5,0,0,16,1,2,1,75
A-DENSEUAV-EXTERNAL-001,west_to_east,sq8_margin_guard,target_25_300949,True,100,93,8,8,0,83,2,4,0,0,8,3,2,0,83
A-DENSEUAV-EXTERNAL-001,east_to_west,current_su,target_25_300949,True,288,161,40,36,4,102,19,38,4,4,36,77,19,8,102
A-DENSEUAV-EXTERNAL-001,east_to_west,current_su_guard,target_25_300949,True,288,178,28,28,0,131,19,40,0,5,28,56,19,9,131
A-DENSEUAV-EXTERNAL-001,east_to_west,old_su,target_25_300949,True,288,198,56,50,6,126,16,38,6,5,50,43,16,4,126
A-DENSEUAV-EXTERNAL-001,east_to_west,old_su_guard,target_25_300949,True,288,201,40,40,0,146,15,40,0,6,40,36,15,5,146
A-DENSEUAV-EXTERNAL-001,east_to_west,current_margin,target_25_300949,True,288,188,41,36,5,126,21,30,5,5,36,58,21,7,126
A-DENSEUAV-EXTERNAL-001,east_to_west,current_margin_guard,target_25_300949,True,288,192,27,27,0,145,20,35,0,6,27,49,20,6,145
A-DENSEUAV-EXTERNAL-001,east_to_west,old_margin_guard,target_25_300949,True,288,202,33,33,0,153,16,36,0,7,33,36,16,7,153
A-DENSEUAV-EXTERNAL-001,east_to_west,sq8_margin_guard,target_25_300949,True,288,177,27,25,2,131,19,36,2,3,25,65,19,7,131
A-DENSEUAV-VITS-001,west_to_east,current_su,target_25_300930,True,100,25,16,11,5,8,1,71,5,1,11,3,1,0,8
A-DENSEUAV-VITS-001,west_to_east,current_su_guard,target_25_300930,True,100,18,7,7,0,10,1,76,0,2,7,4,1,0,10
A-DENSEUAV-VITS-001,west_to_east,old_su,target_25_300930,True,100,38,34,13,21,3,1,59,21,1,13,1,1,1,3
A-DENSEUAV-VITS-001,west_to_east,old_su_guard,target_25_300930,True,100,24,16,16,0,6,2,72,0,2,16,2,2,0,6
A-DENSEUAV-VITS-001,west_to_east,current_margin,target_25_300930,True,100,22,12,7,5,9,1,71,5,1,7,5,1,1,9
A-DENSEUAV-VITS-001,west_to_east,current_margin_guard,target_25_300930,True,100,20,9,9,0,10,1,74,0,1,9,5,1,0,10
A-DENSEUAV-VITS-001,west_to_east,old_margin_guard,target_25_300930,True,100,27,20,20,0,6,1,70,0,2,20,1,1,0,6
A-DENSEUAV-VITS-001,west_to_east,sq8_margin_guard,target_25_300930,True,100,23,12,11,1,11,0,72,1,0,11,5,0,0,11
A-DENSEUAV-VITS-001,east_to_west,current_su,target_25_300930,True,288,43,32,14,18,5,6,210,18,1,14,34,6,0,5
A-DENSEUAV-VITS-001,east_to_west,current_su_guard,target_25_300930,True,288,29,16,16,0,8,5,224,0,2,16,33,5,0,8
A-DENSEUAV-VITS-001,east_to_west,old_su,target_25_300930,True,288,107,93,37,56,7,7,166,56,1,37,13,7,1,7
A-DENSEUAV-VITS-001,east_to_west,old_su_guard,target_25_300930,True,288,54,35,35,0,13,6,210,0,5,35,19,6,0,13
A-DENSEUAV-VITS-001,east_to_west,current_margin,target_25_300930,True,288,44,34,14,20,4,6,202,20,1,14,40,6,1,4
A-DENSEUAV-VITS-001,east_to_west,current_margin_guard,target_25_300930,True,288,25,12,12,0,10,3,221,0,4,12,38,3,0,10
A-DENSEUAV-VITS-001,east_to_west,old_margin_guard,target_25_300930,True,288,55,37,37,0,12,6,214,0,4,37,15,6,0,12
A-DENSEUAV-VITS-001,east_to_west,sq8_margin_guard,target_25_300930,True,288,27,16,13,3,8,3,218,3,3,13,40,3,0,8
A-DENSEUAV-VITS-001,west_to_east,current_su,target_25_300931,True,100,25,18,11,7,7,0,68,7,3,11,4,0,0,7
A-DENSEUAV-VITS-001,west_to_east,current_su_guard,target_25_300931,True,100,18,7,7,0,11,0,75,0,3,7,4,0,0,11
A-DENSEUAV-VITS-001,west_to_east,old_su,target_25_300931,True,100,33,29,11,18,4,0,62,18,3,11,2,0,0,4
A-DENSEUAV-VITS-001,west_to_east,old_su_guard,target_25_300931,True,100,22,14,14,0,8,0,69,0,5,14,4,0,0,8
A-DENSEUAV-VITS-001,west_to_east,current_margin,target_25_300931,True,100,26,15,8,7,10,1,67,7,2,8,4,1,1,10
A-DENSEUAV-VITS-001,west_to_east,current_margin_guard,target_25_300931,True,100,19,7,7,0,12,0,73,0,3,7,5,0,0,12
A-DENSEUAV-VITS-001,west_to_east,old_margin_guard,target_25_300931,True,100,23,17,17,0,6,0,70,0,5,17,2,0,0,6
A-DENSEUAV-VITS-001,west_to_east,sq8_margin_guard,target_25_300931,True,100,17,7,6,1,10,0,77,1,1,6,5,0,0,10
A-DENSEUAV-VITS-001,east_to_west,current_su,target_25_300931,True,288,37,29,17,12,4,4,212,12,1,17,38,4,0,4
A-DENSEUAV-VITS-001,east_to_west,current_su_guard,target_25_300931,True,288,23,16,16,0,3,4,227,0,1,16,37,4,0,3
A-DENSEUAV-VITS-001,east_to_west,old_su,target_25_300931,True,288,103,91,37,54,8,4,168,54,1,37,16,4,0,8
A-DENSEUAV-VITS-001,east_to_west,old_su_guard,target_25_300931,True,288,56,36,36,0,13,7,213,0,2,36,17,7,0,13
A-DENSEUAV-VITS-001,east_to_west,current_margin,target_25_300931,True,288,42,35,18,17,3,4,204,17,1,18,41,4,0,3
A-DENSEUAV-VITS-001,east_to_west,current_margin_guard,target_25_300931,True,288,24,12,12,0,7,5,224,0,2,12,38,5,0,7
A-DENSEUAV-VITS-001,east_to_west,old_margin_guard,target_25_300931,True,288,53,34,34,0,13,6,218,0,2,34,15,6,0,13
A-DENSEUAV-VITS-001,east_to_west,sq8_margin_guard,target_25_300931,True,288,22,17,15,2,3,2,220,2,2,15,43,2,1,3
A-DENSEUAV-VITS-001,west_to_east,current_su,target_25_300932,True,100,28,20,11,9,8,0,67,9,1,11,3,0,1,8
A-DENSEUAV-VITS-001,west_to_east,current_su_guard,target_25_300932,True,100,22,14,14,0,8,0,74,0,2,14,2,0,0,8
A-DENSEUAV-VITS-001,west_to_east,old_su,target_25_300932,True,100,39,35,12,23,4,0,57,23,2,12,2,0,0,4
A-DENSEUAV-VITS-001,west_to_east,old_su_guard,target_25_300932,True,100,23,17,17,0,5,1,72,0,2,17,3,1,0,5
A-DENSEUAV-VITS-001,west_to_east,current_margin,target_25_300932,True,100,26,16,8,8,10,0,67,8,2,8,4,0,1,10
A-DENSEUAV-VITS-001,west_to_east,current_margin_guard,target_25_300932,True,100,18,9,9,0,9,0,75,0,3,9,4,0,0,9
A-DENSEUAV-VITS-001,west_to_east,old_margin_guard,target_25_300932,True,100,26,21,21,0,5,0,69,0,2,21,3,0,0,5
A-DENSEUAV-VITS-001,west_to_east,sq8_margin_guard,target_25_300932,True,100,23,11,11,0,12,0,70,0,1,11,5,0,1,12
A-DENSEUAV-VITS-001,east_to_west,current_su,target_25_300932,True,288,50,40,15,25,8,2,192,25,2,15,44,2,0,8
A-DENSEUAV-VITS-001,east_to_west,current_su_guard,target_25_300932,True,288,24,15,15,0,6,3,218,0,4,15,42,3,0,6
A-DENSEUAV-VITS-001,east_to_west,old_su,target_25_300932,True,288,106,95,34,61,7,4,161,61,4,34,16,4,1,7
A-DENSEUAV-VITS-001,east_to_west,old_su_guard,target_25_300932,True,288,59,42,42,0,13,4,203,0,5,42,21,4,0,13
A-DENSEUAV-VITS-001,east_to_west,current_margin,target_25_300932,True,288,52,43,14,29,7,2,186,29,3,14,47,2,0,7
A-DENSEUAV-VITS-001,east_to_west,current_margin_guard,target_25_300932,True,288,26,15,15,0,9,2,217,0,3,15,42,2,0,9
A-DENSEUAV-VITS-001,east_to_west,old_margin_guard,target_25_300932,True,288,57,41,41,0,13,3,207,0,5,41,19,3,0,13
A-DENSEUAV-VITS-001,east_to_west,sq8_margin_guard,target_25_300932,True,288,29,20,20,0,8,1,208,0,2,20,49,1,0,8
A-DENSEUAV-VITS-001,west_to_east,current_su,target_25_300933,True,100,23,14,8,6,9,0,71,6,2,8,4,0,0,9
A-DENSEUAV-VITS-001,west_to_east,current_su_guard,target_25_300933,True,100,15,7,7,0,8,0,78,0,2,7,5,0,0,8
A-DENSEUAV-VITS-001,west_to_east,old_su,target_25_300933,True,100,35,31,12,19,4,0,61,19,2,12,2,0,0,4
A-DENSEUAV-VITS-001,west_to_east,old_su_guard,target_25_300933,True,100,20,13,13,0,7,0,73,0,3,13,4,0,0,7
A-DENSEUAV-VITS-001,west_to_east,current_margin,target_25_300933,True,100,24,18,9,9,6,0,70,9,2,9,4,0,0,6
A-DENSEUAV-VITS-001,west_to_east,current_margin_guard,target_25_300933,True,100,17,7,7,0,10,0,77,0,2,7,4,0,0,10
A-DENSEUAV-VITS-001,west_to_east,old_margin_guard,target_25_300933,True,100,21,15,15,0,6,0,74,0,3,15,2,0,0,6
A-DENSEUAV-VITS-001,west_to_east,sq8_margin_guard,target_25_300933,True,100,19,8,8,0,11,0,74,0,0,8,7,0,0,11
A-DENSEUAV-VITS-001,east_to_west,current_su,target_25_300933,True,288,37,27,12,15,7,3,208,15,2,12,39,3,2,7
A-DENSEUAV-VITS-001,east_to_west,current_su_guard,target_25_300933,True,288,24,13,13,0,8,3,224,0,2,13,37,3,1,8
A-DENSEUAV-VITS-001,east_to_west,old_su,target_25_300933,True,288,98,86,35,51,8,4,171,51,3,35,16,4,0,8
A-DENSEUAV-VITS-001,east_to_west,old_su_guard,target_25_300933,True,288,53,35,35,0,14,4,213,0,5,35,16,4,1,14
A-DENSEUAV-VITS-001,east_to_west,current_margin,target_25_300933,True,288,45,34,15,19,6,5,200,19,3,15,39,5,1,6
A-DENSEUAV-VITS-001,east_to_west,current_margin_guard,target_25_300933,True,288,22,10,10,0,7,5,225,0,3,10,37,5,1,7
A-DENSEUAV-VITS-001,east_to_west,old_margin_guard,target_25_300933,True,288,50,35,35,0,11,4,215,0,5,35,17,4,1,11
A-DENSEUAV-VITS-001,east_to_west,sq8_margin_guard,target_25_300933,True,288,24,17,15,2,6,1,220,2,2,15,41,1,1,6
A-DENSEUAV-VITS-001,west_to_east,current_su,target_25_300934,True,100,26,20,10,10,6,0,70,10,1,10,3,0,0,6
A-DENSEUAV-VITS-001,west_to_east,current_su_guard,target_25_300934,True,100,20,8,8,0,11,1,76,0,1,8,3,1,0,11
A-DENSEUAV-VITS-001,west_to_east,old_su,target_25_300934,True,100,39,34,13,21,4,1,59,21,1,13,1,1,0,4
A-DENSEUAV-VITS-001,west_to_east,old_su_guard,target_25_300934,True,100,25,16,16,0,9,0,71,0,2,16,2,0,0,9
A-DENSEUAV-VITS-001,west_to_east,current_margin,target_25_300934,True,100,23,17,6,11,6,0,72,11,1,6,4,0,0,6
A-DENSEUAV-VITS-001,west_to_east,current_margin_guard,target_25_300934,True,100,17,5,5,0,12,0,78,0,1,5,4,0,0,12
A-DENSEUAV-VITS-001,west_to_east,old_margin_guard,target_25_300934,True,100,23,16,16,0,7,0,73,0,2,16,2,0,0,7
A-DENSEUAV-VITS-001,west_to_east,sq8_margin_guard,target_25_300934,True,100,20,6,6,0,14,0,74,0,1,6,5,0,0,14
A-DENSEUAV-VITS-001,east_to_west,current_su,target_25_300934,True,288,43,34,15,19,6,3,206,19,0,15,38,3,1,6
A-DENSEUAV-VITS-001,east_to_west,current_su_guard,target_25_300934,True,288,33,16,16,0,13,4,224,0,1,16,29,4,1,13
A-DENSEUAV-VITS-001,east_to_west,old_su,target_25_300934,True,288,105,90,35,55,7,8,167,55,3,35,12,8,1,7
A-DENSEUAV-VITS-001,east_to_west,old_su_guard,target_25_300934,True,288,59,38,38,0,13,8,208,0,8,38,13,8,0,13
A-DENSEUAV-VITS-001,east_to_west,current_margin,target_25_300934,True,288,44,38,16,22,3,3,200,22,0,16,43,3,1,3
A-DENSEUAV-VITS-001,east_to_west,current_margin_guard,target_25_300934,True,288,30,18,18,0,10,2,226,0,3,18,29,2,0,10
A-DENSEUAV-VITS-001,east_to_west,old_margin_guard,target_25_300934,True,288,57,35,35,0,14,8,209,0,8,35,14,8,0,14
A-DENSEUAV-VITS-001,east_to_west,sq8_margin_guard,target_25_300934,True,288,32,22,19,3,9,1,212,3,1,19,43,1,0,9
A-DENSEUAV-VITS-001,west_to_east,current_su,target_25_300935,True,100,25,18,11,7,7,0,69,7,0,11,5,0,1,7
A-DENSEUAV-VITS-001,west_to_east,current_su_guard,target_25_300935,True,100,21,10,10,0,11,0,74,0,1,10,4,0,0,11
A-DENSEUAV-VITS-001,west_to_east,old_su,target_25_300935,True,100,40,36,14,22,4,0,58,22,0,14,2,0,0,4
A-DENSEUAV-VITS-001,west_to_east,old_su_guard,target_25_300935,True,100,23,15,15,0,8,0,70,0,2,15,5,0,0,8
A-DENSEUAV-VITS-001,west_to_east,current_margin,target_25_300935,True,100,25,14,7,7,11,0,69,7,1,7,4,0,1,11
A-DENSEUAV-VITS-001,west_to_east,current_margin_guard,target_25_300935,True,100,22,7,7,0,15,0,73,0,1,7,4,0,0,15
A-DENSEUAV-VITS-001,west_to_east,old_margin_guard,target_25_300935,True,100,26,18,18,0,8,0,70,0,2,18,2,0,0,8
A-DENSEUAV-VITS-001,west_to_east,sq8_margin_guard,target_25_300935,True,100,20,8,8,0,12,0,73,0,0,8,6,0,1,12
A-DENSEUAV-VITS-001,east_to_west,current_su,target_25_300935,True,288,37,26,12,14,6,5,213,14,1,12,37,5,0,6
A-DENSEUAV-VITS-001,east_to_west,current_su_guard,target_25_300935,True,288,26,13,13,0,9,4,228,0,2,13,32,4,0,9
A-DENSEUAV-VITS-001,east_to_west,old_su,target_25_300935,True,288,105,89,36,53,8,8,169,53,2,36,12,8,0,8
A-DENSEUAV-VITS-001,east_to_west,old_su_guard,target_25_300935,True,288,59,37,37,0,12,10,212,0,4,37,12,10,1,12
A-DENSEUAV-VITS-001,east_to_west,current_margin,target_25_300935,True,288,50,38,14,24,6,6,198,24,3,14,37,6,0,6
A-DENSEUAV-VITS-001,east_to_west,current_margin_guard,target_25_300935,True,288,26,13,13,0,8,5,223,0,4,13,34,5,1,8
A-DENSEUAV-VITS-001,east_to_west,old_margin_guard,target_25_300935,True,288,58,36,36,0,12,10,212,0,6,36,12,10,0,12
A-DENSEUAV-VITS-001,east_to_west,sq8_margin_guard,target_25_300935,True,288,30,16,15,1,9,5,217,1,3,15,38,5,0,9
A-DENSEUAV-VITS-001,west_to_east,current_su,target_25_300936,True,100,23,16,12,4,7,0,72,4,1,12,4,0,0,7
A-DENSEUAV-VITS-001,west_to_east,current_su_guard,target_25_300936,True,100,16,7,7,0,8,1,79,0,1,7,4,1,0,8
A-DENSEUAV-VITS-001,west_to_east,old_su,target_25_300936,True,100,31,28,14,14,3,0,66,14,0,14,2,0,1,3
A-DENSEUAV-VITS-001,west_to_east,old_su_guard,target_25_300936,True,100,21,16,16,0,5,0,76,0,0,16,3,0,0,5
A-DENSEUAV-VITS-001,west_to_east,current_margin,target_25_300936,True,100,23,18,10,8,5,0,72,8,0,10,4,0,1,5
A-DENSEUAV-VITS-001,west_to_east,current_margin_guard,target_25_300936,True,100,16,8,8,0,8,0,80,0,1,8,3,0,0,8
A-DENSEUAV-VITS-001,west_to_east,old_margin_guard,target_25_300936,True,100,25,21,21,0,4,0,72,0,1,21,2,0,0,4
A-DENSEUAV-VITS-001,west_to_east,sq8_margin_guard,target_25_300936,True,100,20,10,9,1,10,0,75,1,0,9,5,0,0,10
A-DENSEUAV-VITS-001,east_to_west,current_su,target_25_300936,True,288,34,24,12,12,6,4,215,12,1,12,37,4,1,6
A-DENSEUAV-VITS-001,east_to_west,current_su_guard,target_25_300936,True,288,22,12,12,0,8,2,227,0,2,12,37,2,0,8
A-DENSEUAV-VITS-001,east_to_west,old_su,target_25_300936,True,288,99,87,35,52,7,5,170,52,3,35,15,5,1,7
A-DENSEUAV-VITS-001,east_to_west,old_su_guard,target_25_300936,True,288,53,35,35,0,13,5,213,0,4,35,18,5,0,13
A-DENSEUAV-VITS-001,east_to_west,current_margin,target_25_300936,True,288,39,33,13,20,2,4,204,20,3,13,40,4,2,2
A-DENSEUAV-VITS-001,east_to_west,current_margin_guard,target_25_300936,True,288,22,12,12,0,6,4,227,0,3,12,36,4,0,6
A-DENSEUAV-VITS-001,east_to_west,old_margin_guard,target_25_300936,True,288,48,31,31,0,11,6,219,0,5,31,15,6,1,11
A-DENSEUAV-VITS-001,east_to_west,sq8_margin_guard,target_25_300936,True,288,27,18,16,2,6,3,221,2,0,16,40,3,0,6
A-DENSEUAV-VITS-001,west_to_east,current_su,target_25_300937,True,100,26,18,12,6,8,0,68,6,1,12,5,0,0,8
A-DENSEUAV-VITS-001,west_to_east,current_su_guard,target_25_300937,True,100,23,13,13,0,10,0,72,0,1,13,4,0,0,10
A-DENSEUAV-VITS-001,west_to_east,old_su,target_25_300937,True,100,40,36,14,22,4,0,58,22,0,14,2,0,0,4
A-DENSEUAV-VITS-001,west_to_east,old_su_guard,target_25_300937,True,100,26,20,20,0,6,0,70,0,0,20,4,0,0,6
A-DENSEUAV-VITS-001,west_to_east,current_margin,target_25_300937,True,100,25,17,10,7,8,0,69,7,1,10,5,0,0,8
A-DENSEUAV-VITS-001,west_to_east,current_margin_guard,target_25_300937,True,100,22,11,11,0,11,0,71,0,1,11,6,0,0,11
A-DENSEUAV-VITS-001,west_to_east,old_margin_guard,target_25_300937,True,100,26,20,20,0,4,2,71,0,2,20,1,2,0,4
A-DENSEUAV-VITS-001,west_to_east,sq8_margin_guard,target_25_300937,True,100,20,9,9,0,11,0,73,0,1,9,6,0,0,11
A-DENSEUAV-VITS-001,east_to_west,current_su,target_25_300937,True,288,41,30,14,16,7,4,204,16,0,14,43,4,0,7
A-DENSEUAV-VITS-001,east_to_west,current_su_guard,target_25_300937,True,288,27,18,18,0,8,1,226,0,0,18,35,1,0,8
A-DENSEUAV-VITS-001,east_to_west,old_su,target_25_300937,True,288,103,91,36,55,8,4,167,55,2,36,16,4,0,8
A-DENSEUAV-VITS-001,east_to_west,old_su_guard,target_25_300937,True,288,51,35,35,0,15,1,213,0,3,35,21,1,0,15
A-DENSEUAV-VITS-001,east_to_west,current_margin,target_25_300937,True,288,47,35,11,24,8,4,196,24,0,11,45,4,0,8
A-DENSEUAV-VITS-001,east_to_west,current_margin_guard,target_25_300937,True,288,28,14,14,0,12,2,222,0,1,14,37,2,0,12
A-DENSEUAV-VITS-001,east_to_west,old_margin_guard,target_25_300937,True,288,49,33,33,0,15,1,218,0,4,33,17,1,0,15
A-DENSEUAV-VITS-001,east_to_west,sq8_margin_guard,target_25_300937,True,288,28,17,14,3,10,1,216,3,0,14,44,1,0,10
A-DENSEUAV-VITS-001,west_to_east,current_su,target_25_300938,True,100,29,21,10,11,8,0,66,11,1,10,4,0,0,8
A-DENSEUAV-VITS-001,west_to_east,current_su_guard,target_25_300938,True,100,23,11,11,0,12,0,71,0,1,11,5,0,0,12
A-DENSEUAV-VITS-001,west_to_east,old_su,target_25_300938,True,100,39,35,13,22,4,0,58,22,1,13,2,0,0,4
A-DENSEUAV-VITS-001,west_to_east,old_su_guard,target_25_300938,True,100,26,17,17,0,9,0,70,0,1,17,3,0,0,9
A-DENSEUAV-VITS-001,west_to_east,current_margin,target_25_300938,True,100,30,19,10,9,10,1,65,9,1,10,4,1,0,10
A-DENSEUAV-VITS-001,west_to_east,current_margin_guard,target_25_300938,True,100,22,10,10,0,12,0,72,0,1,10,5,0,0,12
A-DENSEUAV-VITS-001,west_to_east,old_margin_guard,target_25_300938,True,100,28,20,20,0,8,0,69,0,1,20,2,0,0,8
A-DENSEUAV-VITS-001,west_to_east,sq8_margin_guard,target_25_300938,True,100,27,14,14,0,13,0,67,0,0,14,5,0,1,13
A-DENSEUAV-VITS-001,east_to_west,current_su,target_25_300938,True,288,42,30,13,17,9,3,200,17,1,13,44,3,1,9
A-DENSEUAV-VITS-001,east_to_west,current_su_guard,target_25_300938,True,288,33,19,19,0,10,4,219,0,1,19,34,4,1,10
A-DENSEUAV-VITS-001,east_to_west,old_su,target_25_300938,True,288,101,91,35,56,7,3,166,56,3,35,17,3,1,7
A-DENSEUAV-VITS-001,east_to_west,old_su_guard,target_25_300938,True,288,57,39,39,0,13,5,207,0,4,39,19,5,1,13
A-DENSEUAV-VITS-001,east_to_west,current_margin,target_25_300938,True,288,43,39,12,27,2,2,198,27,1,12,45,2,1,2
A-DENSEUAV-VITS-001,east_to_west,current_margin_guard,target_25_300938,True,288,27,15,15,0,7,5,223,0,2,15,34,5,2,7
A-DENSEUAV-VITS-001,east_to_west,old_margin_guard,target_25_300938,True,288,52,37,37,0,12,3,213,0,4,37,18,3,1,12
A-DENSEUAV-VITS-001,east_to_west,sq8_margin_guard,target_25_300938,True,288,29,17,14,3,11,1,211,3,2,14,44,1,2,11
A-DENSEUAV-VITS-001,west_to_east,current_su,target_25_300939,True,100,24,15,11,4,8,1,70,4,0,11,6,1,0,8
A-DENSEUAV-VITS-001,west_to_east,current_su_guard,target_25_300939,True,100,21,11,11,0,9,1,73,0,1,11,5,1,0,9
A-DENSEUAV-VITS-001,west_to_east,old_su,target_25_300939,True,100,41,36,13,23,4,1,57,23,1,13,1,1,0,4
A-DENSEUAV-VITS-001,west_to_east,old_su_guard,target_25_300939,True,100,25,18,18,0,5,2,72,0,1,18,2,2,0,5
A-DENSEUAV-VITS-001,west_to_east,current_margin,target_25_300939,True,100,25,16,9,7,8,1,68,7,1,9,5,1,1,8
A-DENSEUAV-VITS-001,west_to_east,current_margin_guard,target_25_300939,True,100,22,10,10,0,10,2,71,0,1,10,6,2,0,10
A-DENSEUAV-VITS-001,west_to_east,old_margin_guard,target_25_300939,True,100,27,22,22,0,4,1,70,0,1,22,2,1,0,4
A-DENSEUAV-VITS-001,west_to_east,sq8_margin_guard,target_25_300939,True,100,19,10,10,0,9,0,75,0,0,10,6,0,0,9
A-DENSEUAV-VITS-001,east_to_west,current_su,target_25_300939,True,288,42,33,13,20,6,3,201,20,3,13,41,3,1,6
A-DENSEUAV-VITS-001,east_to_west,current_su_guard,target_25_300939,True,288,20,11,11,0,6,3,225,0,4,11,39,3,0,6
A-DENSEUAV-VITS-001,east_to_west,old_su,target_25_300939,True,288,102,93,36,57,7,2,165,57,2,36,18,2,1,7
A-DENSEUAV-VITS-001,east_to_west,old_su_guard,target_25_300939,True,288,51,35,35,0,12,4,211,0,6,35,20,4,0,12
A-DENSEUAV-VITS-001,east_to_west,current_margin,target_25_300939,True,288,46,36,11,25,5,5,196,25,3,11,42,5,1,5
A-DENSEUAV-VITS-001,east_to_west,current_margin_guard,target_25_300939,True,288,19,11,11,0,5,3,227,0,4,11,38,3,0,5
A-DENSEUAV-VITS-001,east_to_west,old_margin_guard,target_25_300939,True,288,45,32,32,0,10,3,217,0,6,32,20,3,0,10
A-DENSEUAV-VITS-001,east_to_west,sq8_margin_guard,target_25_300939,True,288,23,17,14,3,4,2,217,3,3,14,45,2,0,4
A-DENSEUAV-VITS-001,west_to_east,current_su,target_25_300940,True,100,24,18,9,9,6,0,69,9,3,9,4,0,0,6
A-DENSEUAV-VITS-001,west_to_east,current_su_guard,target_25_300940,True,100,18,9,9,0,9,0,74,0,4,9,4,0,0,9
A-DENSEUAV-VITS-001,west_to_east,old_su,target_25_300940,True,100,39,35,12,23,4,0,57,23,2,12,2,0,0,4
A-DENSEUAV-VITS-001,west_to_east,old_su_guard,target_25_300940,True,100,22,15,15,0,7,0,72,0,2,15,4,0,0,7
A-DENSEUAV-VITS-001,west_to_east,current_margin,target_25_300940,True,100,22,14,7,7,8,0,69,7,2,7,7,0,0,8
A-DENSEUAV-VITS-001,west_to_east,current_margin_guard,target_25_300940,True,100,21,10,10,0,11,0,71,0,3,10,5,0,0,11
A-DENSEUAV-VITS-001,west_to_east,old_margin_guard,target_25_300940,True,100,24,18,18,0,6,0,70,0,4,18,2,0,0,6
A-DENSEUAV-VITS-001,west_to_east,sq8_margin_guard,target_25_300940,True,100,20,10,9,1,10,0,71,1,2,9,7,0,0,10
A-DENSEUAV-VITS-001,east_to_west,current_su,target_25_300940,True,288,47,36,12,24,9,2,198,24,2,12,41,2,0,9
A-DENSEUAV-VITS-001,east_to_west,current_su_guard,target_25_300940,True,288,25,8,8,0,12,5,223,0,4,8,36,5,0,12
A-DENSEUAV-VITS-001,east_to_west,old_su,target_25_300940,True,288,99,87,33,54,8,4,168,54,5,33,16,4,0,8
A-DENSEUAV-VITS-001,east_to_west,old_su_guard,target_25_300940,True,288,53,33,33,0,14,6,211,0,8,33,16,6,0,14
A-DENSEUAV-VITS-001,east_to_west,current_margin,target_25_300940,True,288,52,43,14,29,8,1,192,29,2,14,42,1,0,8
A-DENSEUAV-VITS-001,east_to_west,current_margin_guard,target_25_300940,True,288,21,11,11,0,8,2,225,0,5,11,37,2,0,8
A-DENSEUAV-VITS-001,east_to_west,old_margin_guard,target_25_300940,True,288,54,33,33,0,15,6,210,0,8,33,16,6,0,15
A-DENSEUAV-VITS-001,east_to_west,sq8_margin_guard,target_25_300940,True,288,24,16,13,3,8,0,220,3,3,13,41,0,0,8
A-DENSEUAV-VITS-001,west_to_east,current_su,target_25_300941,True,100,24,18,12,6,6,0,71,6,0,12,4,0,1,6
A-DENSEUAV-VITS-001,west_to_east,current_su_guard,target_25_300941,True,100,19,11,11,0,8,0,76,0,0,11,5,0,0,8
A-DENSEUAV-VITS-001,west_to_east,old_su,target_25_300941,True,100,39,34,14,20,4,1,60,20,0,14,1,1,0,4
A-DENSEUAV-VITS-001,west_to_east,old_su_guard,target_25_300941,True,100,29,20,20,0,7,2,68,0,0,20,3,2,0,7
A-DENSEUAV-VITS-001,west_to_east,current_margin,target_25_300941,True,100,23,14,7,7,8,1,71,7,0,7,5,1,1,8
A-DENSEUAV-VITS-001,west_to_east,current_margin_guard,target_25_300941,True,100,19,7,7,0,11,1,76,0,0,7,5,1,0,11
A-DENSEUAV-VITS-001,west_to_east,old_margin_guard,target_25_300941,True,100,28,21,21,0,6,1,71,0,0,21,1,1,0,6
A-DENSEUAV-VITS-001,west_to_east,sq8_margin_guard,target_25_300941,True,100,19,11,9,2,8,0,75,2,0,9,5,0,1,8
A-DENSEUAV-VITS-001,east_to_west,current_su,target_25_300941,True,288,39,32,14,18,5,2,208,18,1,14,40,2,0,5
A-DENSEUAV-VITS-001,east_to_west,current_su_guard,target_25_300941,True,288,27,17,17,0,8,2,224,0,2,17,35,2,0,8
A-DENSEUAV-VITS-001,east_to_west,old_su,target_25_300941,True,288,105,94,36,58,7,4,164,58,2,36,16,4,1,7
A-DENSEUAV-VITS-001,east_to_west,old_su_guard,target_25_300941,True,288,58,38,38,0,14,6,207,0,4,38,19,6,0,14
A-DENSEUAV-VITS-001,east_to_west,current_margin,target_25_300941,True,288,49,34,15,19,12,3,191,19,3,15,44,3,1,12
A-DENSEUAV-VITS-001,east_to_west,current_margin_guard,target_25_300941,True,288,31,15,15,0,13,3,215,0,3,15,39,3,0,13
A-DENSEUAV-VITS-001,east_to_west,old_margin_guard,target_25_300941,True,288,53,35,35,0,14,4,210,0,6,35,19,4,0,14
A-DENSEUAV-VITS-001,east_to_west,sq8_margin_guard,target_25_300941,True,288,32,18,17,1,13,1,214,1,2,17,40,1,0,13
A-DENSEUAV-VITS-001,west_to_east,current_su,target_25_300942,True,100,26,17,10,7,8,1,70,7,2,10,2,1,0,8
A-DENSEUAV-VITS-001,west_to_east,current_su_guard,target_25_300942,True,100,19,11,11,0,7,1,77,0,2,11,2,1,0,7
A-DENSEUAV-VITS-001,west_to_east,old_su,target_25_300942,True,100,40,35,13,22,4,1,58,22,1,13,1,1,0,4
A-DENSEUAV-VITS-001,west_to_east,old_su_guard,target_25_300942,True,100,24,18,18,0,5,1,72,0,1,18,3,1,0,5
A-DENSEUAV-VITS-001,west_to_east,current_margin,target_25_300942,True,100,24,14,7,7,10,0,71,7,3,7,2,0,0,10
A-DENSEUAV-VITS-001,west_to_east,current_margin_guard,target_25_300942,True,100,21,8,8,0,12,1,73,0,3,8,3,1,0,12
A-DENSEUAV-VITS-001,west_to_east,old_margin_guard,target_25_300942,True,100,25,20,20,0,4,1,71,0,3,20,1,1,0,4
A-DENSEUAV-VITS-001,west_to_east,sq8_margin_guard,target_25_300942,True,100,25,12,12,0,13,0,71,0,1,12,3,0,0,13
A-DENSEUAV-VITS-001,east_to_west,current_su,target_25_300942,True,288,38,27,11,16,7,4,208,16,1,11,39,4,2,7
A-DENSEUAV-VITS-001,east_to_west,current_su_guard,target_25_300942,True,288,21,11,11,0,7,3,233,0,1,11,31,3,2,7
A-DENSEUAV-VITS-001,east_to_west,old_su,target_25_300942,True,288,93,81,35,46,7,5,176,46,3,35,15,5,1,7
A-DENSEUAV-VITS-001,east_to_west,old_su_guard,target_25_300942,True,288,47,27,27,0,14,6,219,0,5,27,16,6,1,14
A-DENSEUAV-VITS-001,east_to_west,current_margin,target_25_300942,True,288,41,32,15,17,4,5,208,17,1,15,38,5,0,4
A-DENSEUAV-VITS-001,east_to_west,current_margin_guard,target_25_300942,True,288,23,11,11,0,10,2,231,0,1,11,32,2,1,10
A-DENSEUAV-VITS-001,east_to_west,old_margin_guard,target_25_300942,True,288,45,28,28,0,12,5,221,0,4,28,16,5,2,12
A-DENSEUAV-VITS-001,east_to_west,sq8_margin_guard,target_25_300942,True,288,28,15,12,3,10,3,219,3,1,12,40,3,0,10
A-DENSEUAV-VITS-001,west_to_east,current_su,target_25_300943,True,100,20,15,10,5,5,0,73,5,1,10,5,0,1,5
A-DENSEUAV-VITS-001,west_to_east,current_su_guard,target_25_300943,True,100,14,7,7,0,6,1,81,0,1,7,4,1,0,6
A-DENSEUAV-VITS-001,west_to_east,old_su,target_25_300943,True,100,30,26,13,13,3,1,67,13,1,13,1,1,1,3
A-DENSEUAV-VITS-001,west_to_east,old_su_guard,target_25_300943,True,100,19,12,12,0,6,1,77,0,1,12,3,1,0,6
A-DENSEUAV-VITS-001,west_to_east,current_margin,target_25_300943,True,100,19,12,7,5,7,0,75,5,1,7,4,0,1,7
A-DENSEUAV-VITS-001,west_to_east,current_margin_guard,target_25_300943,True,100,14,5,5,0,9,0,81,0,1,5,4,0,0,9
A-DENSEUAV-VITS-001,west_to_east,old_margin_guard,target_25_300943,True,100,20,14,14,0,6,0,77,0,1,14,2,0,0,6
A-DENSEUAV-VITS-001,west_to_east,sq8_margin_guard,target_25_300943,True,100,16,6,5,1,10,0,79,1,0,5,5,0,0,10
A-DENSEUAV-VITS-001,east_to_west,current_su,target_25_300943,True,288,45,33,14,19,6,6,205,19,1,14,36,6,1,6
A-DENSEUAV-VITS-001,east_to_west,current_su_guard,target_25_300943,True,288,29,12,12,0,8,9,227,0,1,12,29,9,2,8
A-DENSEUAV-VITS-001,east_to_west,old_su,target_25_300943,True,288,104,91,38,53,7,6,169,53,0,38,14,6,1,7
A-DENSEUAV-VITS-001,east_to_west,old_su_guard,target_25_300943,True,288,54,35,35,0,12,7,216,0,0,35,17,7,1,12
A-DENSEUAV-VITS-001,east_to_west,current_margin,target_25_300943,True,288,43,35,14,21,3,5,203,21,1,14,39,5,2,3
A-DENSEUAV-VITS-001,east_to_west,current_margin_guard,target_25_300943,True,288,25,10,10,0,8,7,230,0,1,10,31,7,1,8
A-DENSEUAV-VITS-001,east_to_west,old_margin_guard,target_25_300943,True,288,48,33,33,0,11,4,218,0,1,33,19,4,2,11
A-DENSEUAV-VITS-001,east_to_west,sq8_margin_guard,target_25_300943,True,288,23,12,11,1,8,3,224,1,1,11,39,3,1,8
A-DENSEUAV-VITS-001,west_to_east,current_su,target_25_300944,True,100,26,18,13,5,7,1,71,5,0,13,3,1,0,7
A-DENSEUAV-VITS-001,west_to_east,current_su_guard,target_25_300944,True,100,23,13,13,0,8,2,75,0,0,13,2,2,0,8
A-DENSEUAV-VITS-001,west_to_east,old_su,target_25_300944,True,100,42,37,14,23,3,2,57,23,0,14,0,2,1,3
A-DENSEUAV-VITS-001,west_to_east,old_su_guard,target_25_300944,True,100,29,21,21,0,6,2,69,0,1,21,1,2,0,6
A-DENSEUAV-VITS-001,west_to_east,current_margin,target_25_300944,True,100,23,15,10,5,8,0,71,5,1,10,4,0,1,8
A-DENSEUAV-VITS-001,west_to_east,current_margin_guard,target_25_300944,True,100,20,9,9,0,9,2,74,0,1,9,5,2,0,9
A-DENSEUAV-VITS-001,west_to_east,old_margin_guard,target_25_300944,True,100,27,23,23,0,4,0,72,0,1,23,0,0,0,4
A-DENSEUAV-VITS-001,west_to_east,sq8_margin_guard,target_25_300944,True,100,22,11,11,0,11,0,73,0,0,11,5,0,0,11
A-DENSEUAV-VITS-001,east_to_west,current_su,target_25_300944,True,288,48,35,16,19,7,6,196,19,3,16,41,6,0,7
A-DENSEUAV-VITS-001,east_to_west,current_su_guard,target_25_300944,True,288,32,15,15,0,12,5,216,0,3,15,35,5,2,12
A-DENSEUAV-VITS-001,east_to_west,old_su,target_25_300944,True,288,111,97,36,61,7,7,161,61,2,36,13,7,1,7
A-DENSEUAV-VITS-001,east_to_west,old_su_guard,target_25_300944,True,288,56,34,34,0,16,6,207,0,7,34,17,6,1,16
A-DENSEUAV-VITS-001,east_to_west,current_margin,target_25_300944,True,288,50,41,13,28,3,6,194,28,2,13,41,6,1,3
A-DENSEUAV-VITS-001,east_to_west,current_margin_guard,target_25_300944,True,288,27,16,16,0,7,4,217,0,5,16,38,4,1,7
A-DENSEUAV-VITS-001,east_to_west,old_margin_guard,target_25_300944,True,288,48,33,33,0,14,1,213,0,8,33,18,1,1,14
A-DENSEUAV-VITS-001,east_to_west,sq8_margin_guard,target_25_300944,True,288,27,15,15,0,8,4,213,0,2,15,45,4,1,8
A-DENSEUAV-VITS-001,west_to_east,current_su,target_25_300945,True,100,25,18,9,9,7,0,70,9,1,9,4,0,0,7
A-DENSEUAV-VITS-001,west_to_east,current_su_guard,target_25_300945,True,100,20,9,9,0,11,0,74,0,2,9,4,0,0,11
A-DENSEUAV-VITS-001,west_to_east,old_su,target_25_300945,True,100,37,33,12,21,4,0,59,21,2,12,2,0,0,4
A-DENSEUAV-VITS-001,west_to_east,old_su_guard,target_25_300945,True,100,27,18,18,0,8,1,67,0,2,18,4,1,0,8
A-DENSEUAV-VITS-001,west_to_east,current_margin,target_25_300945,True,100,23,15,6,9,8,0,73,9,1,6,3,0,0,8
A-DENSEUAV-VITS-001,west_to_east,current_margin_guard,target_25_300945,True,100,18,9,9,0,9,0,78,0,1,9,3,0,0,9
A-DENSEUAV-VITS-001,west_to_east,old_margin_guard,target_25_300945,True,100,26,20,20,0,6,0,69,0,3,20,2,0,0,6
A-DENSEUAV-VITS-001,west_to_east,sq8_margin_guard,target_25_300945,True,100,20,12,11,1,8,0,76,1,1,11,3,0,0,8
A-DENSEUAV-VITS-001,east_to_west,current_su,target_25_300945,True,288,40,25,13,12,10,5,206,12,0,13,42,5,0,10
A-DENSEUAV-VITS-001,east_to_west,current_su_guard,target_25_300945,True,288,27,13,13,0,9,5,219,0,2,13,39,5,1,9
A-DENSEUAV-VITS-001,east_to_west,old_su,target_25_300945,True,288,92,81,35,46,8,3,176,46,3,35,17,3,0,8
A-DENSEUAV-VITS-001,east_to_west,old_su_guard,target_25_300945,True,288,49,33,33,0,13,3,213,0,6,33,18,3,2,13
A-DENSEUAV-VITS-001,east_to_west,current_margin,target_25_300945,True,288,47,35,15,20,6,6,195,20,1,15,45,6,0,6
A-DENSEUAV-VITS-001,east_to_west,current_margin_guard,target_25_300945,True,288,28,12,12,0,9,7,216,0,3,12,41,7,0,9
A-DENSEUAV-VITS-001,east_to_west,old_margin_guard,target_25_300945,True,288,51,34,34,0,13,4,214,0,5,34,18,4,0,13
A-DENSEUAV-VITS-001,east_to_west,sq8_margin_guard,target_25_300945,True,288,27,16,15,1,8,3,214,1,1,15,46,3,0,8
A-DENSEUAV-VITS-001,west_to_east,current_su,target_25_300946,True,100,25,17,11,6,8,0,69,6,1,11,4,0,1,8
A-DENSEUAV-VITS-001,west_to_east,current_su_guard,target_25_300946,True,100,17,7,7,0,10,0,78,0,2,7,3,0,0,10
A-DENSEUAV-VITS-001,west_to_east,old_su,target_25_300946,True,100,34,31,13,18,3,0,62,18,1,13,2,0,1,3
A-DENSEUAV-VITS-001,west_to_east,old_su_guard,target_25_300946,True,100,19,14,14,0,5,0,77,0,1,14,3,0,0,5
A-DENSEUAV-VITS-001,west_to_east,current_margin,target_25_300946,True,100,20,12,9,3,8,0,74,3,1,9,5,0,0,8
A-DENSEUAV-VITS-001,west_to_east,current_margin_guard,target_25_300946,True,100,14,5,5,0,9,0,80,0,2,5,4,0,0,9
A-DENSEUAV-VITS-001,west_to_east,old_margin_guard,target_25_300946,True,100,22,17,17,0,5,0,75,0,1,17,2,0,0,5
A-DENSEUAV-VITS-001,west_to_east,sq8_margin_guard,target_25_300946,True,100,15,7,7,0,8,0,79,0,0,7,6,0,0,8
A-DENSEUAV-VITS-001,east_to_west,current_su,target_25_300946,True,288,41,33,15,18,6,2,207,18,0,15,40,2,0,6
A-DENSEUAV-VITS-001,east_to_west,current_su_guard,target_25_300946,True,288,24,15,15,0,6,3,225,0,0,15,39,3,0,6
A-DENSEUAV-VITS-001,east_to_west,old_su,target_25_300946,True,288,103,91,35,56,8,4,166,56,3,35,16,4,0,8
A-DENSEUAV-VITS-001,east_to_west,old_su_guard,target_25_300946,True,288,52,34,34,0,13,5,212,0,4,34,19,5,1,13
A-DENSEUAV-VITS-001,east_to_west,current_margin,target_25_300946,True,288,48,37,16,21,6,5,197,21,2,16,41,5,0,6
A-DENSEUAV-VITS-001,east_to_west,current_margin_guard,target_25_300946,True,288,25,12,12,0,8,5,218,0,3,12,41,5,1,8
A-DENSEUAV-VITS-001,east_to_west,old_margin_guard,target_25_300946,True,288,52,32,32,0,12,8,219,0,4,32,12,8,1,12
A-DENSEUAV-VITS-001,east_to_west,sq8_margin_guard,target_25_300946,True,288,27,18,13,5,6,3,213,5,3,13,45,3,0,6
A-DENSEUAV-VITS-001,west_to_east,current_su,target_25_300947,True,100,27,17,10,7,9,1,68,7,2,10,3,1,0,9
A-DENSEUAV-VITS-001,west_to_east,current_su_guard,target_25_300947,True,100,20,9,9,0,9,2,75,0,2,9,3,2,0,9
A-DENSEUAV-VITS-001,west_to_east,old_su,target_25_300947,True,100,35,31,12,19,3,1,61,19,2,12,1,1,1,3
A-DENSEUAV-VITS-001,west_to_east,old_su_guard,target_25_300947,True,100,23,15,15,0,7,1,71,0,3,15,3,1,0,7
A-DENSEUAV-VITS-001,west_to_east,current_margin,target_25_300947,True,100,24,13,6,7,11,0,70,7,1,6,5,0,0,11
A-DENSEUAV-VITS-001,west_to_east,current_margin_guard,target_25_300947,True,100,21,7,7,0,13,1,75,0,1,7,3,1,0,13
A-DENSEUAV-VITS-001,west_to_east,old_margin_guard,target_25_300947,True,100,23,17,17,0,6,0,72,0,3,17,2,0,0,6
A-DENSEUAV-VITS-001,west_to_east,sq8_margin_guard,target_25_300947,True,100,22,7,7,0,14,1,72,0,0,7,6,1,0,14
A-DENSEUAV-VITS-001,east_to_west,current_su,target_25_300947,True,288,40,29,15,14,7,4,210,14,2,15,35,4,1,7
A-DENSEUAV-VITS-001,east_to_west,current_su_guard,target_25_300947,True,288,26,15,15,0,8,3,228,0,2,15,32,3,0,8
A-DENSEUAV-VITS-001,east_to_west,old_su,target_25_300947,True,288,106,90,36,54,8,8,168,54,2,36,12,8,0,8
A-DENSEUAV-VITS-001,east_to_west,old_su_guard,target_25_300947,True,288,53,35,35,0,13,5,215,0,5,35,15,5,0,13
A-DENSEUAV-VITS-001,east_to_west,current_margin,target_25_300947,True,288,46,33,12,21,5,8,201,21,3,12,38,8,0,5
A-DENSEUAV-VITS-001,east_to_west,current_margin_guard,target_25_300947,True,288,22,9,9,0,7,6,229,0,4,9,33,6,0,7
A-DENSEUAV-VITS-001,east_to_west,old_margin_guard,target_25_300947,True,288,50,34,34,0,11,5,217,0,5,34,16,5,0,11
A-DENSEUAV-VITS-001,east_to_west,sq8_margin_guard,target_25_300947,True,288,26,13,11,2,9,4,218,2,3,11,41,4,0,9
A-DENSEUAV-VITS-001,west_to_east,current_su,target_25_300948,True,100,30,22,11,11,8,0,66,11,1,11,3,0,0,8
A-DENSEUAV-VITS-001,west_to_east,current_su_guard,target_25_300948,True,100,21,11,11,0,10,0,73,0,2,11,4,0,0,10
A-DENSEUAV-VITS-001,west_to_east,old_su,target_25_300948,True,100,37,33,12,21,4,0,59,21,2,12,2,0,0,4
A-DENSEUAV-VITS-001,west_to_east,old_su_guard,target_25_300948,True,100,24,15,15,0,9,0,70,0,2,15,4,0,0,9
A-DENSEUAV-VITS-001,west_to_east,current_margin,target_25_300948,True,100,27,17,7,10,10,0,68,10,1,7,4,0,0,10
A-DENSEUAV-VITS-001,west_to_east,current_margin_guard,target_25_300948,True,100,22,9,9,0,13,0,71,0,1,9,6,0,0,13
A-DENSEUAV-VITS-001,west_to_east,old_margin_guard,target_25_300948,True,100,26,19,19,0,7,0,70,0,2,19,2,0,0,7
A-DENSEUAV-VITS-001,west_to_east,sq8_margin_guard,target_25_300948,True,100,26,12,11,1,14,0,68,1,0,11,6,0,0,14
A-DENSEUAV-VITS-001,east_to_west,current_su,target_25_300948,True,288,42,35,14,21,4,3,206,21,3,14,37,3,0,4
A-DENSEUAV-VITS-001,east_to_west,current_su_guard,target_25_300948,True,288,22,14,14,0,5,3,227,0,5,14,34,3,0,5
A-DENSEUAV-VITS-001,east_to_west,old_su,target_25_300948,True,288,99,90,36,54,7,2,168,54,2,36,18,2,1,7
A-DENSEUAV-VITS-001,east_to_west,old_su_guard,target_25_300948,True,288,54,35,35,0,14,5,210,0,3,35,20,5,1,14
A-DENSEUAV-VITS-001,east_to_west,current_margin,target_25_300948,True,288,42,34,13,21,3,5,207,21,4,13,35,5,0,3
A-DENSEUAV-VITS-001,east_to_west,current_margin_guard,target_25_300948,True,288,23,12,12,0,6,5,226,0,5,12,33,5,1,6
A-DENSEUAV-VITS-001,east_to_west,old_margin_guard,target_25_300948,True,288,57,35,35,0,15,7,211,0,5,35,15,7,0,15
A-DENSEUAV-VITS-001,east_to_west,sq8_margin_guard,target_25_300948,True,288,26,14,11,3,7,5,220,3,3,11,39,5,0,7
A-DENSEUAV-VITS-001,west_to_east,current_su,target_25_300949,True,100,25,17,12,5,8,0,71,5,0,12,4,0,0,8
A-DENSEUAV-VITS-001,west_to_east,current_su_guard,target_25_300949,True,100,20,11,11,0,9,0,75,0,0,11,5,0,0,9
A-DENSEUAV-VITS-001,west_to_east,old_su,target_25_300949,True,100,39,36,13,23,3,0,57,23,1,13,2,0,1,3
A-DENSEUAV-VITS-001,west_to_east,old_su_guard,target_25_300949,True,100,28,20,20,0,7,1,68,0,1,20,3,1,0,7
A-DENSEUAV-VITS-001,west_to_east,current_margin,target_25_300949,True,100,23,14,10,4,8,1,72,4,0,10,4,1,1,8
A-DENSEUAV-VITS-001,west_to_east,current_margin_guard,target_25_300949,True,100,21,9,9,0,11,1,74,0,0,9,5,1,0,11
A-DENSEUAV-VITS-001,west_to_east,old_margin_guard,target_25_300949,True,100,28,22,22,0,5,1,70,0,1,22,1,1,0,5
A-DENSEUAV-VITS-001,west_to_east,sq8_margin_guard,target_25_300949,True,100,19,10,9,1,9,0,76,1,0,9,5,0,0,9
A-DENSEUAV-VITS-001,east_to_west,current_su,target_25_300949,True,288,36,26,15,11,6,4,211,11,1,15,40,4,0,6
A-DENSEUAV-VITS-001,east_to_west,current_su_guard,target_25_300949,True,288,24,11,11,0,9,4,232,0,1,11,31,4,0,9
A-DENSEUAV-VITS-001,east_to_west,old_su,target_25_300949,True,288,94,85,36,49,7,2,173,49,2,36,18,2,1,7
A-DENSEUAV-VITS-001,east_to_west,old_su_guard,target_25_300949,True,288,49,31,31,0,13,5,221,0,3,31,15,5,0,13
A-DENSEUAV-VITS-001,east_to_west,current_margin,target_25_300949,True,288,40,33,13,20,2,5,207,20,1,13,39,5,1,2
A-DENSEUAV-VITS-001,east_to_west,current_margin_guard,target_25_300949,True,288,23,11,11,0,8,4,231,0,2,11,32,4,0,8
A-DENSEUAV-VITS-001,east_to_west,old_margin_guard,target_25_300949,True,288,43,31,31,0,8,4,225,0,3,31,17,4,0,8
A-DENSEUAV-VITS-001,east_to_west,sq8_margin_guard,target_25_300949,True,288,26,13,11,2,9,4,222,2,2,11,38,4,0,9
